Analysis & Synthesis report for smg_disp
Sun Oct 19 22:53:29 2025
Quartus Prime Version 18.1.0 Build 625 09/12/2018 SJ Standard Edition


---------------------
; Table of Contents ;
---------------------
  1. Legal Notice
  2. Analysis & Synthesis Summary
  3. Analysis & Synthesis Settings
  4. Parallel Compilation
  5. Analysis & Synthesis Source Files Read
  6. Analysis & Synthesis Resource Usage Summary
  7. Analysis & Synthesis Resource Utilization by Entity
  8. Analysis & Synthesis RAM Summary
  9. Analysis & Synthesis IP Cores Summary
 10. Registers Removed During Synthesis
 11. General Register Statistics
 12. Inverted Register Statistics
 13. Source assignments for sld_signaltap:auto_signaltap_0
 14. Parameter Settings for Inferred Entity Instance: sld_signaltap:auto_signaltap_0
 15. Signal Tap Logic Analyzer Settings
 16. Post-Synthesis Netlist Statistics for Top Partition
 17. Elapsed Time Per Partition
 18. Connections to In-System Debugging Instance "auto_signaltap_0"
 19. Analysis & Synthesis Messages



----------------
; Legal Notice ;
----------------
Copyright (C) 2018  Intel Corporation. All rights reserved.
Your use of Intel Corporation's design tools, logic functions 
and other software and tools, and its AMPP partner logic 
functions, and any output files from any of the foregoing 
(including device programming or simulation files), and any 
associated documentation or information are expressly subject 
to the terms and conditions of the Intel Program License 
Subscription Agreement, the Intel Quartus Prime License Agreement,
the Intel FPGA IP License Agreement, or other applicable license
agreement, including, without limitation, that your use is for
the sole purpose of programming logic devices manufactured by
Intel and sold by Intel or its authorized distributors.  Please
refer to the applicable agreement for further details.



+--------------------------------------------------------------------------------------+
; Analysis & Synthesis Summary                                                         ;
+------------------------------------+-------------------------------------------------+
; Analysis & Synthesis Status        ; Successful - Sun Oct 19 22:53:29 2025           ;
; Quartus Prime Version              ; 18.1.0 Build 625 09/12/2018 SJ Standard Edition ;
; Revision Name                      ; smg_disp                                        ;
; Top-level Entity Name              ; smg_disp_de115                                  ;
; Family                             ; Cyclone IV E                                    ;
; Total logic elements               ; 623                                             ;
;     Total combinational functions  ; 439                                             ;
;     Dedicated logic registers      ; 445                                             ;
; Total registers                    ; 445                                             ;
; Total pins                         ; 8                                               ;
; Total virtual pins                 ; 0                                               ;
; Total memory bits                  ; 896                                             ;
; Embedded Multiplier 9-bit elements ; 0                                               ;
; Total PLLs                         ; 0                                               ;
+------------------------------------+-------------------------------------------------+


+------------------------------------------------------------------------------------------------------------+
; Analysis & Synthesis Settings                                                                              ;
+------------------------------------------------------------------+--------------------+--------------------+
; Option                                                           ; Setting            ; Default Value      ;
+------------------------------------------------------------------+--------------------+--------------------+
; Device                                                           ; EP4CE115F29C7      ;                    ;
; Top-level entity name                                            ; smg_disp_de115     ; smg_disp           ;
; Family name                                                      ; Cyclone IV E       ; Cyclone V          ;
; Use smart compilation                                            ; Off                ; Off                ;
; Enable parallel Assembler and Timing Analyzer during compilation ; On                 ; On                 ;
; Enable compact report table                                      ; Off                ; Off                ;
; Restructure Multiplexers                                         ; Auto               ; Auto               ;
; Create Debugging Nodes for IP Cores                              ; Off                ; Off                ;
; Preserve fewer node names                                        ; On                 ; On                 ;
; Intel FPGA IP Evaluation Mode                                    ; Enable             ; Enable             ;
; Verilog Version                                                  ; Verilog_2001       ; Verilog_2001       ;
; VHDL Version                                                     ; VHDL_1993          ; VHDL_1993          ;
; State Machine Processing                                         ; Auto               ; Auto               ;
; Safe State Machine                                               ; Off                ; Off                ;
; Extract Verilog State Machines                                   ; On                 ; On                 ;
; Extract VHDL State Machines                                      ; On                 ; On                 ;
; Ignore Verilog initial constructs                                ; Off                ; Off                ;
; Iteration limit for constant Verilog loops                       ; 5000               ; 5000               ;
; Iteration limit for non-constant Verilog loops                   ; 250                ; 250                ;
; Add Pass-Through Logic to Inferred RAMs                          ; On                 ; On                 ;
; Infer RAMs from Raw Logic                                        ; On                 ; On                 ;
; Parallel Synthesis                                               ; On                 ; On                 ;
; DSP Block Balancing                                              ; Auto               ; Auto               ;
; NOT Gate Push-Back                                               ; On                 ; On                 ;
; Power-Up Don't Care                                              ; On                 ; On                 ;
; Remove Redundant Logic Cells                                     ; Off                ; Off                ;
; Remove Duplicate Registers                                       ; On                 ; On                 ;
; Ignore CARRY Buffers                                             ; Off                ; Off                ;
; Ignore CASCADE Buffers                                           ; Off                ; Off                ;
; Ignore GLOBAL Buffers                                            ; Off                ; Off                ;
; Ignore ROW GLOBAL Buffers                                        ; Off                ; Off                ;
; Ignore LCELL Buffers                                             ; Off                ; Off                ;
; Ignore SOFT Buffers                                              ; On                 ; On                 ;
; Limit AHDL Integers to 32 Bits                                   ; Off                ; Off                ;
; Optimization Technique                                           ; Balanced           ; Balanced           ;
; Carry Chain Length                                               ; 70                 ; 70                 ;
; Auto Carry Chains                                                ; On                 ; On                 ;
; Auto Open-Drain Pins                                             ; On                 ; On                 ;
; Perform WYSIWYG Primitive Resynthesis                            ; Off                ; Off                ;
; Auto ROM Replacement                                             ; On                 ; On                 ;
; Auto RAM Replacement                                             ; On                 ; On                 ;
; Auto DSP Block Replacement                                       ; On                 ; On                 ;
; Auto Shift Register Replacement                                  ; Auto               ; Auto               ;
; Allow Shift Register Merging across Hierarchies                  ; Auto               ; Auto               ;
; Auto Clock Enable Replacement                                    ; On                 ; On                 ;
; Strict RAM Replacement                                           ; Off                ; Off                ;
; Allow Synchronous Control Signals                                ; On                 ; On                 ;
; Force Use of Synchronous Clear Signals                           ; Off                ; Off                ;
; Auto RAM Block Balancing                                         ; On                 ; On                 ;
; Auto RAM to Logic Cell Conversion                                ; Off                ; Off                ;
; Auto Resource Sharing                                            ; Off                ; Off                ;
; Allow Any RAM Size For Recognition                               ; Off                ; Off                ;
; Allow Any ROM Size For Recognition                               ; Off                ; Off                ;
; Allow Any Shift Register Size For Recognition                    ; Off                ; Off                ;
; Use LogicLock Constraints during Resource Balancing              ; On                 ; On                 ;
; Ignore translate_off and synthesis_off directives                ; Off                ; Off                ;
; Timing-Driven Synthesis                                          ; On                 ; On                 ;
; Report Parameter Settings                                        ; On                 ; On                 ;
; Report Source Assignments                                        ; On                 ; On                 ;
; Report Connectivity Checks                                       ; On                 ; On                 ;
; Ignore Maximum Fan-Out Assignments                               ; Off                ; Off                ;
; Synchronization Register Chain Length                            ; 2                  ; 2                  ;
; Power Optimization During Synthesis                              ; Normal compilation ; Normal compilation ;
; HDL message level                                                ; Level2             ; Level2             ;
; Suppress Register Optimization Related Messages                  ; Off                ; Off                ;
; Number of Removed Registers Reported in Synthesis Report         ; 5000               ; 5000               ;
; Number of Swept Nodes Reported in Synthesis Report               ; 5000               ; 5000               ;
; Number of Inverted Registers Reported in Synthesis Report        ; 100                ; 100                ;
; Clock MUX Protection                                             ; On                 ; On                 ;
; Auto Gated Clock Conversion                                      ; Off                ; Off                ;
; Block Design Naming                                              ; Auto               ; Auto               ;
; SDC constraint protection                                        ; Off                ; Off                ;
; Synthesis Effort                                                 ; Auto               ; Auto               ;
; Shift Register Replacement - Allow Asynchronous Clear Signal     ; On                 ; On                 ;
; Pre-Mapping Resynthesis Optimization                             ; Off                ; Off                ;
; Analysis & Synthesis Message Level                               ; Medium             ; Medium             ;
; Disable Register Merging Across Hierarchies                      ; Auto               ; Auto               ;
; Resource Aware Inference For Block RAM                           ; On                 ; On                 ;
+------------------------------------------------------------------+--------------------+--------------------+


+------------------------------------------+
; Parallel Compilation                     ;
+----------------------------+-------------+
; Processors                 ; Number      ;
+----------------------------+-------------+
; Number detected on machine ; 16          ;
; Maximum allowed            ; 16          ;
;                            ;             ;
; Average used               ; 1.00        ;
; Maximum used               ; 1           ;
;                            ;             ;
; Usage by Processor         ; % Time Used ;
;     Processor 1            ; 100.0%      ;
+----------------------------+-------------+


+-----------------------------------------------------------------------------------------------------------------------------------------------------------------------------------------------------------------------------------------------------------------------+
; Analysis & Synthesis Source Files Read                                                                                                                                                                                                                                ;
+--------------------------------------------------------------------+-----------------+----------------------------------------------+-------------------------------------------------------------------------------------------------------------------+-------------+
; File Name with User-Entered Path                                   ; Used in Netlist ; File Type                                    ; File Name with Absolute Path                                                                                      ; Library     ;
+--------------------------------------------------------------------+-----------------+----------------------------------------------+-------------------------------------------------------------------------------------------------------------------+-------------+
; smg_disp_de115.v                                                   ; yes             ; User Verilog HDL File                        ; D:/FPGA_Restart/FPGA_Projects20250804/Smg_disp/smg_disp_de115.v                                                   ;             ;
; sld_signaltap.vhd                                                  ; yes             ; Megafunction                                 ; c:/intelfpga/18.1/quartus/libraries/megafunctions/sld_signaltap.vhd                                               ;             ;
; sld_signaltap_impl.vhd                                             ; yes             ; Encrypted Megafunction                       ; c:/intelfpga/18.1/quartus/libraries/megafunctions/sld_signaltap_impl.vhd                                          ;             ;
; sld_ela_control.vhd                                                ; yes             ; Encrypted Megafunction                       ; c:/intelfpga/18.1/quartus/libraries/megafunctions/sld_ela_control.vhd                                             ;             ;
; lpm_shiftreg.tdf                                                   ; yes             ; Megafunction                                 ; c:/intelfpga/18.1/quartus/libraries/megafunctions/lpm_shiftreg.tdf                                                ;             ;
; lpm_constant.inc                                                   ; yes             ; Megafunction                                 ; c:/intelfpga/18.1/quartus/libraries/megafunctions/lpm_constant.inc                                                ;             ;
; dffeea.inc                                                         ; yes             ; Megafunction                                 ; c:/intelfpga/18.1/quartus/libraries/megafunctions/dffeea.inc                                                      ;             ;
; aglobal181.inc                                                     ; yes             ; Megafunction                                 ; c:/intelfpga/18.1/quartus/libraries/megafunctions/aglobal181.inc                                                  ;             ;
; sld_mbpmg.vhd                                                      ; yes             ; Encrypted Megafunction                       ; c:/intelfpga/18.1/quartus/libraries/megafunctions/sld_mbpmg.vhd                                                   ;             ;
; sld_ela_trigger_flow_mgr.vhd                                       ; yes             ; Encrypted Megafunction                       ; c:/intelfpga/18.1/quartus/libraries/megafunctions/sld_ela_trigger_flow_mgr.vhd                                    ;             ;
; sld_buffer_manager.vhd                                             ; yes             ; Encrypted Megafunction                       ; c:/intelfpga/18.1/quartus/libraries/megafunctions/sld_buffer_manager.vhd                                          ;             ;
; altsyncram.tdf                                                     ; yes             ; Megafunction                                 ; c:/intelfpga/18.1/quartus/libraries/megafunctions/altsyncram.tdf                                                  ;             ;
; stratix_ram_block.inc                                              ; yes             ; Megafunction                                 ; c:/intelfpga/18.1/quartus/libraries/megafunctions/stratix_ram_block.inc                                           ;             ;
; lpm_mux.inc                                                        ; yes             ; Megafunction                                 ; c:/intelfpga/18.1/quartus/libraries/megafunctions/lpm_mux.inc                                                     ;             ;
; lpm_decode.inc                                                     ; yes             ; Megafunction                                 ; c:/intelfpga/18.1/quartus/libraries/megafunctions/lpm_decode.inc                                                  ;             ;
; a_rdenreg.inc                                                      ; yes             ; Megafunction                                 ; c:/intelfpga/18.1/quartus/libraries/megafunctions/a_rdenreg.inc                                                   ;             ;
; altrom.inc                                                         ; yes             ; Megafunction                                 ; c:/intelfpga/18.1/quartus/libraries/megafunctions/altrom.inc                                                      ;             ;
; altram.inc                                                         ; yes             ; Megafunction                                 ; c:/intelfpga/18.1/quartus/libraries/megafunctions/altram.inc                                                      ;             ;
; altdpram.inc                                                       ; yes             ; Megafunction                                 ; c:/intelfpga/18.1/quartus/libraries/megafunctions/altdpram.inc                                                    ;             ;
; db/altsyncram_4224.tdf                                             ; yes             ; Auto-Generated Megafunction                  ; D:/FPGA_Restart/FPGA_Projects20250804/Smg_disp/db/altsyncram_4224.tdf                                             ;             ;
; altdpram.tdf                                                       ; yes             ; Megafunction                                 ; c:/intelfpga/18.1/quartus/libraries/megafunctions/altdpram.tdf                                                    ;             ;
; memmodes.inc                                                       ; yes             ; Megafunction                                 ; c:/intelfpga/18.1/quartus/libraries/others/maxplus2/memmodes.inc                                                  ;             ;
; a_hdffe.inc                                                        ; yes             ; Megafunction                                 ; c:/intelfpga/18.1/quartus/libraries/megafunctions/a_hdffe.inc                                                     ;             ;
; alt_le_rden_reg.inc                                                ; yes             ; Megafunction                                 ; c:/intelfpga/18.1/quartus/libraries/megafunctions/alt_le_rden_reg.inc                                             ;             ;
; altsyncram.inc                                                     ; yes             ; Megafunction                                 ; c:/intelfpga/18.1/quartus/libraries/megafunctions/altsyncram.inc                                                  ;             ;
; lpm_mux.tdf                                                        ; yes             ; Megafunction                                 ; c:/intelfpga/18.1/quartus/libraries/megafunctions/lpm_mux.tdf                                                     ;             ;
; muxlut.inc                                                         ; yes             ; Megafunction                                 ; c:/intelfpga/18.1/quartus/libraries/megafunctions/muxlut.inc                                                      ;             ;
; bypassff.inc                                                       ; yes             ; Megafunction                                 ; c:/intelfpga/18.1/quartus/libraries/megafunctions/bypassff.inc                                                    ;             ;
; altshift.inc                                                       ; yes             ; Megafunction                                 ; c:/intelfpga/18.1/quartus/libraries/megafunctions/altshift.inc                                                    ;             ;
; db/mux_ssc.tdf                                                     ; yes             ; Auto-Generated Megafunction                  ; D:/FPGA_Restart/FPGA_Projects20250804/Smg_disp/db/mux_ssc.tdf                                                     ;             ;
; lpm_decode.tdf                                                     ; yes             ; Megafunction                                 ; c:/intelfpga/18.1/quartus/libraries/megafunctions/lpm_decode.tdf                                                  ;             ;
; declut.inc                                                         ; yes             ; Megafunction                                 ; c:/intelfpga/18.1/quartus/libraries/megafunctions/declut.inc                                                      ;             ;
; lpm_compare.inc                                                    ; yes             ; Megafunction                                 ; c:/intelfpga/18.1/quartus/libraries/megafunctions/lpm_compare.inc                                                 ;             ;
; db/decode_dvf.tdf                                                  ; yes             ; Auto-Generated Megafunction                  ; D:/FPGA_Restart/FPGA_Projects20250804/Smg_disp/db/decode_dvf.tdf                                                  ;             ;
; lpm_counter.tdf                                                    ; yes             ; Megafunction                                 ; c:/intelfpga/18.1/quartus/libraries/megafunctions/lpm_counter.tdf                                                 ;             ;
; lpm_add_sub.inc                                                    ; yes             ; Megafunction                                 ; c:/intelfpga/18.1/quartus/libraries/megafunctions/lpm_add_sub.inc                                                 ;             ;
; cmpconst.inc                                                       ; yes             ; Megafunction                                 ; c:/intelfpga/18.1/quartus/libraries/megafunctions/cmpconst.inc                                                    ;             ;
; lpm_counter.inc                                                    ; yes             ; Megafunction                                 ; c:/intelfpga/18.1/quartus/libraries/megafunctions/lpm_counter.inc                                                 ;             ;
; alt_counter_stratix.inc                                            ; yes             ; Megafunction                                 ; c:/intelfpga/18.1/quartus/libraries/megafunctions/alt_counter_stratix.inc                                         ;             ;
; db/cntr_uei.tdf                                                    ; yes             ; Auto-Generated Megafunction                  ; D:/FPGA_Restart/FPGA_Projects20250804/Smg_disp/db/cntr_uei.tdf                                                    ;             ;
; db/cmpr_pgc.tdf                                                    ; yes             ; Auto-Generated Megafunction                  ; D:/FPGA_Restart/FPGA_Projects20250804/Smg_disp/db/cmpr_pgc.tdf                                                    ;             ;
; db/cntr_i6j.tdf                                                    ; yes             ; Auto-Generated Megafunction                  ; D:/FPGA_Restart/FPGA_Projects20250804/Smg_disp/db/cntr_i6j.tdf                                                    ;             ;
; db/cntr_egi.tdf                                                    ; yes             ; Auto-Generated Megafunction                  ; D:/FPGA_Restart/FPGA_Projects20250804/Smg_disp/db/cntr_egi.tdf                                                    ;             ;
; db/cmpr_qgc.tdf                                                    ; yes             ; Auto-Generated Megafunction                  ; D:/FPGA_Restart/FPGA_Projects20250804/Smg_disp/db/cmpr_qgc.tdf                                                    ;             ;
; db/cntr_23j.tdf                                                    ; yes             ; Auto-Generated Megafunction                  ; D:/FPGA_Restart/FPGA_Projects20250804/Smg_disp/db/cntr_23j.tdf                                                    ;             ;
; db/cmpr_ngc.tdf                                                    ; yes             ; Auto-Generated Megafunction                  ; D:/FPGA_Restart/FPGA_Projects20250804/Smg_disp/db/cmpr_ngc.tdf                                                    ;             ;
; sld_rom_sr.vhd                                                     ; yes             ; Encrypted Megafunction                       ; c:/intelfpga/18.1/quartus/libraries/megafunctions/sld_rom_sr.vhd                                                  ;             ;
; sld_jtag_endpoint_adapter.vhd                                      ; yes             ; Encrypted Megafunction                       ; c:/intelfpga/18.1/quartus/libraries/megafunctions/sld_jtag_endpoint_adapter.vhd                                   ;             ;
; sld_jtag_endpoint_adapter_impl.sv                                  ; yes             ; Encrypted Megafunction                       ; c:/intelfpga/18.1/quartus/libraries/megafunctions/sld_jtag_endpoint_adapter_impl.sv                               ;             ;
; sld_hub.vhd                                                        ; yes             ; Encrypted Megafunction                       ; c:/intelfpga/18.1/quartus/libraries/megafunctions/sld_hub.vhd                                                     ; altera_sld  ;
; db/ip/sld0c0d3891/alt_sld_fab.v                                    ; yes             ; Encrypted Auto-Found Verilog HDL File        ; D:/FPGA_Restart/FPGA_Projects20250804/Smg_disp/db/ip/sld0c0d3891/alt_sld_fab.v                                    ; alt_sld_fab ;
; db/ip/sld0c0d3891/submodules/alt_sld_fab_alt_sld_fab.v             ; yes             ; Encrypted Auto-Found Verilog HDL File        ; D:/FPGA_Restart/FPGA_Projects20250804/Smg_disp/db/ip/sld0c0d3891/submodules/alt_sld_fab_alt_sld_fab.v             ; alt_sld_fab ;
; db/ip/sld0c0d3891/submodules/alt_sld_fab_alt_sld_fab_ident.sv      ; yes             ; Auto-Found SystemVerilog HDL File            ; D:/FPGA_Restart/FPGA_Projects20250804/Smg_disp/db/ip/sld0c0d3891/submodules/alt_sld_fab_alt_sld_fab_ident.sv      ; alt_sld_fab ;
; db/ip/sld0c0d3891/submodules/alt_sld_fab_alt_sld_fab_presplit.sv   ; yes             ; Encrypted Auto-Found SystemVerilog HDL File  ; D:/FPGA_Restart/FPGA_Projects20250804/Smg_disp/db/ip/sld0c0d3891/submodules/alt_sld_fab_alt_sld_fab_presplit.sv   ; alt_sld_fab ;
; db/ip/sld0c0d3891/submodules/alt_sld_fab_alt_sld_fab_sldfabric.vhd ; yes             ; Encrypted Auto-Found VHDL File               ; D:/FPGA_Restart/FPGA_Projects20250804/Smg_disp/db/ip/sld0c0d3891/submodules/alt_sld_fab_alt_sld_fab_sldfabric.vhd ; alt_sld_fab ;
; db/ip/sld0c0d3891/submodules/alt_sld_fab_alt_sld_fab_splitter.sv   ; yes             ; Encrypted Auto-Found SystemVerilog HDL File  ; D:/FPGA_Restart/FPGA_Projects20250804/Smg_disp/db/ip/sld0c0d3891/submodules/alt_sld_fab_alt_sld_fab_splitter.sv   ; alt_sld_fab ;
; sld_jtag_hub.vhd                                                   ; yes             ; Encrypted Megafunction                       ; c:/intelfpga/18.1/quartus/libraries/megafunctions/sld_jtag_hub.vhd                                                ;             ;
+--------------------------------------------------------------------+-----------------+----------------------------------------------+-------------------------------------------------------------------------------------------------------------------+-------------+


+------------------------------------------------------------------------+
; Analysis & Synthesis Resource Usage Summary                            ;
+---------------------------------------------+--------------------------+
; Resource                                    ; Usage                    ;
+---------------------------------------------+--------------------------+
; Estimated Total logic elements              ; 623                      ;
;                                             ;                          ;
; Total combinational functions               ; 439                      ;
; Logic element usage by number of LUT inputs ;                          ;
;     -- 4 input functions                    ; 182                      ;
;     -- 3 input functions                    ; 127                      ;
;     -- <=2 input functions                  ; 130                      ;
;                                             ;                          ;
; Logic elements by mode                      ;                          ;
;     -- normal mode                          ; 367                      ;
;     -- arithmetic mode                      ; 72                       ;
;                                             ;                          ;
; Total registers                             ; 445                      ;
;     -- Dedicated logic registers            ; 445                      ;
;     -- I/O registers                        ; 0                        ;
;                                             ;                          ;
; I/O pins                                    ; 8                        ;
; Total memory bits                           ; 896                      ;
;                                             ;                          ;
; Embedded Multiplier 9-bit elements          ; 0                        ;
;                                             ;                          ;
; Maximum fan-out node                        ; altera_internal_jtag~TDO ;
; Maximum fan-out                             ; 320                      ;
; Total fan-out                               ; 2970                     ;
; Average fan-out                             ; 3.24                     ;
+---------------------------------------------+--------------------------+


+------------------------------------------------------------------------------------------------------------------------------------------------------------------------------------------------------------------------------------------------------------------------------------------------------------------------------------------------------------------------------------------------------------------------------------------------------------------------------------------------------------------------------------------------------------------------------------------------------------------------------------------------------------------------------------+
; Analysis & Synthesis Resource Utilization by Entity                                                                                                                                                                                                                                                                                                                                                                                                                                                                                                                                                                                                                                ;
+-----------------------------------------------------------------------------------------------------------------------------------------+---------------------+---------------------------+-------------+--------------+---------+-----------+------+--------------+------------------------------------------------------------------------------------------------------------------------------------------------------------------------------------------------------------------------------------------------------------------------------------------------------------------------------------------------------------+-----------------------------------+--------------+
; Compilation Hierarchy Node                                                                                                              ; Combinational ALUTs ; Dedicated Logic Registers ; Memory Bits ; DSP Elements ; DSP 9x9 ; DSP 18x18 ; Pins ; Virtual Pins ; Full Hierarchy Name                                                                                                                                                                                                                                                                                                                                        ; Entity Name                       ; Library Name ;
+-----------------------------------------------------------------------------------------------------------------------------------------+---------------------+---------------------------+-------------+--------------+---------+-----------+------+--------------+------------------------------------------------------------------------------------------------------------------------------------------------------------------------------------------------------------------------------------------------------------------------------------------------------------------------------------------------------------+-----------------------------------+--------------+
; |smg_disp_de115                                                                                                                         ; 439 (2)             ; 445 (0)                   ; 896         ; 0            ; 0       ; 0         ; 8    ; 0            ; |smg_disp_de115                                                                                                                                                                                                                                                                                                                                            ; smg_disp_de115                    ; work         ;
;    |sld_hub:auto_hub|                                                                                                                   ; 126 (1)             ; 91 (0)                    ; 0           ; 0            ; 0       ; 0         ; 0    ; 0            ; |smg_disp_de115|sld_hub:auto_hub                                                                                                                                                                                                                                                                                                                           ; sld_hub                           ; altera_sld   ;
;       |alt_sld_fab_with_jtag_input:\instrumentation_fabric_with_node_gen:fabric_gen_new_way:with_jtag_input_gen:instrumentation_fabric| ; 125 (0)             ; 91 (0)                    ; 0           ; 0            ; 0       ; 0         ; 0    ; 0            ; |smg_disp_de115|sld_hub:auto_hub|alt_sld_fab_with_jtag_input:\instrumentation_fabric_with_node_gen:fabric_gen_new_way:with_jtag_input_gen:instrumentation_fabric                                                                                                                                                                                           ; alt_sld_fab_with_jtag_input       ; altera_sld   ;
;          |alt_sld_fab:instrumentation_fabric|                                                                                           ; 125 (0)             ; 91 (0)                    ; 0           ; 0            ; 0       ; 0         ; 0    ; 0            ; |smg_disp_de115|sld_hub:auto_hub|alt_sld_fab_with_jtag_input:\instrumentation_fabric_with_node_gen:fabric_gen_new_way:with_jtag_input_gen:instrumentation_fabric|alt_sld_fab:instrumentation_fabric                                                                                                                                                        ; alt_sld_fab                       ; alt_sld_fab  ;
;             |alt_sld_fab_alt_sld_fab:alt_sld_fab|                                                                                       ; 125 (1)             ; 91 (5)                    ; 0           ; 0            ; 0       ; 0         ; 0    ; 0            ; |smg_disp_de115|sld_hub:auto_hub|alt_sld_fab_with_jtag_input:\instrumentation_fabric_with_node_gen:fabric_gen_new_way:with_jtag_input_gen:instrumentation_fabric|alt_sld_fab:instrumentation_fabric|alt_sld_fab_alt_sld_fab:alt_sld_fab                                                                                                                    ; alt_sld_fab_alt_sld_fab           ; alt_sld_fab  ;
;                |alt_sld_fab_alt_sld_fab_sldfabric:sldfabric|                                                                            ; 124 (0)             ; 86 (0)                    ; 0           ; 0            ; 0       ; 0         ; 0    ; 0            ; |smg_disp_de115|sld_hub:auto_hub|alt_sld_fab_with_jtag_input:\instrumentation_fabric_with_node_gen:fabric_gen_new_way:with_jtag_input_gen:instrumentation_fabric|alt_sld_fab:instrumentation_fabric|alt_sld_fab_alt_sld_fab:alt_sld_fab|alt_sld_fab_alt_sld_fab_sldfabric:sldfabric                                                                        ; alt_sld_fab_alt_sld_fab_sldfabric ; alt_sld_fab  ;
;                   |sld_jtag_hub:\jtag_hub_gen:real_sld_jtag_hub|                                                                        ; 124 (85)            ; 86 (58)                   ; 0           ; 0            ; 0       ; 0         ; 0    ; 0            ; |smg_disp_de115|sld_hub:auto_hub|alt_sld_fab_with_jtag_input:\instrumentation_fabric_with_node_gen:fabric_gen_new_way:with_jtag_input_gen:instrumentation_fabric|alt_sld_fab:instrumentation_fabric|alt_sld_fab_alt_sld_fab:alt_sld_fab|alt_sld_fab_alt_sld_fab_sldfabric:sldfabric|sld_jtag_hub:\jtag_hub_gen:real_sld_jtag_hub                           ; sld_jtag_hub                      ; work         ;
;                      |sld_rom_sr:hub_info_reg|                                                                                          ; 21 (21)             ; 9 (9)                     ; 0           ; 0            ; 0       ; 0         ; 0    ; 0            ; |smg_disp_de115|sld_hub:auto_hub|alt_sld_fab_with_jtag_input:\instrumentation_fabric_with_node_gen:fabric_gen_new_way:with_jtag_input_gen:instrumentation_fabric|alt_sld_fab:instrumentation_fabric|alt_sld_fab_alt_sld_fab:alt_sld_fab|alt_sld_fab_alt_sld_fab_sldfabric:sldfabric|sld_jtag_hub:\jtag_hub_gen:real_sld_jtag_hub|sld_rom_sr:hub_info_reg   ; sld_rom_sr                        ; work         ;
;                      |sld_shadow_jsm:shadow_jsm|                                                                                        ; 18 (18)             ; 19 (19)                   ; 0           ; 0            ; 0       ; 0         ; 0    ; 0            ; |smg_disp_de115|sld_hub:auto_hub|alt_sld_fab_with_jtag_input:\instrumentation_fabric_with_node_gen:fabric_gen_new_way:with_jtag_input_gen:instrumentation_fabric|alt_sld_fab:instrumentation_fabric|alt_sld_fab_alt_sld_fab:alt_sld_fab|alt_sld_fab_alt_sld_fab_sldfabric:sldfabric|sld_jtag_hub:\jtag_hub_gen:real_sld_jtag_hub|sld_shadow_jsm:shadow_jsm ; sld_shadow_jsm                    ; altera_sld   ;
;    |sld_signaltap:auto_signaltap_0|                                                                                                     ; 311 (2)             ; 354 (14)                  ; 896         ; 0            ; 0       ; 0         ; 0    ; 0            ; |smg_disp_de115|sld_signaltap:auto_signaltap_0                                                                                                                                                                                                                                                                                                             ; sld_signaltap                     ; work         ;
;       |sld_signaltap_impl:sld_signaltap_body|                                                                                           ; 309 (0)             ; 340 (0)                   ; 896         ; 0            ; 0       ; 0         ; 0    ; 0            ; |smg_disp_de115|sld_signaltap:auto_signaltap_0|sld_signaltap_impl:sld_signaltap_body                                                                                                                                                                                                                                                                       ; sld_signaltap_impl                ; work         ;
;          |sld_signaltap_implb:sld_signaltap_body|                                                                                       ; 309 (88)            ; 340 (102)                 ; 896         ; 0            ; 0       ; 0         ; 0    ; 0            ; |smg_disp_de115|sld_signaltap:auto_signaltap_0|sld_signaltap_impl:sld_signaltap_body|sld_signaltap_implb:sld_signaltap_body                                                                                                                                                                                                                                ; sld_signaltap_implb               ; work         ;
;             |altdpram:\stp_non_zero_ram_gen:attribute_mem_gen:attribute_mem|                                                            ; 17 (0)              ; 46 (46)                   ; 0           ; 0            ; 0       ; 0         ; 0    ; 0            ; |smg_disp_de115|sld_signaltap:auto_signaltap_0|sld_signaltap_impl:sld_signaltap_body|sld_signaltap_implb:sld_signaltap_body|altdpram:\stp_non_zero_ram_gen:attribute_mem_gen:attribute_mem                                                                                                                                                                 ; altdpram                          ; work         ;
;                |lpm_decode:wdecoder|                                                                                                    ; 2 (0)               ; 0 (0)                     ; 0           ; 0            ; 0       ; 0         ; 0    ; 0            ; |smg_disp_de115|sld_signaltap:auto_signaltap_0|sld_signaltap_impl:sld_signaltap_body|sld_signaltap_implb:sld_signaltap_body|altdpram:\stp_non_zero_ram_gen:attribute_mem_gen:attribute_mem|lpm_decode:wdecoder                                                                                                                                             ; lpm_decode                        ; work         ;
;                   |decode_dvf:auto_generated|                                                                                           ; 2 (2)               ; 0 (0)                     ; 0           ; 0            ; 0       ; 0         ; 0    ; 0            ; |smg_disp_de115|sld_signaltap:auto_signaltap_0|sld_signaltap_impl:sld_signaltap_body|sld_signaltap_implb:sld_signaltap_body|altdpram:\stp_non_zero_ram_gen:attribute_mem_gen:attribute_mem|lpm_decode:wdecoder|decode_dvf:auto_generated                                                                                                                   ; decode_dvf                        ; work         ;
;                |lpm_mux:mux|                                                                                                            ; 15 (0)              ; 0 (0)                     ; 0           ; 0            ; 0       ; 0         ; 0    ; 0            ; |smg_disp_de115|sld_signaltap:auto_signaltap_0|sld_signaltap_impl:sld_signaltap_body|sld_signaltap_implb:sld_signaltap_body|altdpram:\stp_non_zero_ram_gen:attribute_mem_gen:attribute_mem|lpm_mux:mux                                                                                                                                                     ; lpm_mux                           ; work         ;
;                   |mux_ssc:auto_generated|                                                                                              ; 15 (15)             ; 0 (0)                     ; 0           ; 0            ; 0       ; 0         ; 0    ; 0            ; |smg_disp_de115|sld_signaltap:auto_signaltap_0|sld_signaltap_impl:sld_signaltap_body|sld_signaltap_implb:sld_signaltap_body|altdpram:\stp_non_zero_ram_gen:attribute_mem_gen:attribute_mem|lpm_mux:mux|mux_ssc:auto_generated                                                                                                                              ; mux_ssc                           ; work         ;
;             |altsyncram:\stp_non_zero_ram_gen:stp_buffer_ram|                                                                           ; 0 (0)               ; 0 (0)                     ; 896         ; 0            ; 0       ; 0         ; 0    ; 0            ; |smg_disp_de115|sld_signaltap:auto_signaltap_0|sld_signaltap_impl:sld_signaltap_body|sld_signaltap_implb:sld_signaltap_body|altsyncram:\stp_non_zero_ram_gen:stp_buffer_ram                                                                                                                                                                                ; altsyncram                        ; work         ;
;                |altsyncram_4224:auto_generated|                                                                                         ; 0 (0)               ; 0 (0)                     ; 896         ; 0            ; 0       ; 0         ; 0    ; 0            ; |smg_disp_de115|sld_signaltap:auto_signaltap_0|sld_signaltap_impl:sld_signaltap_body|sld_signaltap_implb:sld_signaltap_body|altsyncram:\stp_non_zero_ram_gen:stp_buffer_ram|altsyncram_4224:auto_generated                                                                                                                                                 ; altsyncram_4224                   ; work         ;
;             |lpm_shiftreg:segment_offset_config_deserialize|                                                                            ; 0 (0)               ; 7 (7)                     ; 0           ; 0            ; 0       ; 0         ; 0    ; 0            ; |smg_disp_de115|sld_signaltap:auto_signaltap_0|sld_signaltap_impl:sld_signaltap_body|sld_signaltap_implb:sld_signaltap_body|lpm_shiftreg:segment_offset_config_deserialize                                                                                                                                                                                 ; lpm_shiftreg                      ; work         ;
;             |lpm_shiftreg:status_register|                                                                                              ; 17 (17)             ; 17 (17)                   ; 0           ; 0            ; 0       ; 0         ; 0    ; 0            ; |smg_disp_de115|sld_signaltap:auto_signaltap_0|sld_signaltap_impl:sld_signaltap_body|sld_signaltap_implb:sld_signaltap_body|lpm_shiftreg:status_register                                                                                                                                                                                                   ; lpm_shiftreg                      ; work         ;
;             |serial_crc_16:\tdo_crc_gen:tdo_crc_calc|                                                                                   ; 14 (14)             ; 13 (13)                   ; 0           ; 0            ; 0       ; 0         ; 0    ; 0            ; |smg_disp_de115|sld_signaltap:auto_signaltap_0|sld_signaltap_impl:sld_signaltap_body|sld_signaltap_implb:sld_signaltap_body|serial_crc_16:\tdo_crc_gen:tdo_crc_calc                                                                                                                                                                                        ; serial_crc_16                     ; work         ;
;             |sld_buffer_manager:sld_buffer_manager_inst|                                                                                ; 59 (59)             ; 44 (44)                   ; 0           ; 0            ; 0       ; 0         ; 0    ; 0            ; |smg_disp_de115|sld_signaltap:auto_signaltap_0|sld_signaltap_impl:sld_signaltap_body|sld_signaltap_implb:sld_signaltap_body|sld_buffer_manager:sld_buffer_manager_inst                                                                                                                                                                                     ; sld_buffer_manager                ; work         ;
;             |sld_ela_control:ela_control|                                                                                               ; 18 (1)              ; 51 (1)                    ; 0           ; 0            ; 0       ; 0         ; 0    ; 0            ; |smg_disp_de115|sld_signaltap:auto_signaltap_0|sld_signaltap_impl:sld_signaltap_body|sld_signaltap_implb:sld_signaltap_body|sld_ela_control:ela_control                                                                                                                                                                                                    ; sld_ela_control                   ; work         ;
;                |lpm_shiftreg:trigger_config_deserialize|                                                                                ; 0 (0)               ; 4 (4)                     ; 0           ; 0            ; 0       ; 0         ; 0    ; 0            ; |smg_disp_de115|sld_signaltap:auto_signaltap_0|sld_signaltap_impl:sld_signaltap_body|sld_signaltap_implb:sld_signaltap_body|sld_ela_control:ela_control|lpm_shiftreg:trigger_config_deserialize                                                                                                                                                            ; lpm_shiftreg                      ; work         ;
;                |sld_ela_basic_multi_level_trigger:\basic_multi_level_mbpm_trigger_gen:multi_level_mbpm|                                 ; 14 (0)              ; 35 (0)                    ; 0           ; 0            ; 0       ; 0         ; 0    ; 0            ; |smg_disp_de115|sld_signaltap:auto_signaltap_0|sld_signaltap_impl:sld_signaltap_body|sld_signaltap_implb:sld_signaltap_body|sld_ela_control:ela_control|sld_ela_basic_multi_level_trigger:\basic_multi_level_mbpm_trigger_gen:multi_level_mbpm                                                                                                             ; sld_ela_basic_multi_level_trigger ; work         ;
;                   |lpm_shiftreg:trigger_condition_deserialize|                                                                          ; 0 (0)               ; 21 (21)                   ; 0           ; 0            ; 0       ; 0         ; 0    ; 0            ; |smg_disp_de115|sld_signaltap:auto_signaltap_0|sld_signaltap_impl:sld_signaltap_body|sld_signaltap_implb:sld_signaltap_body|sld_ela_control:ela_control|sld_ela_basic_multi_level_trigger:\basic_multi_level_mbpm_trigger_gen:multi_level_mbpm|lpm_shiftreg:trigger_condition_deserialize                                                                  ; lpm_shiftreg                      ; work         ;
;                   |sld_mbpmg:\trigger_modules_gen:0:trigger_match|                                                                      ; 14 (0)              ; 14 (0)                    ; 0           ; 0            ; 0       ; 0         ; 0    ; 0            ; |smg_disp_de115|sld_signaltap:auto_signaltap_0|sld_signaltap_impl:sld_signaltap_body|sld_signaltap_implb:sld_signaltap_body|sld_ela_control:ela_control|sld_ela_basic_multi_level_trigger:\basic_multi_level_mbpm_trigger_gen:multi_level_mbpm|sld_mbpmg:\trigger_modules_gen:0:trigger_match                                                              ; sld_mbpmg                         ; work         ;
;                      |sld_sbpmg:\gen_sbpmg_pipeline_less_than_two:sm0:0:sm1|                                                            ; 2 (2)               ; 2 (2)                     ; 0           ; 0            ; 0       ; 0         ; 0    ; 0            ; |smg_disp_de115|sld_signaltap:auto_signaltap_0|sld_signaltap_impl:sld_signaltap_body|sld_signaltap_implb:sld_signaltap_body|sld_ela_control:ela_control|sld_ela_basic_multi_level_trigger:\basic_multi_level_mbpm_trigger_gen:multi_level_mbpm|sld_mbpmg:\trigger_modules_gen:0:trigger_match|sld_sbpmg:\gen_sbpmg_pipeline_less_than_two:sm0:0:sm1        ; sld_sbpmg                         ; work         ;
;                      |sld_sbpmg:\gen_sbpmg_pipeline_less_than_two:sm0:1:sm1|                                                            ; 2 (2)               ; 2 (2)                     ; 0           ; 0            ; 0       ; 0         ; 0    ; 0            ; |smg_disp_de115|sld_signaltap:auto_signaltap_0|sld_signaltap_impl:sld_signaltap_body|sld_signaltap_implb:sld_signaltap_body|sld_ela_control:ela_control|sld_ela_basic_multi_level_trigger:\basic_multi_level_mbpm_trigger_gen:multi_level_mbpm|sld_mbpmg:\trigger_modules_gen:0:trigger_match|sld_sbpmg:\gen_sbpmg_pipeline_less_than_two:sm0:1:sm1        ; sld_sbpmg                         ; work         ;
;                      |sld_sbpmg:\gen_sbpmg_pipeline_less_than_two:sm0:2:sm1|                                                            ; 2 (2)               ; 2 (2)                     ; 0           ; 0            ; 0       ; 0         ; 0    ; 0            ; |smg_disp_de115|sld_signaltap:auto_signaltap_0|sld_signaltap_impl:sld_signaltap_body|sld_signaltap_implb:sld_signaltap_body|sld_ela_control:ela_control|sld_ela_basic_multi_level_trigger:\basic_multi_level_mbpm_trigger_gen:multi_level_mbpm|sld_mbpmg:\trigger_modules_gen:0:trigger_match|sld_sbpmg:\gen_sbpmg_pipeline_less_than_two:sm0:2:sm1        ; sld_sbpmg                         ; work         ;
;                      |sld_sbpmg:\gen_sbpmg_pipeline_less_than_two:sm0:3:sm1|                                                            ; 2 (2)               ; 2 (2)                     ; 0           ; 0            ; 0       ; 0         ; 0    ; 0            ; |smg_disp_de115|sld_signaltap:auto_signaltap_0|sld_signaltap_impl:sld_signaltap_body|sld_signaltap_implb:sld_signaltap_body|sld_ela_control:ela_control|sld_ela_basic_multi_level_trigger:\basic_multi_level_mbpm_trigger_gen:multi_level_mbpm|sld_mbpmg:\trigger_modules_gen:0:trigger_match|sld_sbpmg:\gen_sbpmg_pipeline_less_than_two:sm0:3:sm1        ; sld_sbpmg                         ; work         ;
;                      |sld_sbpmg:\gen_sbpmg_pipeline_less_than_two:sm0:4:sm1|                                                            ; 2 (2)               ; 2 (2)                     ; 0           ; 0            ; 0       ; 0         ; 0    ; 0            ; |smg_disp_de115|sld_signaltap:auto_signaltap_0|sld_signaltap_impl:sld_signaltap_body|sld_signaltap_implb:sld_signaltap_body|sld_ela_control:ela_control|sld_ela_basic_multi_level_trigger:\basic_multi_level_mbpm_trigger_gen:multi_level_mbpm|sld_mbpmg:\trigger_modules_gen:0:trigger_match|sld_sbpmg:\gen_sbpmg_pipeline_less_than_two:sm0:4:sm1        ; sld_sbpmg                         ; work         ;
;                      |sld_sbpmg:\gen_sbpmg_pipeline_less_than_two:sm0:5:sm1|                                                            ; 2 (2)               ; 2 (2)                     ; 0           ; 0            ; 0       ; 0         ; 0    ; 0            ; |smg_disp_de115|sld_signaltap:auto_signaltap_0|sld_signaltap_impl:sld_signaltap_body|sld_signaltap_implb:sld_signaltap_body|sld_ela_control:ela_control|sld_ela_basic_multi_level_trigger:\basic_multi_level_mbpm_trigger_gen:multi_level_mbpm|sld_mbpmg:\trigger_modules_gen:0:trigger_match|sld_sbpmg:\gen_sbpmg_pipeline_less_than_two:sm0:5:sm1        ; sld_sbpmg                         ; work         ;
;                      |sld_sbpmg:\gen_sbpmg_pipeline_less_than_two:sm0:6:sm1|                                                            ; 2 (2)               ; 2 (2)                     ; 0           ; 0            ; 0       ; 0         ; 0    ; 0            ; |smg_disp_de115|sld_signaltap:auto_signaltap_0|sld_signaltap_impl:sld_signaltap_body|sld_signaltap_implb:sld_signaltap_body|sld_ela_control:ela_control|sld_ela_basic_multi_level_trigger:\basic_multi_level_mbpm_trigger_gen:multi_level_mbpm|sld_mbpmg:\trigger_modules_gen:0:trigger_match|sld_sbpmg:\gen_sbpmg_pipeline_less_than_two:sm0:6:sm1        ; sld_sbpmg                         ; work         ;
;                |sld_ela_trigger_flow_mgr:\builtin:ela_trigger_flow_mgr_entity|                                                          ; 3 (3)               ; 11 (1)                    ; 0           ; 0            ; 0       ; 0         ; 0    ; 0            ; |smg_disp_de115|sld_signaltap:auto_signaltap_0|sld_signaltap_impl:sld_signaltap_body|sld_signaltap_implb:sld_signaltap_body|sld_ela_control:ela_control|sld_ela_trigger_flow_mgr:\builtin:ela_trigger_flow_mgr_entity                                                                                                                                      ; sld_ela_trigger_flow_mgr          ; work         ;
;                   |lpm_shiftreg:trigger_config_deserialize|                                                                             ; 0 (0)               ; 10 (10)                   ; 0           ; 0            ; 0       ; 0         ; 0    ; 0            ; |smg_disp_de115|sld_signaltap:auto_signaltap_0|sld_signaltap_impl:sld_signaltap_body|sld_signaltap_implb:sld_signaltap_body|sld_ela_control:ela_control|sld_ela_trigger_flow_mgr:\builtin:ela_trigger_flow_mgr_entity|lpm_shiftreg:trigger_config_deserialize                                                                                              ; lpm_shiftreg                      ; work         ;
;             |sld_offload_buffer_mgr:\stp_non_zero_depth_offload_gen:stp_offload_buff_mgr_inst|                                          ; 66 (8)              ; 52 (0)                    ; 0           ; 0            ; 0       ; 0         ; 0    ; 0            ; |smg_disp_de115|sld_signaltap:auto_signaltap_0|sld_signaltap_impl:sld_signaltap_body|sld_signaltap_implb:sld_signaltap_body|sld_offload_buffer_mgr:\stp_non_zero_depth_offload_gen:stp_offload_buff_mgr_inst                                                                                                                                               ; sld_offload_buffer_mgr            ; work         ;
;                |lpm_counter:\adv_point_3_and_more:advance_pointer_counter|                                                              ; 5 (0)               ; 3 (0)                     ; 0           ; 0            ; 0       ; 0         ; 0    ; 0            ; |smg_disp_de115|sld_signaltap:auto_signaltap_0|sld_signaltap_impl:sld_signaltap_body|sld_signaltap_implb:sld_signaltap_body|sld_offload_buffer_mgr:\stp_non_zero_depth_offload_gen:stp_offload_buff_mgr_inst|lpm_counter:\adv_point_3_and_more:advance_pointer_counter                                                                                     ; lpm_counter                       ; work         ;
;                   |cntr_uei:auto_generated|                                                                                             ; 5 (5)               ; 3 (3)                     ; 0           ; 0            ; 0       ; 0         ; 0    ; 0            ; |smg_disp_de115|sld_signaltap:auto_signaltap_0|sld_signaltap_impl:sld_signaltap_body|sld_signaltap_implb:sld_signaltap_body|sld_offload_buffer_mgr:\stp_non_zero_depth_offload_gen:stp_offload_buff_mgr_inst|lpm_counter:\adv_point_3_and_more:advance_pointer_counter|cntr_uei:auto_generated                                                             ; cntr_uei                          ; work         ;
;                |lpm_counter:read_pointer_counter|                                                                                       ; 7 (0)               ; 7 (0)                     ; 0           ; 0            ; 0       ; 0         ; 0    ; 0            ; |smg_disp_de115|sld_signaltap:auto_signaltap_0|sld_signaltap_impl:sld_signaltap_body|sld_signaltap_implb:sld_signaltap_body|sld_offload_buffer_mgr:\stp_non_zero_depth_offload_gen:stp_offload_buff_mgr_inst|lpm_counter:read_pointer_counter                                                                                                              ; lpm_counter                       ; work         ;
;                   |cntr_i6j:auto_generated|                                                                                             ; 7 (7)               ; 7 (7)                     ; 0           ; 0            ; 0       ; 0         ; 0    ; 0            ; |smg_disp_de115|sld_signaltap:auto_signaltap_0|sld_signaltap_impl:sld_signaltap_body|sld_signaltap_implb:sld_signaltap_body|sld_offload_buffer_mgr:\stp_non_zero_depth_offload_gen:stp_offload_buff_mgr_inst|lpm_counter:read_pointer_counter|cntr_i6j:auto_generated                                                                                      ; cntr_i6j                          ; work         ;
;                |lpm_counter:status_advance_pointer_counter|                                                                             ; 6 (0)               ; 4 (0)                     ; 0           ; 0            ; 0       ; 0         ; 0    ; 0            ; |smg_disp_de115|sld_signaltap:auto_signaltap_0|sld_signaltap_impl:sld_signaltap_body|sld_signaltap_implb:sld_signaltap_body|sld_offload_buffer_mgr:\stp_non_zero_depth_offload_gen:stp_offload_buff_mgr_inst|lpm_counter:status_advance_pointer_counter                                                                                                    ; lpm_counter                       ; work         ;
;                   |cntr_egi:auto_generated|                                                                                             ; 6 (6)               ; 4 (4)                     ; 0           ; 0            ; 0       ; 0         ; 0    ; 0            ; |smg_disp_de115|sld_signaltap:auto_signaltap_0|sld_signaltap_impl:sld_signaltap_body|sld_signaltap_implb:sld_signaltap_body|sld_offload_buffer_mgr:\stp_non_zero_depth_offload_gen:stp_offload_buff_mgr_inst|lpm_counter:status_advance_pointer_counter|cntr_egi:auto_generated                                                                            ; cntr_egi                          ; work         ;
;                |lpm_counter:status_read_pointer_counter|                                                                                ; 3 (0)               ; 1 (0)                     ; 0           ; 0            ; 0       ; 0         ; 0    ; 0            ; |smg_disp_de115|sld_signaltap:auto_signaltap_0|sld_signaltap_impl:sld_signaltap_body|sld_signaltap_implb:sld_signaltap_body|sld_offload_buffer_mgr:\stp_non_zero_depth_offload_gen:stp_offload_buff_mgr_inst|lpm_counter:status_read_pointer_counter                                                                                                       ; lpm_counter                       ; work         ;
;                   |cntr_23j:auto_generated|                                                                                             ; 3 (3)               ; 1 (1)                     ; 0           ; 0            ; 0       ; 0         ; 0    ; 0            ; |smg_disp_de115|sld_signaltap:auto_signaltap_0|sld_signaltap_impl:sld_signaltap_body|sld_signaltap_implb:sld_signaltap_body|sld_offload_buffer_mgr:\stp_non_zero_depth_offload_gen:stp_offload_buff_mgr_inst|lpm_counter:status_read_pointer_counter|cntr_23j:auto_generated                                                                               ; cntr_23j                          ; work         ;
;                |lpm_shiftreg:info_data_shift_out|                                                                                       ; 15 (15)             ; 15 (15)                   ; 0           ; 0            ; 0       ; 0         ; 0    ; 0            ; |smg_disp_de115|sld_signaltap:auto_signaltap_0|sld_signaltap_impl:sld_signaltap_body|sld_signaltap_implb:sld_signaltap_body|sld_offload_buffer_mgr:\stp_non_zero_depth_offload_gen:stp_offload_buff_mgr_inst|lpm_shiftreg:info_data_shift_out                                                                                                              ; lpm_shiftreg                      ; work         ;
;                |lpm_shiftreg:ram_data_shift_out|                                                                                        ; 7 (7)               ; 7 (7)                     ; 0           ; 0            ; 0       ; 0         ; 0    ; 0            ; |smg_disp_de115|sld_signaltap:auto_signaltap_0|sld_signaltap_impl:sld_signaltap_body|sld_signaltap_implb:sld_signaltap_body|sld_offload_buffer_mgr:\stp_non_zero_depth_offload_gen:stp_offload_buff_mgr_inst|lpm_shiftreg:ram_data_shift_out                                                                                                               ; lpm_shiftreg                      ; work         ;
;                |lpm_shiftreg:status_data_shift_out|                                                                                     ; 15 (15)             ; 15 (15)                   ; 0           ; 0            ; 0       ; 0         ; 0    ; 0            ; |smg_disp_de115|sld_signaltap:auto_signaltap_0|sld_signaltap_impl:sld_signaltap_body|sld_signaltap_implb:sld_signaltap_body|sld_offload_buffer_mgr:\stp_non_zero_depth_offload_gen:stp_offload_buff_mgr_inst|lpm_shiftreg:status_data_shift_out                                                                                                            ; lpm_shiftreg                      ; work         ;
;             |sld_rom_sr:crc_rom_sr|                                                                                                     ; 30 (30)             ; 8 (8)                     ; 0           ; 0            ; 0       ; 0         ; 0    ; 0            ; |smg_disp_de115|sld_signaltap:auto_signaltap_0|sld_signaltap_impl:sld_signaltap_body|sld_signaltap_implb:sld_signaltap_body|sld_rom_sr:crc_rom_sr                                                                                                                                                                                                          ; sld_rom_sr                        ; work         ;
+-----------------------------------------------------------------------------------------------------------------------------------------+---------------------+---------------------------+-------------+--------------+---------+-----------+------+--------------+------------------------------------------------------------------------------------------------------------------------------------------------------------------------------------------------------------------------------------------------------------------------------------------------------------------------------------------------------------+-----------------------------------+--------------+
Note: For table entries with two numbers listed, the numbers in parentheses indicate the number of resources of the given type used by the specific entity alone. The numbers listed outside of parentheses indicate the total resources of the given type used by the specific entity and all of its sub-entities in the hierarchy.


+-----------------------------------------------------------------------------------------------------------------------------------------------------------------------------------------------------------------------------------------------------------------------------------------------------------+
; Analysis & Synthesis RAM Summary                                                                                                                                                                                                                                                                          ;
+-------------------------------------------------------------------------------------------------------------------------------------------------------------------------------------------------------+------+------------------+--------------+--------------+--------------+--------------+------+------+
; Name                                                                                                                                                                                                  ; Type ; Mode             ; Port A Depth ; Port A Width ; Port B Depth ; Port B Width ; Size ; MIF  ;
+-------------------------------------------------------------------------------------------------------------------------------------------------------------------------------------------------------+------+------------------+--------------+--------------+--------------+--------------+------+------+
; sld_signaltap:auto_signaltap_0|sld_signaltap_impl:sld_signaltap_body|sld_signaltap_implb:sld_signaltap_body|altsyncram:\stp_non_zero_ram_gen:stp_buffer_ram|altsyncram_4224:auto_generated|ALTSYNCRAM ; AUTO ; Simple Dual Port ; 128          ; 7            ; 128          ; 7            ; 896  ; None ;
+-------------------------------------------------------------------------------------------------------------------------------------------------------------------------------------------------------+------+------------------+--------------+--------------+--------------+--------------+------+------+


+-----------------------------------------------------------------------------------------------------------------------------------------------------------------------------------------------------------------------------------------------------------------------------------------------------------------------------------------------------------------------+
; Analysis & Synthesis IP Cores Summary                                                                                                                                                                                                                                                                                                                                 ;
+--------+--------------+---------+--------------+--------------+-------------------------------------------------------------------------------------------------------------------------------------------------------------------------------------------------------------------------------------------------------------------------------------+-----------------+
; Vendor ; IP Core Name ; Version ; Release Date ; License Type ; Entity Instance                                                                                                                                                                                                                                                                     ; IP Include File ;
+--------+--------------+---------+--------------+--------------+-------------------------------------------------------------------------------------------------------------------------------------------------------------------------------------------------------------------------------------------------------------------------------------+-----------------+
; Altera ; Signal Tap   ; N/A     ; N/A          ; Licensed     ; |smg_disp_de115|sld_hub:auto_hub|alt_sld_fab_with_jtag_input:\instrumentation_fabric_with_node_gen:fabric_gen_new_way:with_jtag_input_gen:instrumentation_fabric|alt_sld_fab:instrumentation_fabric                                                                                 ;                 ;
; Altera ; Signal Tap   ; N/A     ; N/A          ; Licensed     ; |smg_disp_de115|sld_hub:auto_hub|alt_sld_fab_with_jtag_input:\instrumentation_fabric_with_node_gen:fabric_gen_new_way:with_jtag_input_gen:instrumentation_fabric|alt_sld_fab:instrumentation_fabric|alt_sld_fab_alt_sld_fab:alt_sld_fab                                             ;                 ;
; Altera ; Signal Tap   ; N/A     ; N/A          ; Licensed     ; |smg_disp_de115|sld_hub:auto_hub|alt_sld_fab_with_jtag_input:\instrumentation_fabric_with_node_gen:fabric_gen_new_way:with_jtag_input_gen:instrumentation_fabric|alt_sld_fab:instrumentation_fabric|alt_sld_fab_alt_sld_fab:alt_sld_fab|alt_sld_fab_alt_sld_fab_presplit:presplit   ;                 ;
; Altera ; Signal Tap   ; N/A     ; N/A          ; Licensed     ; |smg_disp_de115|sld_hub:auto_hub|alt_sld_fab_with_jtag_input:\instrumentation_fabric_with_node_gen:fabric_gen_new_way:with_jtag_input_gen:instrumentation_fabric|alt_sld_fab:instrumentation_fabric|alt_sld_fab_alt_sld_fab:alt_sld_fab|alt_sld_fab_alt_sld_fab_sldfabric:sldfabric ;                 ;
; Altera ; Signal Tap   ; N/A     ; N/A          ; Licensed     ; |smg_disp_de115|sld_hub:auto_hub|alt_sld_fab_with_jtag_input:\instrumentation_fabric_with_node_gen:fabric_gen_new_way:with_jtag_input_gen:instrumentation_fabric|alt_sld_fab:instrumentation_fabric|alt_sld_fab_alt_sld_fab:alt_sld_fab|alt_sld_fab_alt_sld_fab_splitter:splitter   ;                 ;
+--------+--------------+---------+--------------+--------------+-------------------------------------------------------------------------------------------------------------------------------------------------------------------------------------------------------------------------------------------------------------------------------------+-----------------+


+--------------------------------------------------------------------------------+
; Registers Removed During Synthesis                                             ;
+---------------------------------------+----------------------------------------+
; Register name                         ; Reason for Removal                     ;
+---------------------------------------+----------------------------------------+
; smg_out[0]~reg0                       ; Stuck at GND due to stuck port data_in ;
; smg_out[1]~reg0                       ; Stuck at VCC due to stuck port data_in ;
; smg_out[2]~reg0                       ; Stuck at GND due to stuck port data_in ;
; smg_out[3]~reg0                       ; Stuck at GND due to stuck port data_in ;
; smg_out[4]~reg0                       ; Stuck at GND due to stuck port data_in ;
; smg_out[5]~reg0                       ; Stuck at GND due to stuck port data_in ;
; smg_out[6]~reg0                       ; Stuck at GND due to stuck port data_in ;
; Total Number of Removed Registers = 7 ;                                        ;
+---------------------------------------+----------------------------------------+


+------------------------------------------------------+
; General Register Statistics                          ;
+----------------------------------------------+-------+
; Statistic                                    ; Value ;
+----------------------------------------------+-------+
; Total registers                              ; 445   ;
; Number of registers using Synchronous Clear  ; 48    ;
; Number of registers using Synchronous Load   ; 61    ;
; Number of registers using Asynchronous Clear ; 157   ;
; Number of registers using Asynchronous Load  ; 0     ;
; Number of registers using Clock Enable       ; 289   ;
; Number of registers using Preset             ; 0     ;
+----------------------------------------------+-------+


+-------------------------------------------------------------------------------------------------------------------------------------------------------------------------------------------------------------------------------------------------------------------------------------------------------------------------------------------+
; Inverted Register Statistics                                                                                                                                                                                                                                                                                                              ;
+---------------------------------------------------------------------------------------------------------------------------------------------------------------------------------------------------------------------------------------------------------------------------------------------------------------------------------+---------+
; Inverted Register                                                                                                                                                                                                                                                                                                               ; Fan out ;
+---------------------------------------------------------------------------------------------------------------------------------------------------------------------------------------------------------------------------------------------------------------------------------------------------------------------------------+---------+
; sld_hub:auto_hub|alt_sld_fab_with_jtag_input:\instrumentation_fabric_with_node_gen:fabric_gen_new_way:with_jtag_input_gen:instrumentation_fabric|alt_sld_fab:instrumentation_fabric|alt_sld_fab_alt_sld_fab:alt_sld_fab|alt_sld_fab_alt_sld_fab_sldfabric:sldfabric|sld_jtag_hub:\jtag_hub_gen:real_sld_jtag_hub|jtag_ir_reg[2] ; 2       ;
; sld_hub:auto_hub|alt_sld_fab_with_jtag_input:\instrumentation_fabric_with_node_gen:fabric_gen_new_way:with_jtag_input_gen:instrumentation_fabric|alt_sld_fab:instrumentation_fabric|alt_sld_fab_alt_sld_fab:alt_sld_fab|alt_sld_fab_alt_sld_fab_sldfabric:sldfabric|sld_jtag_hub:\jtag_hub_gen:real_sld_jtag_hub|jtag_ir_reg[1] ; 3       ;
; sld_signaltap:auto_signaltap_0|sld_signaltap_impl:sld_signaltap_body|sld_signaltap_implb:sld_signaltap_body|sld_buffer_manager:sld_buffer_manager_inst|modified_post_count[1]                                                                                                                                                   ; 1       ;
; sld_signaltap:auto_signaltap_0|sld_signaltap_impl:sld_signaltap_body|sld_signaltap_implb:sld_signaltap_body|sld_buffer_manager:sld_buffer_manager_inst|modified_post_count[2]                                                                                                                                                   ; 1       ;
; sld_signaltap:auto_signaltap_0|sld_signaltap_impl:sld_signaltap_body|sld_signaltap_implb:sld_signaltap_body|sld_buffer_manager:sld_buffer_manager_inst|modified_post_count[3]                                                                                                                                                   ; 1       ;
; sld_signaltap:auto_signaltap_0|sld_signaltap_impl:sld_signaltap_body|sld_signaltap_implb:sld_signaltap_body|sld_buffer_manager:sld_buffer_manager_inst|modified_post_count[4]                                                                                                                                                   ; 1       ;
; sld_signaltap:auto_signaltap_0|sld_signaltap_impl:sld_signaltap_body|sld_signaltap_implb:sld_signaltap_body|sld_buffer_manager:sld_buffer_manager_inst|modified_post_count[5]                                                                                                                                                   ; 1       ;
; sld_signaltap:auto_signaltap_0|sld_signaltap_impl:sld_signaltap_body|sld_signaltap_implb:sld_signaltap_body|sld_buffer_manager:sld_buffer_manager_inst|modified_post_count[6]                                                                                                                                                   ; 1       ;
; sld_signaltap:auto_signaltap_0|sld_signaltap_impl:sld_signaltap_body|sld_signaltap_implb:sld_signaltap_body|sld_buffer_manager:sld_buffer_manager_inst|modified_post_count[7]                                                                                                                                                   ; 1       ;
; sld_signaltap:auto_signaltap_0|sld_signaltap_impl:sld_signaltap_body|sld_signaltap_implb:sld_signaltap_body|sld_buffer_manager:sld_buffer_manager_inst|modified_post_count[0]                                                                                                                                                   ; 1       ;
; Total number of inverted registers = 10                                                                                                                                                                                                                                                                                         ;         ;
+---------------------------------------------------------------------------------------------------------------------------------------------------------------------------------------------------------------------------------------------------------------------------------------------------------------------------------+---------+


+-------------------------------------------------------+
; Source assignments for sld_signaltap:auto_signaltap_0 ;
+-----------------+-------+------+----------------------+
; Assignment      ; Value ; From ; To                   ;
+-----------------+-------+------+----------------------+
; MESSAGE_DISABLE ; 13410 ; -    ; -                    ;
+-----------------+-------+------+----------------------+


+---------------------------------------------------------------------------------------------------------------+
; Parameter Settings for Inferred Entity Instance: sld_signaltap:auto_signaltap_0                               ;
+-------------------------------------------------+--------------------------------------------+----------------+
; Parameter Name                                  ; Value                                      ; Type           ;
+-------------------------------------------------+--------------------------------------------+----------------+
; lpm_type                                        ; sld_signaltap                              ; String         ;
; sld_node_info                                   ; 805334528                                  ; Untyped        ;
; SLD_SECTION_ID                                  ; hdl_signaltap_0                            ; String         ;
; SLD_IP_VERSION                                  ; 6                                          ; Signed Integer ;
; SLD_IP_MINOR_VERSION                            ; 0                                          ; Signed Integer ;
; SLD_COMMON_IP_VERSION                           ; 0                                          ; Signed Integer ;
; sld_data_bits                                   ; 7                                          ; Untyped        ;
; sld_trigger_bits                                ; 7                                          ; Untyped        ;
; SLD_NODE_CRC_BITS                               ; 32                                         ; Signed Integer ;
; SLD_NODE_CRC_HIWORD                             ; 41394                                      ; Signed Integer ;
; SLD_NODE_CRC_LOWORD                             ; 50132                                      ; Signed Integer ;
; sld_incremental_routing                         ; 1                                          ; Untyped        ;
; sld_sample_depth                                ; 128                                        ; Untyped        ;
; sld_segment_size                                ; 128                                        ; Untyped        ;
; sld_ram_block_type                              ; AUTO                                       ; Untyped        ;
; sld_state_bits                                  ; 11                                         ; Untyped        ;
; sld_buffer_full_stop                            ; 1                                          ; Untyped        ;
; SLD_MEM_ADDRESS_BITS                            ; 7                                          ; Signed Integer ;
; SLD_DATA_BIT_CNTR_BITS                          ; 4                                          ; Signed Integer ;
; sld_trigger_level                               ; 1                                          ; Untyped        ;
; sld_trigger_in_enabled                          ; 0                                          ; Untyped        ;
; SLD_HPS_TRIGGER_IN_ENABLED                      ; 0                                          ; Signed Integer ;
; SLD_HPS_TRIGGER_OUT_ENABLED                     ; 0                                          ; Signed Integer ;
; SLD_HPS_EVENT_ENABLED                           ; 0                                          ; Signed Integer ;
; SLD_HPS_EVENT_ID                                ; 0                                          ; Signed Integer ;
; sld_advanced_trigger_entity                     ; basic,1,                                   ; Untyped        ;
; sld_trigger_level_pipeline                      ; 1                                          ; Untyped        ;
; sld_trigger_pipeline                            ; 0                                          ; Untyped        ;
; sld_ram_pipeline                                ; 0                                          ; Untyped        ;
; sld_counter_pipeline                            ; 0                                          ; Untyped        ;
; sld_enable_advanced_trigger                     ; 0                                          ; Untyped        ;
; SLD_ADVANCED_TRIGGER_1                          ; NONE                                       ; String         ;
; SLD_ADVANCED_TRIGGER_2                          ; NONE                                       ; String         ;
; SLD_ADVANCED_TRIGGER_3                          ; NONE                                       ; String         ;
; SLD_ADVANCED_TRIGGER_4                          ; NONE                                       ; String         ;
; SLD_ADVANCED_TRIGGER_5                          ; NONE                                       ; String         ;
; SLD_ADVANCED_TRIGGER_6                          ; NONE                                       ; String         ;
; SLD_ADVANCED_TRIGGER_7                          ; NONE                                       ; String         ;
; SLD_ADVANCED_TRIGGER_8                          ; NONE                                       ; String         ;
; SLD_ADVANCED_TRIGGER_9                          ; NONE                                       ; String         ;
; SLD_ADVANCED_TRIGGER_10                         ; NONE                                       ; String         ;
; sld_inversion_mask_length                       ; 42                                         ; Untyped        ;
; sld_inversion_mask                              ; 000000000000000000000000000000000000000000 ; Untyped        ;
; sld_power_up_trigger                            ; 0                                          ; Untyped        ;
; SLD_STATE_FLOW_MGR_ENTITY                       ; state_flow_mgr_entity.vhd                  ; String         ;
; sld_state_flow_use_generated                    ; 0                                          ; Untyped        ;
; sld_current_resource_width                      ; 1                                          ; Untyped        ;
; sld_attribute_mem_mode                          ; OFF                                        ; Untyped        ;
; sld_storage_qualifier_bits                      ; 7                                          ; Untyped        ;
; SLD_STORAGE_QUALIFIER_GAP_RECORD                ; 0                                          ; Signed Integer ;
; SLD_STORAGE_QUALIFIER_MODE                      ; OFF                                        ; String         ;
; SLD_STORAGE_QUALIFIER_ENABLE_ADVANCED_CONDITION ; 0                                          ; Signed Integer ;
; sld_storage_qualifier_inversion_mask_length     ; 0                                          ; Untyped        ;
; SLD_STORAGE_QUALIFIER_ADVANCED_CONDITION_ENTITY ; basic                                      ; String         ;
; SLD_STORAGE_QUALIFIER_PIPELINE                  ; 0                                          ; Signed Integer ;
; SLD_CREATE_MONITOR_INTERFACE                    ; 0                                          ; Signed Integer ;
; SLD_USE_JTAG_SIGNAL_ADAPTER                     ; 1                                          ; Signed Integer ;
+-------------------------------------------------+--------------------------------------------+----------------+
Note: In order to hide this table in the UI and the text report file, please set the "Show Parameter Settings in Synthesis Report" option in "Analysis and Synthesis Settings -> More Settings" to "Off".


+-------------------------------------------------------------------------------------------------------------------------------------------------------------------------------------------------------------------------------------------------------------------------+
; Signal Tap Logic Analyzer Settings                                                                                                                                                                                                                                      ;
+----------------+------------------+---------------------+------------------+--------------+----------+------------------------+----------------------+--------------------+-----------------------------+-----------------+------------------+--------------------------+
; Instance Index ; Instance Name    ; Trigger Input Width ; Data Input Width ; Sample Depth ; Segments ; Storage Qualifier Type ; Trigger Flow Control ; Trigger Conditions ; Advanced Trigger Conditions ; Trigger In Used ; Trigger Out Used ; Power-Up Trigger Enabled ;
+----------------+------------------+---------------------+------------------+--------------+----------+------------------------+----------------------+--------------------+-----------------------------+-----------------+------------------+--------------------------+
; 0              ; auto_signaltap_0 ; 7                   ; 7                ; 128          ; 1        ; continuous             ; sequential           ; 1                  ; 0                           ; no              ; no               ; no                       ;
+----------------+------------------+---------------------+------------------+--------------+----------+------------------------+----------------------+--------------------+-----------------------------+-----------------+------------------+--------------------------+


+-----------------------------------------------------+
; Post-Synthesis Netlist Statistics for Top Partition ;
+-----------------------+-----------------------------+
; Type                  ; Count                       ;
+-----------------------+-----------------------------+
; boundary_port         ; 8                           ;
; cycloneiii_lcell_comb ; 2                           ;
;     normal            ; 2                           ;
;         0 data inputs ; 2                           ;
;                       ;                             ;
; Max LUT depth         ; 0.00                        ;
; Average LUT depth     ; 0.00                        ;
+-----------------------+-----------------------------+


+-------------------------------+
; Elapsed Time Per Partition    ;
+----------------+--------------+
; Partition Name ; Elapsed Time ;
+----------------+--------------+
; Top            ; 00:00:00     ;
+----------------+--------------+


+-------------------------------------------------------------------------------------------------------------------------------------------------------+
; Connections to In-System Debugging Instance "auto_signaltap_0"                                                                                        ;
+----------------------+---------------+-----------+--------------------------------+-------------------+-------------------------------------+---------+
; Name                 ; Type          ; Status    ; Partition Name                 ; Netlist Type Used ; Actual Connection                   ; Details ;
+----------------------+---------------+-----------+--------------------------------+-------------------+-------------------------------------+---------+
; clk                  ; pre-synthesis ; connected ; Top                            ; post-synthesis    ; clk                                 ; N/A     ;
; smg_out[0]           ; pre-synthesis ; connected ; Top                            ; post-synthesis    ; ~GND                                ; N/A     ;
; smg_out[0]           ; pre-synthesis ; connected ; Top                            ; post-synthesis    ; ~GND                                ; N/A     ;
; smg_out[1]           ; pre-synthesis ; connected ; Top                            ; post-synthesis    ; ~VCC                                ; N/A     ;
; smg_out[1]           ; pre-synthesis ; connected ; Top                            ; post-synthesis    ; ~VCC                                ; N/A     ;
; smg_out[2]           ; pre-synthesis ; connected ; Top                            ; post-synthesis    ; ~GND                                ; N/A     ;
; smg_out[2]           ; pre-synthesis ; connected ; Top                            ; post-synthesis    ; ~GND                                ; N/A     ;
; smg_out[3]           ; pre-synthesis ; connected ; Top                            ; post-synthesis    ; ~GND                                ; N/A     ;
; smg_out[3]           ; pre-synthesis ; connected ; Top                            ; post-synthesis    ; ~GND                                ; N/A     ;
; smg_out[4]           ; pre-synthesis ; connected ; Top                            ; post-synthesis    ; ~GND                                ; N/A     ;
; smg_out[4]           ; pre-synthesis ; connected ; Top                            ; post-synthesis    ; ~GND                                ; N/A     ;
; smg_out[5]           ; pre-synthesis ; connected ; Top                            ; post-synthesis    ; ~GND                                ; N/A     ;
; smg_out[5]           ; pre-synthesis ; connected ; Top                            ; post-synthesis    ; ~GND                                ; N/A     ;
; smg_out[6]           ; pre-synthesis ; connected ; Top                            ; post-synthesis    ; ~GND                                ; N/A     ;
; smg_out[6]           ; pre-synthesis ; connected ; Top                            ; post-synthesis    ; ~GND                                ; N/A     ;
; auto_signaltap_0|gnd ; post-fitting  ; connected ; sld_signaltap:auto_signaltap_0 ; post-synthesis    ; sld_signaltap:auto_signaltap_0|~GND ; N/A     ;
; auto_signaltap_0|gnd ; post-fitting  ; connected ; sld_signaltap:auto_signaltap_0 ; post-synthesis    ; sld_signaltap:auto_signaltap_0|~GND ; N/A     ;
; auto_signaltap_0|gnd ; post-fitting  ; connected ; sld_signaltap:auto_signaltap_0 ; post-synthesis    ; sld_signaltap:auto_signaltap_0|~GND ; N/A     ;
; auto_signaltap_0|gnd ; post-fitting  ; connected ; sld_signaltap:auto_signaltap_0 ; post-synthesis    ; sld_signaltap:auto_signaltap_0|~GND ; N/A     ;
; auto_signaltap_0|gnd ; post-fitting  ; connected ; sld_signaltap:auto_signaltap_0 ; post-synthesis    ; sld_signaltap:auto_signaltap_0|~GND ; N/A     ;
; auto_signaltap_0|gnd ; post-fitting  ; connected ; sld_signaltap:auto_signaltap_0 ; post-synthesis    ; sld_signaltap:auto_signaltap_0|~GND ; N/A     ;
; auto_signaltap_0|gnd ; post-fitting  ; connected ; sld_signaltap:auto_signaltap_0 ; post-synthesis    ; sld_signaltap:auto_signaltap_0|~GND ; N/A     ;
; auto_signaltap_0|gnd ; post-fitting  ; connected ; sld_signaltap:auto_signaltap_0 ; post-synthesis    ; sld_signaltap:auto_signaltap_0|~GND ; N/A     ;
; auto_signaltap_0|gnd ; post-fitting  ; connected ; sld_signaltap:auto_signaltap_0 ; post-synthesis    ; sld_signaltap:auto_signaltap_0|~GND ; N/A     ;
; auto_signaltap_0|gnd ; post-fitting  ; connected ; sld_signaltap:auto_signaltap_0 ; post-synthesis    ; sld_signaltap:auto_signaltap_0|~GND ; N/A     ;
; auto_signaltap_0|gnd ; post-fitting  ; connected ; sld_signaltap:auto_signaltap_0 ; post-synthesis    ; sld_signaltap:auto_signaltap_0|~GND ; N/A     ;
; auto_signaltap_0|gnd ; post-fitting  ; connected ; sld_signaltap:auto_signaltap_0 ; post-synthesis    ; sld_signaltap:auto_signaltap_0|~GND ; N/A     ;
; auto_signaltap_0|gnd ; post-fitting  ; connected ; sld_signaltap:auto_signaltap_0 ; post-synthesis    ; sld_signaltap:auto_signaltap_0|~GND ; N/A     ;
; auto_signaltap_0|gnd ; post-fitting  ; connected ; sld_signaltap:auto_signaltap_0 ; post-synthesis    ; sld_signaltap:auto_signaltap_0|~GND ; N/A     ;
; auto_signaltap_0|gnd ; post-fitting  ; connected ; sld_signaltap:auto_signaltap_0 ; post-synthesis    ; sld_signaltap:auto_signaltap_0|~GND ; N/A     ;
; auto_signaltap_0|gnd ; post-fitting  ; connected ; sld_signaltap:auto_signaltap_0 ; post-synthesis    ; sld_signaltap:auto_signaltap_0|~GND ; N/A     ;
; auto_signaltap_0|gnd ; post-fitting  ; connected ; sld_signaltap:auto_signaltap_0 ; post-synthesis    ; sld_signaltap:auto_signaltap_0|~GND ; N/A     ;
; auto_signaltap_0|vcc ; post-fitting  ; connected ; sld_signaltap:auto_signaltap_0 ; post-synthesis    ; sld_signaltap:auto_signaltap_0|~VCC ; N/A     ;
; auto_signaltap_0|vcc ; post-fitting  ; connected ; sld_signaltap:auto_signaltap_0 ; post-synthesis    ; sld_signaltap:auto_signaltap_0|~VCC ; N/A     ;
; auto_signaltap_0|vcc ; post-fitting  ; connected ; sld_signaltap:auto_signaltap_0 ; post-synthesis    ; sld_signaltap:auto_signaltap_0|~VCC ; N/A     ;
; auto_signaltap_0|vcc ; post-fitting  ; connected ; sld_signaltap:auto_signaltap_0 ; post-synthesis    ; sld_signaltap:auto_signaltap_0|~VCC ; N/A     ;
; auto_signaltap_0|vcc ; post-fitting  ; connected ; sld_signaltap:auto_signaltap_0 ; post-synthesis    ; sld_signaltap:auto_signaltap_0|~VCC ; N/A     ;
; auto_signaltap_0|vcc ; post-fitting  ; connected ; sld_signaltap:auto_signaltap_0 ; post-synthesis    ; sld_signaltap:auto_signaltap_0|~VCC ; N/A     ;
; auto_signaltap_0|vcc ; post-fitting  ; connected ; sld_signaltap:auto_signaltap_0 ; post-synthesis    ; sld_signaltap:auto_signaltap_0|~VCC ; N/A     ;
; auto_signaltap_0|vcc ; post-fitting  ; connected ; sld_signaltap:auto_signaltap_0 ; post-synthesis    ; sld_signaltap:auto_signaltap_0|~VCC ; N/A     ;
; auto_signaltap_0|vcc ; post-fitting  ; connected ; sld_signaltap:auto_signaltap_0 ; post-synthesis    ; sld_signaltap:auto_signaltap_0|~VCC ; N/A     ;
; auto_signaltap_0|vcc ; post-fitting  ; connected ; sld_signaltap:auto_signaltap_0 ; post-synthesis    ; sld_signaltap:auto_signaltap_0|~VCC ; N/A     ;
; auto_signaltap_0|vcc ; post-fitting  ; connected ; sld_signaltap:auto_signaltap_0 ; post-synthesis    ; sld_signaltap:auto_signaltap_0|~VCC ; N/A     ;
; auto_signaltap_0|vcc ; post-fitting  ; connected ; sld_signaltap:auto_signaltap_0 ; post-synthesis    ; sld_signaltap:auto_signaltap_0|~VCC ; N/A     ;
; auto_signaltap_0|vcc ; post-fitting  ; connected ; sld_signaltap:auto_signaltap_0 ; post-synthesis    ; sld_signaltap:auto_signaltap_0|~VCC ; N/A     ;
; auto_signaltap_0|vcc ; post-fitting  ; connected ; sld_signaltap:auto_signaltap_0 ; post-synthesis    ; sld_signaltap:auto_signaltap_0|~VCC ; N/A     ;
; auto_signaltap_0|vcc ; post-fitting  ; connected ; sld_signaltap:auto_signaltap_0 ; post-synthesis    ; sld_signaltap:auto_signaltap_0|~VCC ; N/A     ;
+----------------------+---------------+-----------+--------------------------------+-------------------+-------------------------------------+---------+


+-------------------------------+
; Analysis & Synthesis Messages ;
+-------------------------------+
Info: *******************************************************************
Info: Running Quartus Prime Analysis & Synthesis
    Info: Version 18.1.0 Build 625 09/12/2018 SJ Standard Edition
    Info: Processing started: Sun Oct 19 22:53:03 2025
Info: Command: quartus_map --read_settings_files=on --write_settings_files=off smg_disp -c smg_disp
Warning (18236): Number of processors has not been specified which may cause overloading on shared machines.  Set the global assignment NUM_PARALLEL_PROCESSORS in your QSF to an appropriate value for best performance.
Info (20030): Parallel compilation is enabled and will use 16 of the 16 processors detected
Info (12021): Found 1 design units, including 1 entities, in source file smg_disp_de115.v
    Info (12023): Found entity 1: smg_disp_de115 File: D:/FPGA_Restart/FPGA_Projects20250804/Smg_disp/smg_disp_de115.v Line: 1
Info (12127): Elaborating entity "smg_disp_de115" for the top level hierarchy
Warning (10230): Verilog HDL assignment warning at smg_disp_de115.v(8): truncated value with size 8 to match size of target (7) File: D:/FPGA_Restart/FPGA_Projects20250804/Smg_disp/smg_disp_de115.v Line: 8
Info (12021): Found 1 design units, including 1 entities, in source file db/altsyncram_4224.tdf
    Info (12023): Found entity 1: altsyncram_4224 File: D:/FPGA_Restart/FPGA_Projects20250804/Smg_disp/db/altsyncram_4224.tdf Line: 27
Info (12021): Found 1 design units, including 1 entities, in source file db/mux_ssc.tdf
    Info (12023): Found entity 1: mux_ssc File: D:/FPGA_Restart/FPGA_Projects20250804/Smg_disp/db/mux_ssc.tdf Line: 22
Info (12021): Found 1 design units, including 1 entities, in source file db/decode_dvf.tdf
    Info (12023): Found entity 1: decode_dvf File: D:/FPGA_Restart/FPGA_Projects20250804/Smg_disp/db/decode_dvf.tdf Line: 22
Info (12021): Found 1 design units, including 1 entities, in source file db/cntr_uei.tdf
    Info (12023): Found entity 1: cntr_uei File: D:/FPGA_Restart/FPGA_Projects20250804/Smg_disp/db/cntr_uei.tdf Line: 27
Info (12021): Found 1 design units, including 1 entities, in source file db/cmpr_pgc.tdf
    Info (12023): Found entity 1: cmpr_pgc File: D:/FPGA_Restart/FPGA_Projects20250804/Smg_disp/db/cmpr_pgc.tdf Line: 22
Info (12021): Found 1 design units, including 1 entities, in source file db/cntr_i6j.tdf
    Info (12023): Found entity 1: cntr_i6j File: D:/FPGA_Restart/FPGA_Projects20250804/Smg_disp/db/cntr_i6j.tdf Line: 25
Info (12021): Found 1 design units, including 1 entities, in source file db/cntr_egi.tdf
    Info (12023): Found entity 1: cntr_egi File: D:/FPGA_Restart/FPGA_Projects20250804/Smg_disp/db/cntr_egi.tdf Line: 27
Info (12021): Found 1 design units, including 1 entities, in source file db/cmpr_qgc.tdf
    Info (12023): Found entity 1: cmpr_qgc File: D:/FPGA_Restart/FPGA_Projects20250804/Smg_disp/db/cmpr_qgc.tdf Line: 22
Info (12021): Found 1 design units, including 1 entities, in source file db/cntr_23j.tdf
    Info (12023): Found entity 1: cntr_23j File: D:/FPGA_Restart/FPGA_Projects20250804/Smg_disp/db/cntr_23j.tdf Line: 27
Info (12021): Found 1 design units, including 1 entities, in source file db/cmpr_ngc.tdf
    Info (12023): Found entity 1: cmpr_ngc File: D:/FPGA_Restart/FPGA_Projects20250804/Smg_disp/db/cmpr_ngc.tdf Line: 22
Info (12033): Analysis and Synthesis generated Signal Tap or debug node instance "auto_signaltap_0"
Info (11170): Starting IP generation for the debug fabric: alt_sld_fab.
Info (11172): 2025.10.19.22:53:20 Progress: Loading sld0c0d3891/alt_sld_fab_wrapper_hw.tcl
Info (11172): Alt_sld_fab.alt_sld_fab: SLD fabric agents which did not specify prefer_host were connected to JTAG
Info (11172): Alt_sld_fab: Generating alt_sld_fab "alt_sld_fab" for QUARTUS_SYNTH
Info (11172): Alt_sld_fab: "alt_sld_fab" instantiated alt_sld_fab "alt_sld_fab"
Info (11172): Presplit: "alt_sld_fab" instantiated altera_super_splitter "presplit"
Info (11172): Splitter: "alt_sld_fab" instantiated altera_sld_splitter "splitter"
Info (11172): Sldfabric: "alt_sld_fab" instantiated altera_sld_jtag_hub "sldfabric"
Info (11172): Ident: "alt_sld_fab" instantiated altera_connection_identification_hub "ident"
Info (11172): Alt_sld_fab: Done "alt_sld_fab" with 6 modules, 6 files
Info (11171): Finished IP generation for the debug fabric: alt_sld_fab.
Info (12021): Found 1 design units, including 1 entities, in source file db/ip/sld0c0d3891/alt_sld_fab.v
    Info (12023): Found entity 1: alt_sld_fab File: D:/FPGA_Restart/FPGA_Projects20250804/Smg_disp/db/ip/sld0c0d3891/alt_sld_fab.v Line: 9
Info (12021): Found 1 design units, including 1 entities, in source file db/ip/sld0c0d3891/submodules/alt_sld_fab_alt_sld_fab.v
    Info (12023): Found entity 1: alt_sld_fab_alt_sld_fab File: D:/FPGA_Restart/FPGA_Projects20250804/Smg_disp/db/ip/sld0c0d3891/submodules/alt_sld_fab_alt_sld_fab.v Line: 9
Info (12021): Found 1 design units, including 1 entities, in source file db/ip/sld0c0d3891/submodules/alt_sld_fab_alt_sld_fab_ident.sv
    Info (12023): Found entity 1: alt_sld_fab_alt_sld_fab_ident File: D:/FPGA_Restart/FPGA_Projects20250804/Smg_disp/db/ip/sld0c0d3891/submodules/alt_sld_fab_alt_sld_fab_ident.sv Line: 33
Info (12021): Found 1 design units, including 1 entities, in source file db/ip/sld0c0d3891/submodules/alt_sld_fab_alt_sld_fab_presplit.sv
    Info (12023): Found entity 1: alt_sld_fab_alt_sld_fab_presplit File: D:/FPGA_Restart/FPGA_Projects20250804/Smg_disp/db/ip/sld0c0d3891/submodules/alt_sld_fab_alt_sld_fab_presplit.sv Line: 3
Info (12021): Found 2 design units, including 1 entities, in source file db/ip/sld0c0d3891/submodules/alt_sld_fab_alt_sld_fab_sldfabric.vhd
    Info (12022): Found design unit 1: alt_sld_fab_alt_sld_fab_sldfabric-rtl File: D:/FPGA_Restart/FPGA_Projects20250804/Smg_disp/db/ip/sld0c0d3891/submodules/alt_sld_fab_alt_sld_fab_sldfabric.vhd Line: 102
    Info (12023): Found entity 1: alt_sld_fab_alt_sld_fab_sldfabric File: D:/FPGA_Restart/FPGA_Projects20250804/Smg_disp/db/ip/sld0c0d3891/submodules/alt_sld_fab_alt_sld_fab_sldfabric.vhd Line: 11
Info (12021): Found 1 design units, including 1 entities, in source file db/ip/sld0c0d3891/submodules/alt_sld_fab_alt_sld_fab_splitter.sv
    Info (12023): Found entity 1: alt_sld_fab_alt_sld_fab_splitter File: D:/FPGA_Restart/FPGA_Projects20250804/Smg_disp/db/ip/sld0c0d3891/submodules/alt_sld_fab_alt_sld_fab_splitter.sv Line: 3
Warning (13024): Output pins are stuck at VCC or GND
    Warning (13410): Pin "smg_out[0]" is stuck at GND File: D:/FPGA_Restart/FPGA_Projects20250804/Smg_disp/smg_disp_de115.v Line: 7
    Warning (13410): Pin "smg_out[1]" is stuck at VCC File: D:/FPGA_Restart/FPGA_Projects20250804/Smg_disp/smg_disp_de115.v Line: 7
    Warning (13410): Pin "smg_out[2]" is stuck at GND File: D:/FPGA_Restart/FPGA_Projects20250804/Smg_disp/smg_disp_de115.v Line: 7
    Warning (13410): Pin "smg_out[3]" is stuck at GND File: D:/FPGA_Restart/FPGA_Projects20250804/Smg_disp/smg_disp_de115.v Line: 7
    Warning (13410): Pin "smg_out[4]" is stuck at GND File: D:/FPGA_Restart/FPGA_Projects20250804/Smg_disp/smg_disp_de115.v Line: 7
    Warning (13410): Pin "smg_out[5]" is stuck at GND File: D:/FPGA_Restart/FPGA_Projects20250804/Smg_disp/smg_disp_de115.v Line: 7
    Warning (13410): Pin "smg_out[6]" is stuck at GND File: D:/FPGA_Restart/FPGA_Projects20250804/Smg_disp/smg_disp_de115.v Line: 7
Info (35024): Successfully connected in-system debug instance "auto_signaltap_0" to all 47 required data inputs, trigger inputs, acquisition clocks, and dynamic pins
Info (16010): Generating hard_block partition "hard_block:auto_generated_inst"
    Info (16011): Adding 0 node(s), including 0 DDIO, 0 PLL, 0 transceiver and 0 LCELL
Info (21057): Implemented 658 device resources after synthesis - the final resource count might be different
    Info (21058): Implemented 4 input pins
    Info (21059): Implemented 8 output pins
    Info (21061): Implemented 638 logic cells
    Info (21064): Implemented 7 RAM segments
Info: Quartus Prime Analysis & Synthesis was successful. 0 errors, 10 warnings
    Info: Peak virtual memory: 4828 megabytes
    Info: Processing ended: Sun Oct 19 22:53:29 2025
    Info: Elapsed time: 00:00:26
    Info: Total CPU time (on all processors): 00:00:53


