Timing Analyzer report for VGA1
Mon Dec 01 16:43:11 2025
Quartus Prime Version 18.0.0 Build 614 04/24/2018 SJ Standard Edition


---------------------
; Table of Contents ;
---------------------
  1. Legal Notice
  2. Timing Analyzer Summary
  3. Parallel Compilation
  4. Clocks
  5. Slow 1200mV 85C Model Fmax Summary
  6. Timing Closure Recommendations
  7. Slow 1200mV 85C Model Setup Summary
  8. Slow 1200mV 85C Model Hold Summary
  9. Slow 1200mV 85C Model Recovery Summary
 10. Slow 1200mV 85C Model Removal Summary
 11. Slow 1200mV 85C Model Minimum Pulse Width Summary
 12. Slow 1200mV 85C Model Setup: 'u_pll|altpll_component|auto_generated|pll1|clk[0]'
 13. Slow 1200mV 85C Model Hold: 'u_pll|altpll_component|auto_generated|pll1|clk[0]'
 14. Slow 1200mV 85C Model Metastability Summary
 15. Slow 1200mV 0C Model Fmax Summary
 16. Slow 1200mV 0C Model Setup Summary
 17. Slow 1200mV 0C Model Hold Summary
 18. Slow 1200mV 0C Model Recovery Summary
 19. Slow 1200mV 0C Model Removal Summary
 20. Slow 1200mV 0C Model Minimum Pulse Width Summary
 21. Slow 1200mV 0C Model Setup: 'u_pll|altpll_component|auto_generated|pll1|clk[0]'
 22. Slow 1200mV 0C Model Hold: 'u_pll|altpll_component|auto_generated|pll1|clk[0]'
 23. Slow 1200mV 0C Model Metastability Summary
 24. Fast 1200mV 0C Model Setup Summary
 25. Fast 1200mV 0C Model Hold Summary
 26. Fast 1200mV 0C Model Recovery Summary
 27. Fast 1200mV 0C Model Removal Summary
 28. Fast 1200mV 0C Model Minimum Pulse Width Summary
 29. Fast 1200mV 0C Model Setup: 'u_pll|altpll_component|auto_generated|pll1|clk[0]'
 30. Fast 1200mV 0C Model Hold: 'u_pll|altpll_component|auto_generated|pll1|clk[0]'
 31. Fast 1200mV 0C Model Metastability Summary
 32. Multicorner Timing Analysis Summary
 33. Board Trace Model Assignments
 34. Input Transition Times
 35. Signal Integrity Metrics (Slow 1200mv 0c Model)
 36. Signal Integrity Metrics (Slow 1200mv 85c Model)
 37. Signal Integrity Metrics (Fast 1200mv 0c Model)
 38. Setup Transfers
 39. Hold Transfers
 40. Report TCCS
 41. Report RSKM
 42. Unconstrained Paths Summary
 43. Clock Status Summary
 44. Unconstrained Input Ports
 45. Unconstrained Output Ports
 46. Unconstrained Input Ports
 47. Unconstrained Output Ports
 48. Timing Analyzer Messages



----------------
; Legal Notice ;
----------------
Copyright (C) 2018  Intel Corporation. All rights reserved.
Your use of Intel Corporation's design tools, logic functions 
and other software and tools, and its AMPP partner logic 
functions, and any output files from any of the foregoing 
(including device programming or simulation files), and any 
associated documentation or information are expressly subject 
to the terms and conditions of the Intel Program License 
Subscription Agreement, the Intel Quartus Prime License Agreement,
the Intel FPGA IP License Agreement, or other applicable license
agreement, including, without limitation, that your use is for
the sole purpose of programming logic devices manufactured by
Intel and sold by Intel or its authorized distributors.  Please
refer to the applicable agreement for further details.



+---------------------------------------------------------------------------------+
; Timing Analyzer Summary                                                         ;
+-----------------------+---------------------------------------------------------+
; Quartus Prime Version ; Version 18.0.0 Build 614 04/24/2018 SJ Standard Edition ;
; Timing Analyzer       ; Legacy Timing Analyzer                                  ;
; Revision Name         ; VGA1                                                    ;
; Device Family         ; Cyclone IV E                                            ;
; Device Name           ; EP4CE115F29C7                                           ;
; Timing Models         ; Final                                                   ;
; Delay Model           ; Combined                                                ;
; Rise/Fall Delays      ; Enabled                                                 ;
+-----------------------+---------------------------------------------------------+


+------------------------------------------+
; Parallel Compilation                     ;
+----------------------------+-------------+
; Processors                 ; Number      ;
+----------------------------+-------------+
; Number detected on machine ; 24          ;
; Maximum allowed            ; 16          ;
;                            ;             ;
; Average used               ; 1.04        ;
; Maximum used               ; 16          ;
;                            ;             ;
; Usage by Processor         ; % Time Used ;
;     Processor 1            ; 100.0%      ;
;     Processors 2-16        ;   0.3%      ;
+----------------------------+-------------+


+-------------------------------------------------------------------------------------------------------------------------------------------------------------------------------------------------------------------------------------------------------------------------------------------------------------------------+
; Clocks                                                                                                                                                                                                                                                                                                                  ;
+---------------------------------------------------+-----------+--------+-----------+-------+--------+------------+-----------+-------------+-------+--------+-----------+------------+----------+---------+-----------------------------------------------------+-------------------------------------------------------+
; Clock Name                                        ; Type      ; Period ; Frequency ; Rise  ; Fall   ; Duty Cycle ; Divide by ; Multiply by ; Phase ; Offset ; Edge List ; Edge Shift ; Inverted ; Master  ; Source                                              ; Targets                                               ;
+---------------------------------------------------+-----------+--------+-----------+-------+--------+------------+-----------+-------------+-------+--------+-----------+------------+----------+---------+-----------------------------------------------------+-------------------------------------------------------+
; sys_clk                                           ; Base      ; 20.000 ; 50.0 MHz  ; 0.000 ; 10.000 ;            ;           ;             ;       ;        ;           ;            ;          ;         ;                                                     ; { sys_clk }                                           ;
; u_pll|altpll_component|auto_generated|pll1|clk[0] ; Generated ; 39.729 ; 25.17 MHz ; 0.000 ; 19.864 ; 50.00      ; 147       ; 74          ;       ;        ;           ;            ; false    ; sys_clk ; u_pll|altpll_component|auto_generated|pll1|inclk[0] ; { u_pll|altpll_component|auto_generated|pll1|clk[0] } ;
+---------------------------------------------------+-----------+--------+-----------+-------+--------+------------+-----------+-------------+-------+--------+-----------+------------+----------+---------+-----------------------------------------------------+-------------------------------------------------------+


+-----------------------------------------------------------------------------------------+
; Slow 1200mV 85C Model Fmax Summary                                                      ;
+------------+-----------------+---------------------------------------------------+------+
; Fmax       ; Restricted Fmax ; Clock Name                                        ; Note ;
+------------+-----------------+---------------------------------------------------+------+
; 167.25 MHz ; 167.25 MHz      ; u_pll|altpll_component|auto_generated|pll1|clk[0] ;      ;
+------------+-----------------+---------------------------------------------------+------+
This panel reports FMAX for every clock in the design, regardless of the user-specified clock periods.  FMAX is only computed for paths where the source and destination registers or ports are driven by the same clock.  Paths of different clocks, including generated clocks, are ignored.  For paths between a clock and its inversion, FMAX is computed as if the rising and falling edges are scaled along with FMAX, such that the duty cycle (in terms of a percentage) is maintained. Altera recommends that you always use clock constraints and other slack reports for sign-off analysis.


----------------------------------
; Timing Closure Recommendations ;
----------------------------------
HTML report is unavailable in plain text report export.


+----------------------------------------------------------------------------+
; Slow 1200mV 85C Model Setup Summary                                        ;
+---------------------------------------------------+--------+---------------+
; Clock                                             ; Slack  ; End Point TNS ;
+---------------------------------------------------+--------+---------------+
; u_pll|altpll_component|auto_generated|pll1|clk[0] ; 33.750 ; 0.000         ;
+---------------------------------------------------+--------+---------------+


+---------------------------------------------------------------------------+
; Slow 1200mV 85C Model Hold Summary                                        ;
+---------------------------------------------------+-------+---------------+
; Clock                                             ; Slack ; End Point TNS ;
+---------------------------------------------------+-------+---------------+
; u_pll|altpll_component|auto_generated|pll1|clk[0] ; 0.617 ; 0.000         ;
+---------------------------------------------------+-------+---------------+


------------------------------------------
; Slow 1200mV 85C Model Recovery Summary ;
------------------------------------------
No paths to report.


-----------------------------------------
; Slow 1200mV 85C Model Removal Summary ;
-----------------------------------------
No paths to report.


+----------------------------------------------------------------------------+
; Slow 1200mV 85C Model Minimum Pulse Width Summary                          ;
+---------------------------------------------------+--------+---------------+
; Clock                                             ; Slack  ; End Point TNS ;
+---------------------------------------------------+--------+---------------+
; sys_clk                                           ; 9.891  ; 0.000         ;
; u_pll|altpll_component|auto_generated|pll1|clk[0] ; 19.574 ; 0.000         ;
+---------------------------------------------------+--------+---------------+


+--------------------------------------------------------------------------------------------------------------------------------------------------------------------------------------------------------------+
; Slow 1200mV 85C Model Setup: 'u_pll|altpll_component|auto_generated|pll1|clk[0]'                                                                                                                             ;
+--------+--------------------------+-------------------------+---------------------------------------------------+---------------------------------------------------+--------------+------------+------------+
; Slack  ; From Node                ; To Node                 ; Launch Clock                                      ; Latch Clock                                       ; Relationship ; Clock Skew ; Data Delay ;
+--------+--------------------------+-------------------------+---------------------------------------------------+---------------------------------------------------+--------------+------------+------------+
; 33.750 ; vga_ctrl:u_vga|h_cnt[7]  ; vga_ctrl:u_vga|vga_g[0] ; u_pll|altpll_component|auto_generated|pll1|clk[0] ; u_pll|altpll_component|auto_generated|pll1|clk[0] ; 39.729       ; -0.083     ; 5.894      ;
; 33.825 ; vga_ctrl:u_vga|v_cnt[6]  ; vga_ctrl:u_vga|vga_g[0] ; u_pll|altpll_component|auto_generated|pll1|clk[0] ; u_pll|altpll_component|auto_generated|pll1|clk[0] ; 39.729       ; -0.085     ; 5.817      ;
; 33.875 ; vga_ctrl:u_vga|h_cnt[7]  ; vga_ctrl:u_vga|vga_b[6] ; u_pll|altpll_component|auto_generated|pll1|clk[0] ; u_pll|altpll_component|auto_generated|pll1|clk[0] ; 39.729       ; -0.083     ; 5.769      ;
; 33.894 ; vga_ctrl:u_vga|h_cnt[7]  ; vga_ctrl:u_vga|vga_b[7] ; u_pll|altpll_component|auto_generated|pll1|clk[0] ; u_pll|altpll_component|auto_generated|pll1|clk[0] ; 39.729       ; -0.083     ; 5.750      ;
; 33.950 ; vga_ctrl:u_vga|v_cnt[6]  ; vga_ctrl:u_vga|vga_b[6] ; u_pll|altpll_component|auto_generated|pll1|clk[0] ; u_pll|altpll_component|auto_generated|pll1|clk[0] ; 39.729       ; -0.085     ; 5.692      ;
; 33.969 ; vga_ctrl:u_vga|v_cnt[6]  ; vga_ctrl:u_vga|vga_b[7] ; u_pll|altpll_component|auto_generated|pll1|clk[0] ; u_pll|altpll_component|auto_generated|pll1|clk[0] ; 39.729       ; -0.085     ; 5.673      ;
; 33.987 ; vga_ctrl:u_vga|v_cnt[8]  ; vga_ctrl:u_vga|vga_g[0] ; u_pll|altpll_component|auto_generated|pll1|clk[0] ; u_pll|altpll_component|auto_generated|pll1|clk[0] ; 39.729       ; -0.085     ; 5.655      ;
; 34.007 ; vga_ctrl:u_vga|h_cnt[7]  ; vga_ctrl:u_vga|vga_b[4] ; u_pll|altpll_component|auto_generated|pll1|clk[0] ; u_pll|altpll_component|auto_generated|pll1|clk[0] ; 39.729       ; -0.083     ; 5.637      ;
; 34.020 ; vga_ctrl:u_vga|v_cnt[9]  ; vga_ctrl:u_vga|vga_g[0] ; u_pll|altpll_component|auto_generated|pll1|clk[0] ; u_pll|altpll_component|auto_generated|pll1|clk[0] ; 39.729       ; -0.085     ; 5.622      ;
; 34.026 ; vga_ctrl:u_vga|h_cnt[7]  ; vga_ctrl:u_vga|vga_b[5] ; u_pll|altpll_component|auto_generated|pll1|clk[0] ; u_pll|altpll_component|auto_generated|pll1|clk[0] ; 39.729       ; -0.083     ; 5.618      ;
; 34.032 ; vga_ctrl:u_vga|h_cnt[4]  ; vga_ctrl:u_vga|vga_g[0] ; u_pll|altpll_component|auto_generated|pll1|clk[0] ; u_pll|altpll_component|auto_generated|pll1|clk[0] ; 39.729       ; -0.083     ; 5.612      ;
; 34.082 ; vga_ctrl:u_vga|v_cnt[6]  ; vga_ctrl:u_vga|vga_b[4] ; u_pll|altpll_component|auto_generated|pll1|clk[0] ; u_pll|altpll_component|auto_generated|pll1|clk[0] ; 39.729       ; -0.085     ; 5.560      ;
; 34.089 ; vga_ctrl:u_vga|h_cnt[9]  ; vga_ctrl:u_vga|vga_g[0] ; u_pll|altpll_component|auto_generated|pll1|clk[0] ; u_pll|altpll_component|auto_generated|pll1|clk[0] ; 39.729       ; -0.084     ; 5.554      ;
; 34.100 ; vga_ctrl:u_vga|v_cnt[3]  ; vga_ctrl:u_vga|vga_g[0] ; u_pll|altpll_component|auto_generated|pll1|clk[0] ; u_pll|altpll_component|auto_generated|pll1|clk[0] ; 39.729       ; -0.084     ; 5.543      ;
; 34.101 ; vga_ctrl:u_vga|v_cnt[6]  ; vga_ctrl:u_vga|vga_b[5] ; u_pll|altpll_component|auto_generated|pll1|clk[0] ; u_pll|altpll_component|auto_generated|pll1|clk[0] ; 39.729       ; -0.085     ; 5.541      ;
; 34.112 ; vga_ctrl:u_vga|v_cnt[8]  ; vga_ctrl:u_vga|vga_b[6] ; u_pll|altpll_component|auto_generated|pll1|clk[0] ; u_pll|altpll_component|auto_generated|pll1|clk[0] ; 39.729       ; -0.085     ; 5.530      ;
; 34.130 ; vga_ctrl:u_vga|v_cnt[2]  ; vga_ctrl:u_vga|vga_g[0] ; u_pll|altpll_component|auto_generated|pll1|clk[0] ; u_pll|altpll_component|auto_generated|pll1|clk[0] ; 39.729       ; -0.084     ; 5.513      ;
; 34.131 ; vga_ctrl:u_vga|v_cnt[8]  ; vga_ctrl:u_vga|vga_b[7] ; u_pll|altpll_component|auto_generated|pll1|clk[0] ; u_pll|altpll_component|auto_generated|pll1|clk[0] ; 39.729       ; -0.085     ; 5.511      ;
; 34.134 ; vga_ctrl:u_vga|v_cnt[0]  ; vga_ctrl:u_vga|vga_g[0] ; u_pll|altpll_component|auto_generated|pll1|clk[0] ; u_pll|altpll_component|auto_generated|pll1|clk[0] ; 39.729       ; -0.085     ; 5.508      ;
; 34.145 ; vga_ctrl:u_vga|v_cnt[9]  ; vga_ctrl:u_vga|vga_b[6] ; u_pll|altpll_component|auto_generated|pll1|clk[0] ; u_pll|altpll_component|auto_generated|pll1|clk[0] ; 39.729       ; -0.085     ; 5.497      ;
; 34.157 ; vga_ctrl:u_vga|h_cnt[4]  ; vga_ctrl:u_vga|vga_b[6] ; u_pll|altpll_component|auto_generated|pll1|clk[0] ; u_pll|altpll_component|auto_generated|pll1|clk[0] ; 39.729       ; -0.083     ; 5.487      ;
; 34.164 ; vga_ctrl:u_vga|v_cnt[9]  ; vga_ctrl:u_vga|vga_b[7] ; u_pll|altpll_component|auto_generated|pll1|clk[0] ; u_pll|altpll_component|auto_generated|pll1|clk[0] ; 39.729       ; -0.085     ; 5.478      ;
; 34.176 ; vga_ctrl:u_vga|h_cnt[4]  ; vga_ctrl:u_vga|vga_b[7] ; u_pll|altpll_component|auto_generated|pll1|clk[0] ; u_pll|altpll_component|auto_generated|pll1|clk[0] ; 39.729       ; -0.083     ; 5.468      ;
; 34.186 ; vga_ctrl:u_vga|h_cnt[8]  ; vga_ctrl:u_vga|vga_g[0] ; u_pll|altpll_component|auto_generated|pll1|clk[0] ; u_pll|altpll_component|auto_generated|pll1|clk[0] ; 39.729       ; -0.084     ; 5.457      ;
; 34.214 ; vga_ctrl:u_vga|h_cnt[9]  ; vga_ctrl:u_vga|vga_b[6] ; u_pll|altpll_component|auto_generated|pll1|clk[0] ; u_pll|altpll_component|auto_generated|pll1|clk[0] ; 39.729       ; -0.084     ; 5.429      ;
; 34.224 ; vga_ctrl:u_vga|h_cnt[5]  ; vga_ctrl:u_vga|vga_g[0] ; u_pll|altpll_component|auto_generated|pll1|clk[0] ; u_pll|altpll_component|auto_generated|pll1|clk[0] ; 39.729       ; -0.084     ; 5.419      ;
; 34.225 ; vga_ctrl:u_vga|v_cnt[3]  ; vga_ctrl:u_vga|vga_b[6] ; u_pll|altpll_component|auto_generated|pll1|clk[0] ; u_pll|altpll_component|auto_generated|pll1|clk[0] ; 39.729       ; -0.084     ; 5.418      ;
; 34.233 ; vga_ctrl:u_vga|h_cnt[9]  ; vga_ctrl:u_vga|vga_b[7] ; u_pll|altpll_component|auto_generated|pll1|clk[0] ; u_pll|altpll_component|auto_generated|pll1|clk[0] ; 39.729       ; -0.084     ; 5.410      ;
; 34.244 ; vga_ctrl:u_vga|v_cnt[3]  ; vga_ctrl:u_vga|vga_b[7] ; u_pll|altpll_component|auto_generated|pll1|clk[0] ; u_pll|altpll_component|auto_generated|pll1|clk[0] ; 39.729       ; -0.084     ; 5.399      ;
; 34.244 ; vga_ctrl:u_vga|v_cnt[8]  ; vga_ctrl:u_vga|vga_b[4] ; u_pll|altpll_component|auto_generated|pll1|clk[0] ; u_pll|altpll_component|auto_generated|pll1|clk[0] ; 39.729       ; -0.085     ; 5.398      ;
; 34.255 ; vga_ctrl:u_vga|v_cnt[2]  ; vga_ctrl:u_vga|vga_b[6] ; u_pll|altpll_component|auto_generated|pll1|clk[0] ; u_pll|altpll_component|auto_generated|pll1|clk[0] ; 39.729       ; -0.084     ; 5.388      ;
; 34.259 ; vga_ctrl:u_vga|v_cnt[0]  ; vga_ctrl:u_vga|vga_b[6] ; u_pll|altpll_component|auto_generated|pll1|clk[0] ; u_pll|altpll_component|auto_generated|pll1|clk[0] ; 39.729       ; -0.085     ; 5.383      ;
; 34.261 ; vga_ctrl:u_vga|h_cnt[6]  ; vga_ctrl:u_vga|vga_g[0] ; u_pll|altpll_component|auto_generated|pll1|clk[0] ; u_pll|altpll_component|auto_generated|pll1|clk[0] ; 39.729       ; -0.083     ; 5.383      ;
; 34.262 ; vga_ctrl:u_vga|v_cnt[7]  ; vga_ctrl:u_vga|vga_g[0] ; u_pll|altpll_component|auto_generated|pll1|clk[0] ; u_pll|altpll_component|auto_generated|pll1|clk[0] ; 39.729       ; -0.085     ; 5.380      ;
; 34.263 ; vga_ctrl:u_vga|v_cnt[8]  ; vga_ctrl:u_vga|vga_b[5] ; u_pll|altpll_component|auto_generated|pll1|clk[0] ; u_pll|altpll_component|auto_generated|pll1|clk[0] ; 39.729       ; -0.085     ; 5.379      ;
; 34.274 ; vga_ctrl:u_vga|v_cnt[2]  ; vga_ctrl:u_vga|vga_b[7] ; u_pll|altpll_component|auto_generated|pll1|clk[0] ; u_pll|altpll_component|auto_generated|pll1|clk[0] ; 39.729       ; -0.084     ; 5.369      ;
; 34.277 ; vga_ctrl:u_vga|v_cnt[9]  ; vga_ctrl:u_vga|vga_b[4] ; u_pll|altpll_component|auto_generated|pll1|clk[0] ; u_pll|altpll_component|auto_generated|pll1|clk[0] ; 39.729       ; -0.085     ; 5.365      ;
; 34.278 ; vga_ctrl:u_vga|v_cnt[0]  ; vga_ctrl:u_vga|vga_b[7] ; u_pll|altpll_component|auto_generated|pll1|clk[0] ; u_pll|altpll_component|auto_generated|pll1|clk[0] ; 39.729       ; -0.085     ; 5.364      ;
; 34.282 ; vga_ctrl:u_vga|v_cnt[1]  ; vga_ctrl:u_vga|vga_g[0] ; u_pll|altpll_component|auto_generated|pll1|clk[0] ; u_pll|altpll_component|auto_generated|pll1|clk[0] ; 39.729       ; -0.085     ; 5.360      ;
; 34.289 ; vga_ctrl:u_vga|h_cnt[4]  ; vga_ctrl:u_vga|vga_b[4] ; u_pll|altpll_component|auto_generated|pll1|clk[0] ; u_pll|altpll_component|auto_generated|pll1|clk[0] ; 39.729       ; -0.083     ; 5.355      ;
; 34.296 ; vga_ctrl:u_vga|v_cnt[9]  ; vga_ctrl:u_vga|vga_b[5] ; u_pll|altpll_component|auto_generated|pll1|clk[0] ; u_pll|altpll_component|auto_generated|pll1|clk[0] ; 39.729       ; -0.085     ; 5.346      ;
; 34.308 ; vga_ctrl:u_vga|h_cnt[4]  ; vga_ctrl:u_vga|vga_b[5] ; u_pll|altpll_component|auto_generated|pll1|clk[0] ; u_pll|altpll_component|auto_generated|pll1|clk[0] ; 39.729       ; -0.083     ; 5.336      ;
; 34.311 ; vga_ctrl:u_vga|h_cnt[8]  ; vga_ctrl:u_vga|vga_b[6] ; u_pll|altpll_component|auto_generated|pll1|clk[0] ; u_pll|altpll_component|auto_generated|pll1|clk[0] ; 39.729       ; -0.084     ; 5.332      ;
; 34.330 ; vga_ctrl:u_vga|h_cnt[8]  ; vga_ctrl:u_vga|vga_b[7] ; u_pll|altpll_component|auto_generated|pll1|clk[0] ; u_pll|altpll_component|auto_generated|pll1|clk[0] ; 39.729       ; -0.084     ; 5.313      ;
; 34.346 ; vga_ctrl:u_vga|h_cnt[9]  ; vga_ctrl:u_vga|vga_b[4] ; u_pll|altpll_component|auto_generated|pll1|clk[0] ; u_pll|altpll_component|auto_generated|pll1|clk[0] ; 39.729       ; -0.084     ; 5.297      ;
; 34.349 ; vga_ctrl:u_vga|h_cnt[5]  ; vga_ctrl:u_vga|vga_b[6] ; u_pll|altpll_component|auto_generated|pll1|clk[0] ; u_pll|altpll_component|auto_generated|pll1|clk[0] ; 39.729       ; -0.084     ; 5.294      ;
; 34.357 ; vga_ctrl:u_vga|v_cnt[3]  ; vga_ctrl:u_vga|vga_b[4] ; u_pll|altpll_component|auto_generated|pll1|clk[0] ; u_pll|altpll_component|auto_generated|pll1|clk[0] ; 39.729       ; -0.084     ; 5.286      ;
; 34.365 ; vga_ctrl:u_vga|h_cnt[9]  ; vga_ctrl:u_vga|vga_b[5] ; u_pll|altpll_component|auto_generated|pll1|clk[0] ; u_pll|altpll_component|auto_generated|pll1|clk[0] ; 39.729       ; -0.084     ; 5.278      ;
; 34.368 ; vga_ctrl:u_vga|h_cnt[5]  ; vga_ctrl:u_vga|vga_b[7] ; u_pll|altpll_component|auto_generated|pll1|clk[0] ; u_pll|altpll_component|auto_generated|pll1|clk[0] ; 39.729       ; -0.084     ; 5.275      ;
; 34.376 ; vga_ctrl:u_vga|v_cnt[3]  ; vga_ctrl:u_vga|vga_b[5] ; u_pll|altpll_component|auto_generated|pll1|clk[0] ; u_pll|altpll_component|auto_generated|pll1|clk[0] ; 39.729       ; -0.084     ; 5.267      ;
; 34.380 ; vga_ctrl:u_vga|h_cnt[7]  ; vga_ctrl:u_vga|vga_b[2] ; u_pll|altpll_component|auto_generated|pll1|clk[0] ; u_pll|altpll_component|auto_generated|pll1|clk[0] ; 39.729       ; -0.083     ; 5.264      ;
; 34.386 ; vga_ctrl:u_vga|h_cnt[6]  ; vga_ctrl:u_vga|vga_b[6] ; u_pll|altpll_component|auto_generated|pll1|clk[0] ; u_pll|altpll_component|auto_generated|pll1|clk[0] ; 39.729       ; -0.083     ; 5.258      ;
; 34.387 ; vga_ctrl:u_vga|v_cnt[7]  ; vga_ctrl:u_vga|vga_b[6] ; u_pll|altpll_component|auto_generated|pll1|clk[0] ; u_pll|altpll_component|auto_generated|pll1|clk[0] ; 39.729       ; -0.085     ; 5.255      ;
; 34.387 ; vga_ctrl:u_vga|v_cnt[2]  ; vga_ctrl:u_vga|vga_b[4] ; u_pll|altpll_component|auto_generated|pll1|clk[0] ; u_pll|altpll_component|auto_generated|pll1|clk[0] ; 39.729       ; -0.084     ; 5.256      ;
; 34.391 ; vga_ctrl:u_vga|v_cnt[0]  ; vga_ctrl:u_vga|vga_b[4] ; u_pll|altpll_component|auto_generated|pll1|clk[0] ; u_pll|altpll_component|auto_generated|pll1|clk[0] ; 39.729       ; -0.085     ; 5.251      ;
; 34.399 ; vga_ctrl:u_vga|h_cnt[7]  ; vga_ctrl:u_vga|vga_b[3] ; u_pll|altpll_component|auto_generated|pll1|clk[0] ; u_pll|altpll_component|auto_generated|pll1|clk[0] ; 39.729       ; -0.083     ; 5.245      ;
; 34.405 ; vga_ctrl:u_vga|h_cnt[6]  ; vga_ctrl:u_vga|vga_b[7] ; u_pll|altpll_component|auto_generated|pll1|clk[0] ; u_pll|altpll_component|auto_generated|pll1|clk[0] ; 39.729       ; -0.083     ; 5.239      ;
; 34.406 ; vga_ctrl:u_vga|v_cnt[7]  ; vga_ctrl:u_vga|vga_b[7] ; u_pll|altpll_component|auto_generated|pll1|clk[0] ; u_pll|altpll_component|auto_generated|pll1|clk[0] ; 39.729       ; -0.085     ; 5.236      ;
; 34.406 ; vga_ctrl:u_vga|v_cnt[2]  ; vga_ctrl:u_vga|vga_b[5] ; u_pll|altpll_component|auto_generated|pll1|clk[0] ; u_pll|altpll_component|auto_generated|pll1|clk[0] ; 39.729       ; -0.084     ; 5.237      ;
; 34.407 ; vga_ctrl:u_vga|v_cnt[1]  ; vga_ctrl:u_vga|vga_b[6] ; u_pll|altpll_component|auto_generated|pll1|clk[0] ; u_pll|altpll_component|auto_generated|pll1|clk[0] ; 39.729       ; -0.085     ; 5.235      ;
; 34.410 ; vga_ctrl:u_vga|v_cnt[0]  ; vga_ctrl:u_vga|vga_b[5] ; u_pll|altpll_component|auto_generated|pll1|clk[0] ; u_pll|altpll_component|auto_generated|pll1|clk[0] ; 39.729       ; -0.085     ; 5.232      ;
; 34.426 ; vga_ctrl:u_vga|v_cnt[1]  ; vga_ctrl:u_vga|vga_b[7] ; u_pll|altpll_component|auto_generated|pll1|clk[0] ; u_pll|altpll_component|auto_generated|pll1|clk[0] ; 39.729       ; -0.085     ; 5.216      ;
; 34.443 ; vga_ctrl:u_vga|h_cnt[8]  ; vga_ctrl:u_vga|vga_b[4] ; u_pll|altpll_component|auto_generated|pll1|clk[0] ; u_pll|altpll_component|auto_generated|pll1|clk[0] ; 39.729       ; -0.084     ; 5.200      ;
; 34.455 ; vga_ctrl:u_vga|v_cnt[6]  ; vga_ctrl:u_vga|vga_b[2] ; u_pll|altpll_component|auto_generated|pll1|clk[0] ; u_pll|altpll_component|auto_generated|pll1|clk[0] ; 39.729       ; -0.085     ; 5.187      ;
; 34.462 ; vga_ctrl:u_vga|h_cnt[8]  ; vga_ctrl:u_vga|vga_b[5] ; u_pll|altpll_component|auto_generated|pll1|clk[0] ; u_pll|altpll_component|auto_generated|pll1|clk[0] ; 39.729       ; -0.084     ; 5.181      ;
; 34.474 ; vga_ctrl:u_vga|v_cnt[6]  ; vga_ctrl:u_vga|vga_b[3] ; u_pll|altpll_component|auto_generated|pll1|clk[0] ; u_pll|altpll_component|auto_generated|pll1|clk[0] ; 39.729       ; -0.085     ; 5.168      ;
; 34.481 ; vga_ctrl:u_vga|h_cnt[5]  ; vga_ctrl:u_vga|vga_b[4] ; u_pll|altpll_component|auto_generated|pll1|clk[0] ; u_pll|altpll_component|auto_generated|pll1|clk[0] ; 39.729       ; -0.084     ; 5.162      ;
; 34.500 ; vga_ctrl:u_vga|h_cnt[5]  ; vga_ctrl:u_vga|vga_b[5] ; u_pll|altpll_component|auto_generated|pll1|clk[0] ; u_pll|altpll_component|auto_generated|pll1|clk[0] ; 39.729       ; -0.084     ; 5.143      ;
; 34.515 ; vga_ctrl:u_vga|v_cnt[11] ; vga_ctrl:u_vga|vga_g[0] ; u_pll|altpll_component|auto_generated|pll1|clk[0] ; u_pll|altpll_component|auto_generated|pll1|clk[0] ; 39.729       ; -0.085     ; 5.127      ;
; 34.518 ; vga_ctrl:u_vga|h_cnt[6]  ; vga_ctrl:u_vga|vga_b[4] ; u_pll|altpll_component|auto_generated|pll1|clk[0] ; u_pll|altpll_component|auto_generated|pll1|clk[0] ; 39.729       ; -0.083     ; 5.126      ;
; 34.519 ; vga_ctrl:u_vga|v_cnt[7]  ; vga_ctrl:u_vga|vga_b[4] ; u_pll|altpll_component|auto_generated|pll1|clk[0] ; u_pll|altpll_component|auto_generated|pll1|clk[0] ; 39.729       ; -0.085     ; 5.123      ;
; 34.537 ; vga_ctrl:u_vga|h_cnt[6]  ; vga_ctrl:u_vga|vga_b[5] ; u_pll|altpll_component|auto_generated|pll1|clk[0] ; u_pll|altpll_component|auto_generated|pll1|clk[0] ; 39.729       ; -0.083     ; 5.107      ;
; 34.538 ; vga_ctrl:u_vga|v_cnt[7]  ; vga_ctrl:u_vga|vga_b[5] ; u_pll|altpll_component|auto_generated|pll1|clk[0] ; u_pll|altpll_component|auto_generated|pll1|clk[0] ; 39.729       ; -0.085     ; 5.104      ;
; 34.539 ; vga_ctrl:u_vga|v_cnt[1]  ; vga_ctrl:u_vga|vga_b[4] ; u_pll|altpll_component|auto_generated|pll1|clk[0] ; u_pll|altpll_component|auto_generated|pll1|clk[0] ; 39.729       ; -0.085     ; 5.103      ;
; 34.547 ; vga_ctrl:u_vga|v_cnt[4]  ; vga_ctrl:u_vga|vga_g[0] ; u_pll|altpll_component|auto_generated|pll1|clk[0] ; u_pll|altpll_component|auto_generated|pll1|clk[0] ; 39.729       ; -0.085     ; 5.095      ;
; 34.558 ; vga_ctrl:u_vga|v_cnt[1]  ; vga_ctrl:u_vga|vga_b[5] ; u_pll|altpll_component|auto_generated|pll1|clk[0] ; u_pll|altpll_component|auto_generated|pll1|clk[0] ; 39.729       ; -0.085     ; 5.084      ;
; 34.577 ; vga_ctrl:u_vga|h_cnt[10] ; vga_ctrl:u_vga|vga_g[0] ; u_pll|altpll_component|auto_generated|pll1|clk[0] ; u_pll|altpll_component|auto_generated|pll1|clk[0] ; 39.729       ; -0.083     ; 5.067      ;
; 34.617 ; vga_ctrl:u_vga|v_cnt[8]  ; vga_ctrl:u_vga|vga_b[2] ; u_pll|altpll_component|auto_generated|pll1|clk[0] ; u_pll|altpll_component|auto_generated|pll1|clk[0] ; 39.729       ; -0.085     ; 5.025      ;
; 34.636 ; vga_ctrl:u_vga|v_cnt[8]  ; vga_ctrl:u_vga|vga_b[3] ; u_pll|altpll_component|auto_generated|pll1|clk[0] ; u_pll|altpll_component|auto_generated|pll1|clk[0] ; 39.729       ; -0.085     ; 5.006      ;
; 34.640 ; vga_ctrl:u_vga|v_cnt[11] ; vga_ctrl:u_vga|vga_b[6] ; u_pll|altpll_component|auto_generated|pll1|clk[0] ; u_pll|altpll_component|auto_generated|pll1|clk[0] ; 39.729       ; -0.085     ; 5.002      ;
; 34.644 ; vga_ctrl:u_vga|h_cnt[7]  ; vga_ctrl:u_vga|vga_b[1] ; u_pll|altpll_component|auto_generated|pll1|clk[0] ; u_pll|altpll_component|auto_generated|pll1|clk[0] ; 39.729       ; -0.083     ; 5.000      ;
; 34.644 ; vga_ctrl:u_vga|v_cnt[5]  ; vga_ctrl:u_vga|vga_g[0] ; u_pll|altpll_component|auto_generated|pll1|clk[0] ; u_pll|altpll_component|auto_generated|pll1|clk[0] ; 39.729       ; -0.085     ; 4.998      ;
; 34.650 ; vga_ctrl:u_vga|v_cnt[9]  ; vga_ctrl:u_vga|vga_b[2] ; u_pll|altpll_component|auto_generated|pll1|clk[0] ; u_pll|altpll_component|auto_generated|pll1|clk[0] ; 39.729       ; -0.085     ; 4.992      ;
; 34.659 ; vga_ctrl:u_vga|v_cnt[11] ; vga_ctrl:u_vga|vga_b[7] ; u_pll|altpll_component|auto_generated|pll1|clk[0] ; u_pll|altpll_component|auto_generated|pll1|clk[0] ; 39.729       ; -0.085     ; 4.983      ;
; 34.662 ; vga_ctrl:u_vga|h_cnt[4]  ; vga_ctrl:u_vga|vga_b[2] ; u_pll|altpll_component|auto_generated|pll1|clk[0] ; u_pll|altpll_component|auto_generated|pll1|clk[0] ; 39.729       ; -0.083     ; 4.982      ;
; 34.669 ; vga_ctrl:u_vga|v_cnt[9]  ; vga_ctrl:u_vga|vga_b[3] ; u_pll|altpll_component|auto_generated|pll1|clk[0] ; u_pll|altpll_component|auto_generated|pll1|clk[0] ; 39.729       ; -0.085     ; 4.973      ;
; 34.672 ; vga_ctrl:u_vga|v_cnt[4]  ; vga_ctrl:u_vga|vga_b[6] ; u_pll|altpll_component|auto_generated|pll1|clk[0] ; u_pll|altpll_component|auto_generated|pll1|clk[0] ; 39.729       ; -0.085     ; 4.970      ;
; 34.681 ; vga_ctrl:u_vga|h_cnt[4]  ; vga_ctrl:u_vga|vga_b[3] ; u_pll|altpll_component|auto_generated|pll1|clk[0] ; u_pll|altpll_component|auto_generated|pll1|clk[0] ; 39.729       ; -0.083     ; 4.963      ;
; 34.691 ; vga_ctrl:u_vga|v_cnt[4]  ; vga_ctrl:u_vga|vga_b[7] ; u_pll|altpll_component|auto_generated|pll1|clk[0] ; u_pll|altpll_component|auto_generated|pll1|clk[0] ; 39.729       ; -0.085     ; 4.951      ;
; 34.702 ; vga_ctrl:u_vga|h_cnt[10] ; vga_ctrl:u_vga|vga_b[6] ; u_pll|altpll_component|auto_generated|pll1|clk[0] ; u_pll|altpll_component|auto_generated|pll1|clk[0] ; 39.729       ; -0.083     ; 4.942      ;
; 34.716 ; vga_ctrl:u_vga|v_cnt[6]  ; vga_ctrl:u_vga|vga_b[1] ; u_pll|altpll_component|auto_generated|pll1|clk[0] ; u_pll|altpll_component|auto_generated|pll1|clk[0] ; 39.729       ; -0.085     ; 4.926      ;
; 34.719 ; vga_ctrl:u_vga|h_cnt[9]  ; vga_ctrl:u_vga|vga_b[2] ; u_pll|altpll_component|auto_generated|pll1|clk[0] ; u_pll|altpll_component|auto_generated|pll1|clk[0] ; 39.729       ; -0.084     ; 4.924      ;
; 34.721 ; vga_ctrl:u_vga|h_cnt[10] ; vga_ctrl:u_vga|vga_b[7] ; u_pll|altpll_component|auto_generated|pll1|clk[0] ; u_pll|altpll_component|auto_generated|pll1|clk[0] ; 39.729       ; -0.083     ; 4.923      ;
; 34.730 ; vga_ctrl:u_vga|v_cnt[3]  ; vga_ctrl:u_vga|vga_b[2] ; u_pll|altpll_component|auto_generated|pll1|clk[0] ; u_pll|altpll_component|auto_generated|pll1|clk[0] ; 39.729       ; -0.084     ; 4.913      ;
; 34.738 ; vga_ctrl:u_vga|h_cnt[9]  ; vga_ctrl:u_vga|vga_b[3] ; u_pll|altpll_component|auto_generated|pll1|clk[0] ; u_pll|altpll_component|auto_generated|pll1|clk[0] ; 39.729       ; -0.084     ; 4.905      ;
; 34.749 ; vga_ctrl:u_vga|v_cnt[3]  ; vga_ctrl:u_vga|vga_b[3] ; u_pll|altpll_component|auto_generated|pll1|clk[0] ; u_pll|altpll_component|auto_generated|pll1|clk[0] ; 39.729       ; -0.084     ; 4.894      ;
; 34.760 ; vga_ctrl:u_vga|v_cnt[2]  ; vga_ctrl:u_vga|vga_b[2] ; u_pll|altpll_component|auto_generated|pll1|clk[0] ; u_pll|altpll_component|auto_generated|pll1|clk[0] ; 39.729       ; -0.084     ; 4.883      ;
; 34.764 ; vga_ctrl:u_vga|v_cnt[0]  ; vga_ctrl:u_vga|vga_b[2] ; u_pll|altpll_component|auto_generated|pll1|clk[0] ; u_pll|altpll_component|auto_generated|pll1|clk[0] ; 39.729       ; -0.085     ; 4.878      ;
; 34.769 ; vga_ctrl:u_vga|v_cnt[5]  ; vga_ctrl:u_vga|vga_b[6] ; u_pll|altpll_component|auto_generated|pll1|clk[0] ; u_pll|altpll_component|auto_generated|pll1|clk[0] ; 39.729       ; -0.085     ; 4.873      ;
; 34.772 ; vga_ctrl:u_vga|v_cnt[11] ; vga_ctrl:u_vga|vga_b[4] ; u_pll|altpll_component|auto_generated|pll1|clk[0] ; u_pll|altpll_component|auto_generated|pll1|clk[0] ; 39.729       ; -0.085     ; 4.870      ;
+--------+--------------------------+-------------------------+---------------------------------------------------+---------------------------------------------------+--------------+------------+------------+


+--------------------------------------------------------------------------------------------------------------------------------------------------------------------------------------------------------------+
; Slow 1200mV 85C Model Hold: 'u_pll|altpll_component|auto_generated|pll1|clk[0]'                                                                                                                              ;
+-------+--------------------------+--------------------------+---------------------------------------------------+---------------------------------------------------+--------------+------------+------------+
; Slack ; From Node                ; To Node                  ; Launch Clock                                      ; Latch Clock                                       ; Relationship ; Clock Skew ; Data Delay ;
+-------+--------------------------+--------------------------+---------------------------------------------------+---------------------------------------------------+--------------+------------+------------+
; 0.617 ; vga_ctrl:u_vga|h_cnt[8]  ; vga_ctrl:u_vga|vga_hs    ; u_pll|altpll_component|auto_generated|pll1|clk[0] ; u_pll|altpll_component|auto_generated|pll1|clk[0] ; 0.000        ; 0.080      ; 0.883      ;
; 0.656 ; vga_ctrl:u_vga|v_cnt[8]  ; vga_ctrl:u_vga|v_cnt[8]  ; u_pll|altpll_component|auto_generated|pll1|clk[0] ; u_pll|altpll_component|auto_generated|pll1|clk[0] ; 0.000        ; 0.080      ; 0.922      ;
; 0.656 ; vga_ctrl:u_vga|v_cnt[1]  ; vga_ctrl:u_vga|v_cnt[1]  ; u_pll|altpll_component|auto_generated|pll1|clk[0] ; u_pll|altpll_component|auto_generated|pll1|clk[0] ; 0.000        ; 0.080      ; 0.922      ;
; 0.658 ; vga_ctrl:u_vga|v_cnt[11] ; vga_ctrl:u_vga|v_cnt[11] ; u_pll|altpll_component|auto_generated|pll1|clk[0] ; u_pll|altpll_component|auto_generated|pll1|clk[0] ; 0.000        ; 0.080      ; 0.924      ;
; 0.658 ; vga_ctrl:u_vga|v_cnt[4]  ; vga_ctrl:u_vga|v_cnt[4]  ; u_pll|altpll_component|auto_generated|pll1|clk[0] ; u_pll|altpll_component|auto_generated|pll1|clk[0] ; 0.000        ; 0.080      ; 0.924      ;
; 0.662 ; vga_ctrl:u_vga|v_cnt[10] ; vga_ctrl:u_vga|v_cnt[10] ; u_pll|altpll_component|auto_generated|pll1|clk[0] ; u_pll|altpll_component|auto_generated|pll1|clk[0] ; 0.000        ; 0.080      ; 0.928      ;
; 0.662 ; vga_ctrl:u_vga|h_cnt[1]  ; vga_ctrl:u_vga|h_cnt[1]  ; u_pll|altpll_component|auto_generated|pll1|clk[0] ; u_pll|altpll_component|auto_generated|pll1|clk[0] ; 0.000        ; 0.080      ; 0.928      ;
; 0.663 ; vga_ctrl:u_vga|h_cnt[3]  ; vga_ctrl:u_vga|h_cnt[3]  ; u_pll|altpll_component|auto_generated|pll1|clk[0] ; u_pll|altpll_component|auto_generated|pll1|clk[0] ; 0.000        ; 0.080      ; 0.929      ;
; 0.665 ; vga_ctrl:u_vga|h_cnt[11] ; vga_ctrl:u_vga|h_cnt[11] ; u_pll|altpll_component|auto_generated|pll1|clk[0] ; u_pll|altpll_component|auto_generated|pll1|clk[0] ; 0.000        ; 0.080      ; 0.931      ;
; 0.666 ; vga_ctrl:u_vga|h_cnt[4]  ; vga_ctrl:u_vga|h_cnt[4]  ; u_pll|altpll_component|auto_generated|pll1|clk[0] ; u_pll|altpll_component|auto_generated|pll1|clk[0] ; 0.000        ; 0.080      ; 0.932      ;
; 0.667 ; vga_ctrl:u_vga|v_cnt[5]  ; vga_ctrl:u_vga|v_cnt[5]  ; u_pll|altpll_component|auto_generated|pll1|clk[0] ; u_pll|altpll_component|auto_generated|pll1|clk[0] ; 0.000        ; 0.080      ; 0.933      ;
; 0.668 ; vga_ctrl:u_vga|h_cnt[2]  ; vga_ctrl:u_vga|h_cnt[2]  ; u_pll|altpll_component|auto_generated|pll1|clk[0] ; u_pll|altpll_component|auto_generated|pll1|clk[0] ; 0.000        ; 0.080      ; 0.934      ;
; 0.669 ; vga_ctrl:u_vga|h_cnt[10] ; vga_ctrl:u_vga|h_cnt[10] ; u_pll|altpll_component|auto_generated|pll1|clk[0] ; u_pll|altpll_component|auto_generated|pll1|clk[0] ; 0.000        ; 0.080      ; 0.935      ;
; 0.675 ; vga_ctrl:u_vga|v_cnt[7]  ; vga_ctrl:u_vga|v_cnt[7]  ; u_pll|altpll_component|auto_generated|pll1|clk[0] ; u_pll|altpll_component|auto_generated|pll1|clk[0] ; 0.000        ; 0.080      ; 0.941      ;
; 0.678 ; vga_ctrl:u_vga|h_cnt[6]  ; vga_ctrl:u_vga|h_cnt[6]  ; u_pll|altpll_component|auto_generated|pll1|clk[0] ; u_pll|altpll_component|auto_generated|pll1|clk[0] ; 0.000        ; 0.080      ; 0.944      ;
; 0.691 ; vga_ctrl:u_vga|h_cnt[0]  ; vga_ctrl:u_vga|h_cnt[0]  ; u_pll|altpll_component|auto_generated|pll1|clk[0] ; u_pll|altpll_component|auto_generated|pll1|clk[0] ; 0.000        ; 0.080      ; 0.957      ;
; 0.778 ; vga_ctrl:u_vga|h_cnt[9]  ; vga_ctrl:u_vga|vga_hs    ; u_pll|altpll_component|auto_generated|pll1|clk[0] ; u_pll|altpll_component|auto_generated|pll1|clk[0] ; 0.000        ; 0.080      ; 1.044      ;
; 0.820 ; vga_ctrl:u_vga|h_cnt[7]  ; vga_ctrl:u_vga|h_cnt[7]  ; u_pll|altpll_component|auto_generated|pll1|clk[0] ; u_pll|altpll_component|auto_generated|pll1|clk[0] ; 0.000        ; 0.080      ; 1.086      ;
; 0.825 ; vga_ctrl:u_vga|v_cnt[6]  ; vga_ctrl:u_vga|v_cnt[6]  ; u_pll|altpll_component|auto_generated|pll1|clk[0] ; u_pll|altpll_component|auto_generated|pll1|clk[0] ; 0.000        ; 0.080      ; 1.091      ;
; 0.849 ; vga_ctrl:u_vga|v_cnt[7]  ; vga_ctrl:u_vga|v_cnt[9]  ; u_pll|altpll_component|auto_generated|pll1|clk[0] ; u_pll|altpll_component|auto_generated|pll1|clk[0] ; 0.000        ; 0.080      ; 1.115      ;
; 0.850 ; vga_ctrl:u_vga|v_cnt[7]  ; vga_ctrl:u_vga|v_cnt[0]  ; u_pll|altpll_component|auto_generated|pll1|clk[0] ; u_pll|altpll_component|auto_generated|pll1|clk[0] ; 0.000        ; 0.080      ; 1.116      ;
; 0.928 ; vga_ctrl:u_vga|h_cnt[7]  ; vga_ctrl:u_vga|vga_hs    ; u_pll|altpll_component|auto_generated|pll1|clk[0] ; u_pll|altpll_component|auto_generated|pll1|clk[0] ; 0.000        ; 0.080      ; 1.194      ;
; 0.964 ; vga_ctrl:u_vga|v_cnt[5]  ; vga_ctrl:u_vga|v_cnt[9]  ; u_pll|altpll_component|auto_generated|pll1|clk[0] ; u_pll|altpll_component|auto_generated|pll1|clk[0] ; 0.000        ; 0.080      ; 1.230      ;
; 0.965 ; vga_ctrl:u_vga|v_cnt[5]  ; vga_ctrl:u_vga|v_cnt[0]  ; u_pll|altpll_component|auto_generated|pll1|clk[0] ; u_pll|altpll_component|auto_generated|pll1|clk[0] ; 0.000        ; 0.080      ; 1.231      ;
; 0.980 ; vga_ctrl:u_vga|h_cnt[1]  ; vga_ctrl:u_vga|h_cnt[2]  ; u_pll|altpll_component|auto_generated|pll1|clk[0] ; u_pll|altpll_component|auto_generated|pll1|clk[0] ; 0.000        ; 0.080      ; 1.246      ;
; 0.981 ; vga_ctrl:u_vga|h_cnt[3]  ; vga_ctrl:u_vga|h_cnt[4]  ; u_pll|altpll_component|auto_generated|pll1|clk[0] ; u_pll|altpll_component|auto_generated|pll1|clk[0] ; 0.000        ; 0.080      ; 1.247      ;
; 0.984 ; vga_ctrl:u_vga|v_cnt[5]  ; vga_ctrl:u_vga|v_cnt[6]  ; u_pll|altpll_component|auto_generated|pll1|clk[0] ; u_pll|altpll_component|auto_generated|pll1|clk[0] ; 0.000        ; 0.080      ; 1.250      ;
; 0.985 ; vga_ctrl:u_vga|v_cnt[4]  ; vga_ctrl:u_vga|v_cnt[5]  ; u_pll|altpll_component|auto_generated|pll1|clk[0] ; u_pll|altpll_component|auto_generated|pll1|clk[0] ; 0.000        ; 0.080      ; 1.251      ;
; 0.987 ; vga_ctrl:u_vga|v_cnt[0]  ; vga_ctrl:u_vga|v_cnt[1]  ; u_pll|altpll_component|auto_generated|pll1|clk[0] ; u_pll|altpll_component|auto_generated|pll1|clk[0] ; 0.000        ; 0.080      ; 1.253      ;
; 0.988 ; vga_ctrl:u_vga|v_cnt[8]  ; vga_ctrl:u_vga|v_cnt[10] ; u_pll|altpll_component|auto_generated|pll1|clk[0] ; u_pll|altpll_component|auto_generated|pll1|clk[0] ; 0.000        ; 0.080      ; 1.254      ;
; 0.989 ; vga_ctrl:u_vga|v_cnt[10] ; vga_ctrl:u_vga|v_cnt[11] ; u_pll|altpll_component|auto_generated|pll1|clk[0] ; u_pll|altpll_component|auto_generated|pll1|clk[0] ; 0.000        ; 0.080      ; 1.255      ;
; 0.990 ; vga_ctrl:u_vga|v_cnt[4]  ; vga_ctrl:u_vga|v_cnt[6]  ; u_pll|altpll_component|auto_generated|pll1|clk[0] ; u_pll|altpll_component|auto_generated|pll1|clk[0] ; 0.000        ; 0.080      ; 1.256      ;
; 0.992 ; vga_ctrl:u_vga|v_cnt[7]  ; vga_ctrl:u_vga|v_cnt[8]  ; u_pll|altpll_component|auto_generated|pll1|clk[0] ; u_pll|altpll_component|auto_generated|pll1|clk[0] ; 0.000        ; 0.080      ; 1.258      ;
; 0.995 ; vga_ctrl:u_vga|h_cnt[0]  ; vga_ctrl:u_vga|h_cnt[1]  ; u_pll|altpll_component|auto_generated|pll1|clk[0] ; u_pll|altpll_component|auto_generated|pll1|clk[0] ; 0.000        ; 0.080      ; 1.261      ;
; 0.995 ; vga_ctrl:u_vga|h_cnt[2]  ; vga_ctrl:u_vga|h_cnt[3]  ; u_pll|altpll_component|auto_generated|pll1|clk[0] ; u_pll|altpll_component|auto_generated|pll1|clk[0] ; 0.000        ; 0.080      ; 1.261      ;
; 0.996 ; vga_ctrl:u_vga|h_cnt[10] ; vga_ctrl:u_vga|h_cnt[11] ; u_pll|altpll_component|auto_generated|pll1|clk[0] ; u_pll|altpll_component|auto_generated|pll1|clk[0] ; 0.000        ; 0.080      ; 1.262      ;
; 0.998 ; vga_ctrl:u_vga|h_cnt[4]  ; vga_ctrl:u_vga|h_cnt[6]  ; u_pll|altpll_component|auto_generated|pll1|clk[0] ; u_pll|altpll_component|auto_generated|pll1|clk[0] ; 0.000        ; 0.080      ; 1.264      ;
; 1.000 ; vga_ctrl:u_vga|h_cnt[0]  ; vga_ctrl:u_vga|h_cnt[2]  ; u_pll|altpll_component|auto_generated|pll1|clk[0] ; u_pll|altpll_component|auto_generated|pll1|clk[0] ; 0.000        ; 0.080      ; 1.266      ;
; 1.000 ; vga_ctrl:u_vga|h_cnt[2]  ; vga_ctrl:u_vga|h_cnt[4]  ; u_pll|altpll_component|auto_generated|pll1|clk[0] ; u_pll|altpll_component|auto_generated|pll1|clk[0] ; 0.000        ; 0.080      ; 1.266      ;
; 1.005 ; vga_ctrl:u_vga|h_cnt[6]  ; vga_ctrl:u_vga|h_cnt[7]  ; u_pll|altpll_component|auto_generated|pll1|clk[0] ; u_pll|altpll_component|auto_generated|pll1|clk[0] ; 0.000        ; 0.080      ; 1.271      ;
; 1.009 ; vga_ctrl:u_vga|v_cnt[1]  ; vga_ctrl:u_vga|vga_vs    ; u_pll|altpll_component|auto_generated|pll1|clk[0] ; u_pll|altpll_component|auto_generated|pll1|clk[0] ; 0.000        ; 0.079      ; 1.274      ;
; 1.014 ; vga_ctrl:u_vga|v_cnt[7]  ; vga_ctrl:u_vga|v_cnt[3]  ; u_pll|altpll_component|auto_generated|pll1|clk[0] ; u_pll|altpll_component|auto_generated|pll1|clk[0] ; 0.000        ; 0.079      ; 1.279      ;
; 1.015 ; vga_ctrl:u_vga|v_cnt[7]  ; vga_ctrl:u_vga|v_cnt[2]  ; u_pll|altpll_component|auto_generated|pll1|clk[0] ; u_pll|altpll_component|auto_generated|pll1|clk[0] ; 0.000        ; 0.079      ; 1.280      ;
; 1.100 ; vga_ctrl:u_vga|v_cnt[1]  ; vga_ctrl:u_vga|v_cnt[4]  ; u_pll|altpll_component|auto_generated|pll1|clk[0] ; u_pll|altpll_component|auto_generated|pll1|clk[0] ; 0.000        ; 0.080      ; 1.366      ;
; 1.101 ; vga_ctrl:u_vga|h_cnt[1]  ; vga_ctrl:u_vga|h_cnt[3]  ; u_pll|altpll_component|auto_generated|pll1|clk[0] ; u_pll|altpll_component|auto_generated|pll1|clk[0] ; 0.000        ; 0.080      ; 1.367      ;
; 1.105 ; vga_ctrl:u_vga|h_cnt[6]  ; vga_ctrl:u_vga|vga_hs    ; u_pll|altpll_component|auto_generated|pll1|clk[0] ; u_pll|altpll_component|auto_generated|pll1|clk[0] ; 0.000        ; 0.080      ; 1.371      ;
; 1.105 ; vga_ctrl:u_vga|v_cnt[5]  ; vga_ctrl:u_vga|v_cnt[7]  ; u_pll|altpll_component|auto_generated|pll1|clk[0] ; u_pll|altpll_component|auto_generated|pll1|clk[0] ; 0.000        ; 0.080      ; 1.371      ;
; 1.106 ; vga_ctrl:u_vga|h_cnt[1]  ; vga_ctrl:u_vga|h_cnt[4]  ; u_pll|altpll_component|auto_generated|pll1|clk[0] ; u_pll|altpll_component|auto_generated|pll1|clk[0] ; 0.000        ; 0.080      ; 1.372      ;
; 1.107 ; vga_ctrl:u_vga|h_cnt[3]  ; vga_ctrl:u_vga|h_cnt[6]  ; u_pll|altpll_component|auto_generated|pll1|clk[0] ; u_pll|altpll_component|auto_generated|pll1|clk[0] ; 0.000        ; 0.080      ; 1.373      ;
; 1.109 ; vga_ctrl:u_vga|v_cnt[8]  ; vga_ctrl:u_vga|v_cnt[11] ; u_pll|altpll_component|auto_generated|pll1|clk[0] ; u_pll|altpll_component|auto_generated|pll1|clk[0] ; 0.000        ; 0.080      ; 1.375      ;
; 1.110 ; vga_ctrl:u_vga|v_cnt[5]  ; vga_ctrl:u_vga|v_cnt[8]  ; u_pll|altpll_component|auto_generated|pll1|clk[0] ; u_pll|altpll_component|auto_generated|pll1|clk[0] ; 0.000        ; 0.080      ; 1.376      ;
; 1.111 ; vga_ctrl:u_vga|v_cnt[4]  ; vga_ctrl:u_vga|v_cnt[7]  ; u_pll|altpll_component|auto_generated|pll1|clk[0] ; u_pll|altpll_component|auto_generated|pll1|clk[0] ; 0.000        ; 0.080      ; 1.377      ;
; 1.116 ; vga_ctrl:u_vga|v_cnt[4]  ; vga_ctrl:u_vga|v_cnt[8]  ; u_pll|altpll_component|auto_generated|pll1|clk[0] ; u_pll|altpll_component|auto_generated|pll1|clk[0] ; 0.000        ; 0.080      ; 1.382      ;
; 1.118 ; vga_ctrl:u_vga|v_cnt[7]  ; vga_ctrl:u_vga|v_cnt[10] ; u_pll|altpll_component|auto_generated|pll1|clk[0] ; u_pll|altpll_component|auto_generated|pll1|clk[0] ; 0.000        ; 0.080      ; 1.384      ;
; 1.118 ; vga_ctrl:u_vga|v_cnt[0]  ; vga_ctrl:u_vga|v_cnt[4]  ; u_pll|altpll_component|auto_generated|pll1|clk[0] ; u_pll|altpll_component|auto_generated|pll1|clk[0] ; 0.000        ; 0.080      ; 1.384      ;
; 1.119 ; vga_ctrl:u_vga|h_cnt[4]  ; vga_ctrl:u_vga|h_cnt[7]  ; u_pll|altpll_component|auto_generated|pll1|clk[0] ; u_pll|altpll_component|auto_generated|pll1|clk[0] ; 0.000        ; 0.080      ; 1.385      ;
; 1.121 ; vga_ctrl:u_vga|h_cnt[0]  ; vga_ctrl:u_vga|h_cnt[3]  ; u_pll|altpll_component|auto_generated|pll1|clk[0] ; u_pll|altpll_component|auto_generated|pll1|clk[0] ; 0.000        ; 0.080      ; 1.387      ;
; 1.126 ; vga_ctrl:u_vga|h_cnt[0]  ; vga_ctrl:u_vga|h_cnt[4]  ; u_pll|altpll_component|auto_generated|pll1|clk[0] ; u_pll|altpll_component|auto_generated|pll1|clk[0] ; 0.000        ; 0.080      ; 1.392      ;
; 1.126 ; vga_ctrl:u_vga|h_cnt[2]  ; vga_ctrl:u_vga|h_cnt[6]  ; u_pll|altpll_component|auto_generated|pll1|clk[0] ; u_pll|altpll_component|auto_generated|pll1|clk[0] ; 0.000        ; 0.080      ; 1.392      ;
; 1.129 ; vga_ctrl:u_vga|v_cnt[5]  ; vga_ctrl:u_vga|v_cnt[3]  ; u_pll|altpll_component|auto_generated|pll1|clk[0] ; u_pll|altpll_component|auto_generated|pll1|clk[0] ; 0.000        ; 0.079      ; 1.394      ;
; 1.130 ; vga_ctrl:u_vga|v_cnt[5]  ; vga_ctrl:u_vga|v_cnt[2]  ; u_pll|altpll_component|auto_generated|pll1|clk[0] ; u_pll|altpll_component|auto_generated|pll1|clk[0] ; 0.000        ; 0.079      ; 1.395      ;
; 1.136 ; vga_ctrl:u_vga|h_cnt[6]  ; vga_ctrl:u_vga|h_cnt[10] ; u_pll|altpll_component|auto_generated|pll1|clk[0] ; u_pll|altpll_component|auto_generated|pll1|clk[0] ; 0.000        ; 0.080      ; 1.402      ;
; 1.139 ; vga_ctrl:u_vga|v_cnt[8]  ; vga_ctrl:u_vga|v_cnt[9]  ; u_pll|altpll_component|auto_generated|pll1|clk[0] ; u_pll|altpll_component|auto_generated|pll1|clk[0] ; 0.000        ; 0.080      ; 1.405      ;
; 1.140 ; vga_ctrl:u_vga|v_cnt[8]  ; vga_ctrl:u_vga|v_cnt[0]  ; u_pll|altpll_component|auto_generated|pll1|clk[0] ; u_pll|altpll_component|auto_generated|pll1|clk[0] ; 0.000        ; 0.080      ; 1.406      ;
; 1.141 ; vga_ctrl:u_vga|v_cnt[9]  ; vga_ctrl:u_vga|v_cnt[10] ; u_pll|altpll_component|auto_generated|pll1|clk[0] ; u_pll|altpll_component|auto_generated|pll1|clk[0] ; 0.000        ; 0.080      ; 1.407      ;
; 1.152 ; vga_ctrl:u_vga|v_cnt[6]  ; vga_ctrl:u_vga|v_cnt[7]  ; u_pll|altpll_component|auto_generated|pll1|clk[0] ; u_pll|altpll_component|auto_generated|pll1|clk[0] ; 0.000        ; 0.080      ; 1.418      ;
; 1.157 ; vga_ctrl:u_vga|v_cnt[6]  ; vga_ctrl:u_vga|v_cnt[8]  ; u_pll|altpll_component|auto_generated|pll1|clk[0] ; u_pll|altpll_component|auto_generated|pll1|clk[0] ; 0.000        ; 0.080      ; 1.423      ;
; 1.160 ; vga_ctrl:u_vga|h_cnt[5]  ; vga_ctrl:u_vga|h_cnt[6]  ; u_pll|altpll_component|auto_generated|pll1|clk[0] ; u_pll|altpll_component|auto_generated|pll1|clk[0] ; 0.000        ; 0.080      ; 1.426      ;
; 1.167 ; vga_ctrl:u_vga|h_cnt[8]  ; vga_ctrl:u_vga|h_cnt[10] ; u_pll|altpll_component|auto_generated|pll1|clk[0] ; u_pll|altpll_component|auto_generated|pll1|clk[0] ; 0.000        ; 0.080      ; 1.433      ;
; 1.171 ; vga_ctrl:u_vga|v_cnt[0]  ; vga_ctrl:u_vga|v_cnt[0]  ; u_pll|altpll_component|auto_generated|pll1|clk[0] ; u_pll|altpll_component|auto_generated|pll1|clk[0] ; 0.000        ; 0.080      ; 1.437      ;
; 1.198 ; vga_ctrl:u_vga|v_cnt[3]  ; vga_ctrl:u_vga|v_cnt[4]  ; u_pll|altpll_component|auto_generated|pll1|clk[0] ; u_pll|altpll_component|auto_generated|pll1|clk[0] ; 0.000        ; 0.081      ; 1.465      ;
; 1.198 ; vga_ctrl:u_vga|v_cnt[2]  ; vga_ctrl:u_vga|v_cnt[4]  ; u_pll|altpll_component|auto_generated|pll1|clk[0] ; u_pll|altpll_component|auto_generated|pll1|clk[0] ; 0.000        ; 0.081      ; 1.465      ;
; 1.198 ; vga_ctrl:u_vga|h_cnt[9]  ; vga_ctrl:u_vga|h_cnt[10] ; u_pll|altpll_component|auto_generated|pll1|clk[0] ; u_pll|altpll_component|auto_generated|pll1|clk[0] ; 0.000        ; 0.080      ; 1.464      ;
; 1.207 ; vga_ctrl:u_vga|v_cnt[3]  ; vga_ctrl:u_vga|vga_vs    ; u_pll|altpll_component|auto_generated|pll1|clk[0] ; u_pll|altpll_component|auto_generated|pll1|clk[0] ; 0.000        ; 0.080      ; 1.473      ;
; 1.213 ; vga_ctrl:u_vga|v_cnt[9]  ; vga_ctrl:u_vga|vga_vs    ; u_pll|altpll_component|auto_generated|pll1|clk[0] ; u_pll|altpll_component|auto_generated|pll1|clk[0] ; 0.000        ; 0.079      ; 1.478      ;
; 1.221 ; vga_ctrl:u_vga|v_cnt[1]  ; vga_ctrl:u_vga|v_cnt[5]  ; u_pll|altpll_component|auto_generated|pll1|clk[0] ; u_pll|altpll_component|auto_generated|pll1|clk[0] ; 0.000        ; 0.080      ; 1.487      ;
; 1.221 ; vga_ctrl:u_vga|h_cnt[11] ; vga_ctrl:u_vga|vga_hs    ; u_pll|altpll_component|auto_generated|pll1|clk[0] ; u_pll|altpll_component|auto_generated|pll1|clk[0] ; 0.000        ; 0.080      ; 1.487      ;
; 1.226 ; vga_ctrl:u_vga|v_cnt[1]  ; vga_ctrl:u_vga|v_cnt[6]  ; u_pll|altpll_component|auto_generated|pll1|clk[0] ; u_pll|altpll_component|auto_generated|pll1|clk[0] ; 0.000        ; 0.080      ; 1.492      ;
; 1.228 ; vga_ctrl:u_vga|h_cnt[3]  ; vga_ctrl:u_vga|h_cnt[7]  ; u_pll|altpll_component|auto_generated|pll1|clk[0] ; u_pll|altpll_component|auto_generated|pll1|clk[0] ; 0.000        ; 0.080      ; 1.494      ;
; 1.232 ; vga_ctrl:u_vga|h_cnt[1]  ; vga_ctrl:u_vga|h_cnt[6]  ; u_pll|altpll_component|auto_generated|pll1|clk[0] ; u_pll|altpll_component|auto_generated|pll1|clk[0] ; 0.000        ; 0.080      ; 1.498      ;
; 1.233 ; vga_ctrl:u_vga|v_cnt[7]  ; vga_ctrl:u_vga|vga_vs    ; u_pll|altpll_component|auto_generated|pll1|clk[0] ; u_pll|altpll_component|auto_generated|pll1|clk[0] ; 0.000        ; 0.079      ; 1.498      ;
; 1.236 ; vga_ctrl:u_vga|v_cnt[5]  ; vga_ctrl:u_vga|v_cnt[10] ; u_pll|altpll_component|auto_generated|pll1|clk[0] ; u_pll|altpll_component|auto_generated|pll1|clk[0] ; 0.000        ; 0.080      ; 1.502      ;
; 1.239 ; vga_ctrl:u_vga|v_cnt[7]  ; vga_ctrl:u_vga|v_cnt[11] ; u_pll|altpll_component|auto_generated|pll1|clk[0] ; u_pll|altpll_component|auto_generated|pll1|clk[0] ; 0.000        ; 0.080      ; 1.505      ;
; 1.239 ; vga_ctrl:u_vga|v_cnt[0]  ; vga_ctrl:u_vga|v_cnt[5]  ; u_pll|altpll_component|auto_generated|pll1|clk[0] ; u_pll|altpll_component|auto_generated|pll1|clk[0] ; 0.000        ; 0.080      ; 1.505      ;
; 1.242 ; vga_ctrl:u_vga|v_cnt[4]  ; vga_ctrl:u_vga|v_cnt[10] ; u_pll|altpll_component|auto_generated|pll1|clk[0] ; u_pll|altpll_component|auto_generated|pll1|clk[0] ; 0.000        ; 0.080      ; 1.508      ;
; 1.244 ; vga_ctrl:u_vga|v_cnt[0]  ; vga_ctrl:u_vga|v_cnt[6]  ; u_pll|altpll_component|auto_generated|pll1|clk[0] ; u_pll|altpll_component|auto_generated|pll1|clk[0] ; 0.000        ; 0.080      ; 1.510      ;
; 1.247 ; vga_ctrl:u_vga|h_cnt[2]  ; vga_ctrl:u_vga|h_cnt[7]  ; u_pll|altpll_component|auto_generated|pll1|clk[0] ; u_pll|altpll_component|auto_generated|pll1|clk[0] ; 0.000        ; 0.080      ; 1.513      ;
; 1.250 ; vga_ctrl:u_vga|h_cnt[4]  ; vga_ctrl:u_vga|h_cnt[10] ; u_pll|altpll_component|auto_generated|pll1|clk[0] ; u_pll|altpll_component|auto_generated|pll1|clk[0] ; 0.000        ; 0.080      ; 1.516      ;
; 1.252 ; vga_ctrl:u_vga|h_cnt[0]  ; vga_ctrl:u_vga|h_cnt[6]  ; u_pll|altpll_component|auto_generated|pll1|clk[0] ; u_pll|altpll_component|auto_generated|pll1|clk[0] ; 0.000        ; 0.080      ; 1.518      ;
; 1.256 ; vga_ctrl:u_vga|v_cnt[9]  ; vga_ctrl:u_vga|v_cnt[2]  ; u_pll|altpll_component|auto_generated|pll1|clk[0] ; u_pll|altpll_component|auto_generated|pll1|clk[0] ; 0.000        ; 0.079      ; 1.521      ;
; 1.257 ; vga_ctrl:u_vga|h_cnt[6]  ; vga_ctrl:u_vga|h_cnt[11] ; u_pll|altpll_component|auto_generated|pll1|clk[0] ; u_pll|altpll_component|auto_generated|pll1|clk[0] ; 0.000        ; 0.080      ; 1.523      ;
; 1.257 ; vga_ctrl:u_vga|v_cnt[9]  ; vga_ctrl:u_vga|v_cnt[3]  ; u_pll|altpll_component|auto_generated|pll1|clk[0] ; u_pll|altpll_component|auto_generated|pll1|clk[0] ; 0.000        ; 0.079      ; 1.522      ;
; 1.260 ; vga_ctrl:u_vga|v_cnt[9]  ; vga_ctrl:u_vga|v_cnt[11] ; u_pll|altpll_component|auto_generated|pll1|clk[0] ; u_pll|altpll_component|auto_generated|pll1|clk[0] ; 0.000        ; 0.080      ; 1.526      ;
; 1.264 ; vga_ctrl:u_vga|h_cnt[7]  ; vga_ctrl:u_vga|h_cnt[10] ; u_pll|altpll_component|auto_generated|pll1|clk[0] ; u_pll|altpll_component|auto_generated|pll1|clk[0] ; 0.000        ; 0.080      ; 1.530      ;
; 1.281 ; vga_ctrl:u_vga|h_cnt[5]  ; vga_ctrl:u_vga|h_cnt[7]  ; u_pll|altpll_component|auto_generated|pll1|clk[0] ; u_pll|altpll_component|auto_generated|pll1|clk[0] ; 0.000        ; 0.080      ; 1.547      ;
; 1.283 ; vga_ctrl:u_vga|v_cnt[6]  ; vga_ctrl:u_vga|v_cnt[10] ; u_pll|altpll_component|auto_generated|pll1|clk[0] ; u_pll|altpll_component|auto_generated|pll1|clk[0] ; 0.000        ; 0.080      ; 1.549      ;
; 1.288 ; vga_ctrl:u_vga|h_cnt[8]  ; vga_ctrl:u_vga|h_cnt[11] ; u_pll|altpll_component|auto_generated|pll1|clk[0] ; u_pll|altpll_component|auto_generated|pll1|clk[0] ; 0.000        ; 0.080      ; 1.554      ;
; 1.290 ; vga_ctrl:u_vga|v_cnt[3]  ; vga_ctrl:u_vga|v_cnt[5]  ; u_pll|altpll_component|auto_generated|pll1|clk[0] ; u_pll|altpll_component|auto_generated|pll1|clk[0] ; 0.000        ; 0.081      ; 1.557      ;
; 1.292 ; vga_ctrl:u_vga|v_cnt[1]  ; vga_ctrl:u_vga|v_cnt[2]  ; u_pll|altpll_component|auto_generated|pll1|clk[0] ; u_pll|altpll_component|auto_generated|pll1|clk[0] ; 0.000        ; 0.079      ; 1.557      ;
; 1.293 ; vga_ctrl:u_vga|v_cnt[1]  ; vga_ctrl:u_vga|v_cnt[3]  ; u_pll|altpll_component|auto_generated|pll1|clk[0] ; u_pll|altpll_component|auto_generated|pll1|clk[0] ; 0.000        ; 0.079      ; 1.558      ;
+-------+--------------------------+--------------------------+---------------------------------------------------+---------------------------------------------------+--------------+------------+------------+


-----------------------------------------------
; Slow 1200mV 85C Model Metastability Summary ;
-----------------------------------------------
No synchronizer chains to report.


+-----------------------------------------------------------------------------------------+
; Slow 1200mV 0C Model Fmax Summary                                                       ;
+------------+-----------------+---------------------------------------------------+------+
; Fmax       ; Restricted Fmax ; Clock Name                                        ; Note ;
+------------+-----------------+---------------------------------------------------+------+
; 187.37 MHz ; 187.37 MHz      ; u_pll|altpll_component|auto_generated|pll1|clk[0] ;      ;
+------------+-----------------+---------------------------------------------------+------+
This panel reports FMAX for every clock in the design, regardless of the user-specified clock periods.  FMAX is only computed for paths where the source and destination registers or ports are driven by the same clock.  Paths of different clocks, including generated clocks, are ignored.  For paths between a clock and its inversion, FMAX is computed as if the rising and falling edges are scaled along with FMAX, such that the duty cycle (in terms of a percentage) is maintained. Altera recommends that you always use clock constraints and other slack reports for sign-off analysis.


+----------------------------------------------------------------------------+
; Slow 1200mV 0C Model Setup Summary                                         ;
+---------------------------------------------------+--------+---------------+
; Clock                                             ; Slack  ; End Point TNS ;
+---------------------------------------------------+--------+---------------+
; u_pll|altpll_component|auto_generated|pll1|clk[0] ; 34.392 ; 0.000         ;
+---------------------------------------------------+--------+---------------+


+---------------------------------------------------------------------------+
; Slow 1200mV 0C Model Hold Summary                                         ;
+---------------------------------------------------+-------+---------------+
; Clock                                             ; Slack ; End Point TNS ;
+---------------------------------------------------+-------+---------------+
; u_pll|altpll_component|auto_generated|pll1|clk[0] ; 0.573 ; 0.000         ;
+---------------------------------------------------+-------+---------------+


-----------------------------------------
; Slow 1200mV 0C Model Recovery Summary ;
-----------------------------------------
No paths to report.


----------------------------------------
; Slow 1200mV 0C Model Removal Summary ;
----------------------------------------
No paths to report.


+----------------------------------------------------------------------------+
; Slow 1200mV 0C Model Minimum Pulse Width Summary                           ;
+---------------------------------------------------+--------+---------------+
; Clock                                             ; Slack  ; End Point TNS ;
+---------------------------------------------------+--------+---------------+
; sys_clk                                           ; 9.887  ; 0.000         ;
; u_pll|altpll_component|auto_generated|pll1|clk[0] ; 19.575 ; 0.000         ;
+---------------------------------------------------+--------+---------------+


+--------------------------------------------------------------------------------------------------------------------------------------------------------------------------------------------------------------+
; Slow 1200mV 0C Model Setup: 'u_pll|altpll_component|auto_generated|pll1|clk[0]'                                                                                                                              ;
+--------+--------------------------+-------------------------+---------------------------------------------------+---------------------------------------------------+--------------+------------+------------+
; Slack  ; From Node                ; To Node                 ; Launch Clock                                      ; Latch Clock                                       ; Relationship ; Clock Skew ; Data Delay ;
+--------+--------------------------+-------------------------+---------------------------------------------------+---------------------------------------------------+--------------+------------+------------+
; 34.392 ; vga_ctrl:u_vga|h_cnt[7]  ; vga_ctrl:u_vga|vga_g[0] ; u_pll|altpll_component|auto_generated|pll1|clk[0] ; u_pll|altpll_component|auto_generated|pll1|clk[0] ; 39.729       ; -0.074     ; 5.262      ;
; 34.452 ; vga_ctrl:u_vga|v_cnt[6]  ; vga_ctrl:u_vga|vga_g[0] ; u_pll|altpll_component|auto_generated|pll1|clk[0] ; u_pll|altpll_component|auto_generated|pll1|clk[0] ; 39.729       ; -0.077     ; 5.199      ;
; 34.493 ; vga_ctrl:u_vga|h_cnt[7]  ; vga_ctrl:u_vga|vga_b[6] ; u_pll|altpll_component|auto_generated|pll1|clk[0] ; u_pll|altpll_component|auto_generated|pll1|clk[0] ; 39.729       ; -0.074     ; 5.161      ;
; 34.497 ; vga_ctrl:u_vga|h_cnt[7]  ; vga_ctrl:u_vga|vga_b[7] ; u_pll|altpll_component|auto_generated|pll1|clk[0] ; u_pll|altpll_component|auto_generated|pll1|clk[0] ; 39.729       ; -0.074     ; 5.157      ;
; 34.553 ; vga_ctrl:u_vga|v_cnt[6]  ; vga_ctrl:u_vga|vga_b[6] ; u_pll|altpll_component|auto_generated|pll1|clk[0] ; u_pll|altpll_component|auto_generated|pll1|clk[0] ; 39.729       ; -0.077     ; 5.098      ;
; 34.556 ; vga_ctrl:u_vga|v_cnt[6]  ; vga_ctrl:u_vga|vga_b[7] ; u_pll|altpll_component|auto_generated|pll1|clk[0] ; u_pll|altpll_component|auto_generated|pll1|clk[0] ; 39.729       ; -0.077     ; 5.095      ;
; 34.591 ; vga_ctrl:u_vga|v_cnt[8]  ; vga_ctrl:u_vga|vga_g[0] ; u_pll|altpll_component|auto_generated|pll1|clk[0] ; u_pll|altpll_component|auto_generated|pll1|clk[0] ; 39.729       ; -0.077     ; 5.060      ;
; 34.609 ; vga_ctrl:u_vga|h_cnt[7]  ; vga_ctrl:u_vga|vga_b[4] ; u_pll|altpll_component|auto_generated|pll1|clk[0] ; u_pll|altpll_component|auto_generated|pll1|clk[0] ; 39.729       ; -0.074     ; 5.045      ;
; 34.613 ; vga_ctrl:u_vga|h_cnt[7]  ; vga_ctrl:u_vga|vga_b[5] ; u_pll|altpll_component|auto_generated|pll1|clk[0] ; u_pll|altpll_component|auto_generated|pll1|clk[0] ; 39.729       ; -0.074     ; 5.041      ;
; 34.619 ; vga_ctrl:u_vga|v_cnt[9]  ; vga_ctrl:u_vga|vga_g[0] ; u_pll|altpll_component|auto_generated|pll1|clk[0] ; u_pll|altpll_component|auto_generated|pll1|clk[0] ; 39.729       ; -0.077     ; 5.032      ;
; 34.657 ; vga_ctrl:u_vga|h_cnt[4]  ; vga_ctrl:u_vga|vga_g[0] ; u_pll|altpll_component|auto_generated|pll1|clk[0] ; u_pll|altpll_component|auto_generated|pll1|clk[0] ; 39.729       ; -0.074     ; 4.997      ;
; 34.669 ; vga_ctrl:u_vga|v_cnt[6]  ; vga_ctrl:u_vga|vga_b[4] ; u_pll|altpll_component|auto_generated|pll1|clk[0] ; u_pll|altpll_component|auto_generated|pll1|clk[0] ; 39.729       ; -0.077     ; 4.982      ;
; 34.672 ; vga_ctrl:u_vga|v_cnt[6]  ; vga_ctrl:u_vga|vga_b[5] ; u_pll|altpll_component|auto_generated|pll1|clk[0] ; u_pll|altpll_component|auto_generated|pll1|clk[0] ; 39.729       ; -0.077     ; 4.979      ;
; 34.682 ; vga_ctrl:u_vga|h_cnt[9]  ; vga_ctrl:u_vga|vga_g[0] ; u_pll|altpll_component|auto_generated|pll1|clk[0] ; u_pll|altpll_component|auto_generated|pll1|clk[0] ; 39.729       ; -0.075     ; 4.971      ;
; 34.692 ; vga_ctrl:u_vga|v_cnt[8]  ; vga_ctrl:u_vga|vga_b[6] ; u_pll|altpll_component|auto_generated|pll1|clk[0] ; u_pll|altpll_component|auto_generated|pll1|clk[0] ; 39.729       ; -0.077     ; 4.959      ;
; 34.713 ; vga_ctrl:u_vga|v_cnt[3]  ; vga_ctrl:u_vga|vga_g[0] ; u_pll|altpll_component|auto_generated|pll1|clk[0] ; u_pll|altpll_component|auto_generated|pll1|clk[0] ; 39.729       ; -0.076     ; 4.939      ;
; 34.720 ; vga_ctrl:u_vga|v_cnt[9]  ; vga_ctrl:u_vga|vga_b[6] ; u_pll|altpll_component|auto_generated|pll1|clk[0] ; u_pll|altpll_component|auto_generated|pll1|clk[0] ; 39.729       ; -0.077     ; 4.931      ;
; 34.721 ; vga_ctrl:u_vga|v_cnt[8]  ; vga_ctrl:u_vga|vga_b[7] ; u_pll|altpll_component|auto_generated|pll1|clk[0] ; u_pll|altpll_component|auto_generated|pll1|clk[0] ; 39.729       ; -0.077     ; 4.930      ;
; 34.739 ; vga_ctrl:u_vga|v_cnt[2]  ; vga_ctrl:u_vga|vga_g[0] ; u_pll|altpll_component|auto_generated|pll1|clk[0] ; u_pll|altpll_component|auto_generated|pll1|clk[0] ; 39.729       ; -0.076     ; 4.913      ;
; 34.742 ; vga_ctrl:u_vga|v_cnt[9]  ; vga_ctrl:u_vga|vga_b[7] ; u_pll|altpll_component|auto_generated|pll1|clk[0] ; u_pll|altpll_component|auto_generated|pll1|clk[0] ; 39.729       ; -0.077     ; 4.909      ;
; 34.742 ; vga_ctrl:u_vga|v_cnt[0]  ; vga_ctrl:u_vga|vga_g[0] ; u_pll|altpll_component|auto_generated|pll1|clk[0] ; u_pll|altpll_component|auto_generated|pll1|clk[0] ; 39.729       ; -0.077     ; 4.909      ;
; 34.758 ; vga_ctrl:u_vga|h_cnt[4]  ; vga_ctrl:u_vga|vga_b[6] ; u_pll|altpll_component|auto_generated|pll1|clk[0] ; u_pll|altpll_component|auto_generated|pll1|clk[0] ; 39.729       ; -0.074     ; 4.896      ;
; 34.774 ; vga_ctrl:u_vga|h_cnt[8]  ; vga_ctrl:u_vga|vga_g[0] ; u_pll|altpll_component|auto_generated|pll1|clk[0] ; u_pll|altpll_component|auto_generated|pll1|clk[0] ; 39.729       ; -0.075     ; 4.879      ;
; 34.783 ; vga_ctrl:u_vga|h_cnt[9]  ; vga_ctrl:u_vga|vga_b[6] ; u_pll|altpll_component|auto_generated|pll1|clk[0] ; u_pll|altpll_component|auto_generated|pll1|clk[0] ; 39.729       ; -0.075     ; 4.870      ;
; 34.787 ; vga_ctrl:u_vga|h_cnt[4]  ; vga_ctrl:u_vga|vga_b[7] ; u_pll|altpll_component|auto_generated|pll1|clk[0] ; u_pll|altpll_component|auto_generated|pll1|clk[0] ; 39.729       ; -0.074     ; 4.867      ;
; 34.801 ; vga_ctrl:u_vga|v_cnt[0]  ; vga_ctrl:u_vga|vga_b[7] ; u_pll|altpll_component|auto_generated|pll1|clk[0] ; u_pll|altpll_component|auto_generated|pll1|clk[0] ; 39.729       ; -0.077     ; 4.850      ;
; 34.805 ; vga_ctrl:u_vga|v_cnt[3]  ; vga_ctrl:u_vga|vga_b[7] ; u_pll|altpll_component|auto_generated|pll1|clk[0] ; u_pll|altpll_component|auto_generated|pll1|clk[0] ; 39.729       ; -0.076     ; 4.847      ;
; 34.808 ; vga_ctrl:u_vga|v_cnt[8]  ; vga_ctrl:u_vga|vga_b[4] ; u_pll|altpll_component|auto_generated|pll1|clk[0] ; u_pll|altpll_component|auto_generated|pll1|clk[0] ; 39.729       ; -0.077     ; 4.843      ;
; 34.812 ; vga_ctrl:u_vga|h_cnt[9]  ; vga_ctrl:u_vga|vga_b[7] ; u_pll|altpll_component|auto_generated|pll1|clk[0] ; u_pll|altpll_component|auto_generated|pll1|clk[0] ; 39.729       ; -0.075     ; 4.841      ;
; 34.814 ; vga_ctrl:u_vga|v_cnt[3]  ; vga_ctrl:u_vga|vga_b[6] ; u_pll|altpll_component|auto_generated|pll1|clk[0] ; u_pll|altpll_component|auto_generated|pll1|clk[0] ; 39.729       ; -0.076     ; 4.838      ;
; 34.822 ; vga_ctrl:u_vga|h_cnt[5]  ; vga_ctrl:u_vga|vga_g[0] ; u_pll|altpll_component|auto_generated|pll1|clk[0] ; u_pll|altpll_component|auto_generated|pll1|clk[0] ; 39.729       ; -0.075     ; 4.831      ;
; 34.825 ; vga_ctrl:u_vga|v_cnt[2]  ; vga_ctrl:u_vga|vga_b[7] ; u_pll|altpll_component|auto_generated|pll1|clk[0] ; u_pll|altpll_component|auto_generated|pll1|clk[0] ; 39.729       ; -0.076     ; 4.827      ;
; 34.835 ; vga_ctrl:u_vga|v_cnt[7]  ; vga_ctrl:u_vga|vga_g[0] ; u_pll|altpll_component|auto_generated|pll1|clk[0] ; u_pll|altpll_component|auto_generated|pll1|clk[0] ; 39.729       ; -0.077     ; 4.816      ;
; 34.836 ; vga_ctrl:u_vga|v_cnt[9]  ; vga_ctrl:u_vga|vga_b[4] ; u_pll|altpll_component|auto_generated|pll1|clk[0] ; u_pll|altpll_component|auto_generated|pll1|clk[0] ; 39.729       ; -0.077     ; 4.815      ;
; 34.837 ; vga_ctrl:u_vga|v_cnt[8]  ; vga_ctrl:u_vga|vga_b[5] ; u_pll|altpll_component|auto_generated|pll1|clk[0] ; u_pll|altpll_component|auto_generated|pll1|clk[0] ; 39.729       ; -0.077     ; 4.814      ;
; 34.840 ; vga_ctrl:u_vga|v_cnt[2]  ; vga_ctrl:u_vga|vga_b[6] ; u_pll|altpll_component|auto_generated|pll1|clk[0] ; u_pll|altpll_component|auto_generated|pll1|clk[0] ; 39.729       ; -0.076     ; 4.812      ;
; 34.843 ; vga_ctrl:u_vga|v_cnt[0]  ; vga_ctrl:u_vga|vga_b[6] ; u_pll|altpll_component|auto_generated|pll1|clk[0] ; u_pll|altpll_component|auto_generated|pll1|clk[0] ; 39.729       ; -0.077     ; 4.808      ;
; 34.857 ; vga_ctrl:u_vga|h_cnt[6]  ; vga_ctrl:u_vga|vga_g[0] ; u_pll|altpll_component|auto_generated|pll1|clk[0] ; u_pll|altpll_component|auto_generated|pll1|clk[0] ; 39.729       ; -0.074     ; 4.797      ;
; 34.858 ; vga_ctrl:u_vga|v_cnt[9]  ; vga_ctrl:u_vga|vga_b[5] ; u_pll|altpll_component|auto_generated|pll1|clk[0] ; u_pll|altpll_component|auto_generated|pll1|clk[0] ; 39.729       ; -0.077     ; 4.793      ;
; 34.874 ; vga_ctrl:u_vga|h_cnt[4]  ; vga_ctrl:u_vga|vga_b[4] ; u_pll|altpll_component|auto_generated|pll1|clk[0] ; u_pll|altpll_component|auto_generated|pll1|clk[0] ; 39.729       ; -0.074     ; 4.780      ;
; 34.875 ; vga_ctrl:u_vga|h_cnt[8]  ; vga_ctrl:u_vga|vga_b[6] ; u_pll|altpll_component|auto_generated|pll1|clk[0] ; u_pll|altpll_component|auto_generated|pll1|clk[0] ; 39.729       ; -0.075     ; 4.778      ;
; 34.877 ; vga_ctrl:u_vga|v_cnt[1]  ; vga_ctrl:u_vga|vga_g[0] ; u_pll|altpll_component|auto_generated|pll1|clk[0] ; u_pll|altpll_component|auto_generated|pll1|clk[0] ; 39.729       ; -0.077     ; 4.774      ;
; 34.899 ; vga_ctrl:u_vga|h_cnt[9]  ; vga_ctrl:u_vga|vga_b[4] ; u_pll|altpll_component|auto_generated|pll1|clk[0] ; u_pll|altpll_component|auto_generated|pll1|clk[0] ; 39.729       ; -0.075     ; 4.754      ;
; 34.903 ; vga_ctrl:u_vga|h_cnt[4]  ; vga_ctrl:u_vga|vga_b[5] ; u_pll|altpll_component|auto_generated|pll1|clk[0] ; u_pll|altpll_component|auto_generated|pll1|clk[0] ; 39.729       ; -0.074     ; 4.751      ;
; 34.904 ; vga_ctrl:u_vga|h_cnt[8]  ; vga_ctrl:u_vga|vga_b[7] ; u_pll|altpll_component|auto_generated|pll1|clk[0] ; u_pll|altpll_component|auto_generated|pll1|clk[0] ; 39.729       ; -0.075     ; 4.749      ;
; 34.917 ; vga_ctrl:u_vga|v_cnt[0]  ; vga_ctrl:u_vga|vga_b[5] ; u_pll|altpll_component|auto_generated|pll1|clk[0] ; u_pll|altpll_component|auto_generated|pll1|clk[0] ; 39.729       ; -0.077     ; 4.734      ;
; 34.921 ; vga_ctrl:u_vga|v_cnt[3]  ; vga_ctrl:u_vga|vga_b[5] ; u_pll|altpll_component|auto_generated|pll1|clk[0] ; u_pll|altpll_component|auto_generated|pll1|clk[0] ; 39.729       ; -0.076     ; 4.731      ;
; 34.923 ; vga_ctrl:u_vga|h_cnt[5]  ; vga_ctrl:u_vga|vga_b[6] ; u_pll|altpll_component|auto_generated|pll1|clk[0] ; u_pll|altpll_component|auto_generated|pll1|clk[0] ; 39.729       ; -0.075     ; 4.730      ;
; 34.928 ; vga_ctrl:u_vga|h_cnt[9]  ; vga_ctrl:u_vga|vga_b[5] ; u_pll|altpll_component|auto_generated|pll1|clk[0] ; u_pll|altpll_component|auto_generated|pll1|clk[0] ; 39.729       ; -0.075     ; 4.725      ;
; 34.930 ; vga_ctrl:u_vga|v_cnt[3]  ; vga_ctrl:u_vga|vga_b[4] ; u_pll|altpll_component|auto_generated|pll1|clk[0] ; u_pll|altpll_component|auto_generated|pll1|clk[0] ; 39.729       ; -0.076     ; 4.722      ;
; 34.936 ; vga_ctrl:u_vga|h_cnt[7]  ; vga_ctrl:u_vga|vga_b[3] ; u_pll|altpll_component|auto_generated|pll1|clk[0] ; u_pll|altpll_component|auto_generated|pll1|clk[0] ; 39.729       ; -0.074     ; 4.718      ;
; 34.936 ; vga_ctrl:u_vga|v_cnt[7]  ; vga_ctrl:u_vga|vga_b[6] ; u_pll|altpll_component|auto_generated|pll1|clk[0] ; u_pll|altpll_component|auto_generated|pll1|clk[0] ; 39.729       ; -0.077     ; 4.715      ;
; 34.941 ; vga_ctrl:u_vga|h_cnt[7]  ; vga_ctrl:u_vga|vga_b[2] ; u_pll|altpll_component|auto_generated|pll1|clk[0] ; u_pll|altpll_component|auto_generated|pll1|clk[0] ; 39.729       ; -0.074     ; 4.713      ;
; 34.941 ; vga_ctrl:u_vga|v_cnt[2]  ; vga_ctrl:u_vga|vga_b[5] ; u_pll|altpll_component|auto_generated|pll1|clk[0] ; u_pll|altpll_component|auto_generated|pll1|clk[0] ; 39.729       ; -0.076     ; 4.711      ;
; 34.952 ; vga_ctrl:u_vga|h_cnt[5]  ; vga_ctrl:u_vga|vga_b[7] ; u_pll|altpll_component|auto_generated|pll1|clk[0] ; u_pll|altpll_component|auto_generated|pll1|clk[0] ; 39.729       ; -0.075     ; 4.701      ;
; 34.953 ; vga_ctrl:u_vga|v_cnt[1]  ; vga_ctrl:u_vga|vga_b[7] ; u_pll|altpll_component|auto_generated|pll1|clk[0] ; u_pll|altpll_component|auto_generated|pll1|clk[0] ; 39.729       ; -0.077     ; 4.698      ;
; 34.956 ; vga_ctrl:u_vga|v_cnt[2]  ; vga_ctrl:u_vga|vga_b[4] ; u_pll|altpll_component|auto_generated|pll1|clk[0] ; u_pll|altpll_component|auto_generated|pll1|clk[0] ; 39.729       ; -0.076     ; 4.696      ;
; 34.958 ; vga_ctrl:u_vga|h_cnt[6]  ; vga_ctrl:u_vga|vga_b[6] ; u_pll|altpll_component|auto_generated|pll1|clk[0] ; u_pll|altpll_component|auto_generated|pll1|clk[0] ; 39.729       ; -0.074     ; 4.696      ;
; 34.959 ; vga_ctrl:u_vga|v_cnt[0]  ; vga_ctrl:u_vga|vga_b[4] ; u_pll|altpll_component|auto_generated|pll1|clk[0] ; u_pll|altpll_component|auto_generated|pll1|clk[0] ; 39.729       ; -0.077     ; 4.692      ;
; 34.965 ; vga_ctrl:u_vga|v_cnt[7]  ; vga_ctrl:u_vga|vga_b[7] ; u_pll|altpll_component|auto_generated|pll1|clk[0] ; u_pll|altpll_component|auto_generated|pll1|clk[0] ; 39.729       ; -0.077     ; 4.686      ;
; 34.978 ; vga_ctrl:u_vga|v_cnt[1]  ; vga_ctrl:u_vga|vga_b[6] ; u_pll|altpll_component|auto_generated|pll1|clk[0] ; u_pll|altpll_component|auto_generated|pll1|clk[0] ; 39.729       ; -0.077     ; 4.673      ;
; 34.987 ; vga_ctrl:u_vga|h_cnt[6]  ; vga_ctrl:u_vga|vga_b[7] ; u_pll|altpll_component|auto_generated|pll1|clk[0] ; u_pll|altpll_component|auto_generated|pll1|clk[0] ; 39.729       ; -0.074     ; 4.667      ;
; 34.991 ; vga_ctrl:u_vga|h_cnt[8]  ; vga_ctrl:u_vga|vga_b[4] ; u_pll|altpll_component|auto_generated|pll1|clk[0] ; u_pll|altpll_component|auto_generated|pll1|clk[0] ; 39.729       ; -0.075     ; 4.662      ;
; 34.995 ; vga_ctrl:u_vga|v_cnt[6]  ; vga_ctrl:u_vga|vga_b[3] ; u_pll|altpll_component|auto_generated|pll1|clk[0] ; u_pll|altpll_component|auto_generated|pll1|clk[0] ; 39.729       ; -0.077     ; 4.656      ;
; 35.001 ; vga_ctrl:u_vga|v_cnt[6]  ; vga_ctrl:u_vga|vga_b[2] ; u_pll|altpll_component|auto_generated|pll1|clk[0] ; u_pll|altpll_component|auto_generated|pll1|clk[0] ; 39.729       ; -0.077     ; 4.650      ;
; 35.020 ; vga_ctrl:u_vga|h_cnt[8]  ; vga_ctrl:u_vga|vga_b[5] ; u_pll|altpll_component|auto_generated|pll1|clk[0] ; u_pll|altpll_component|auto_generated|pll1|clk[0] ; 39.729       ; -0.075     ; 4.633      ;
; 35.038 ; vga_ctrl:u_vga|v_cnt[11] ; vga_ctrl:u_vga|vga_g[0] ; u_pll|altpll_component|auto_generated|pll1|clk[0] ; u_pll|altpll_component|auto_generated|pll1|clk[0] ; 39.729       ; -0.077     ; 4.613      ;
; 35.039 ; vga_ctrl:u_vga|h_cnt[5]  ; vga_ctrl:u_vga|vga_b[4] ; u_pll|altpll_component|auto_generated|pll1|clk[0] ; u_pll|altpll_component|auto_generated|pll1|clk[0] ; 39.729       ; -0.075     ; 4.614      ;
; 35.052 ; vga_ctrl:u_vga|v_cnt[7]  ; vga_ctrl:u_vga|vga_b[4] ; u_pll|altpll_component|auto_generated|pll1|clk[0] ; u_pll|altpll_component|auto_generated|pll1|clk[0] ; 39.729       ; -0.077     ; 4.599      ;
; 35.068 ; vga_ctrl:u_vga|h_cnt[5]  ; vga_ctrl:u_vga|vga_b[5] ; u_pll|altpll_component|auto_generated|pll1|clk[0] ; u_pll|altpll_component|auto_generated|pll1|clk[0] ; 39.729       ; -0.075     ; 4.585      ;
; 35.069 ; vga_ctrl:u_vga|v_cnt[1]  ; vga_ctrl:u_vga|vga_b[5] ; u_pll|altpll_component|auto_generated|pll1|clk[0] ; u_pll|altpll_component|auto_generated|pll1|clk[0] ; 39.729       ; -0.077     ; 4.582      ;
; 35.074 ; vga_ctrl:u_vga|h_cnt[6]  ; vga_ctrl:u_vga|vga_b[4] ; u_pll|altpll_component|auto_generated|pll1|clk[0] ; u_pll|altpll_component|auto_generated|pll1|clk[0] ; 39.729       ; -0.074     ; 4.580      ;
; 35.075 ; vga_ctrl:u_vga|h_cnt[7]  ; vga_ctrl:u_vga|vga_b[1] ; u_pll|altpll_component|auto_generated|pll1|clk[0] ; u_pll|altpll_component|auto_generated|pll1|clk[0] ; 39.729       ; -0.074     ; 4.579      ;
; 35.081 ; vga_ctrl:u_vga|v_cnt[7]  ; vga_ctrl:u_vga|vga_b[5] ; u_pll|altpll_component|auto_generated|pll1|clk[0] ; u_pll|altpll_component|auto_generated|pll1|clk[0] ; 39.729       ; -0.077     ; 4.570      ;
; 35.094 ; vga_ctrl:u_vga|v_cnt[1]  ; vga_ctrl:u_vga|vga_b[4] ; u_pll|altpll_component|auto_generated|pll1|clk[0] ; u_pll|altpll_component|auto_generated|pll1|clk[0] ; 39.729       ; -0.077     ; 4.557      ;
; 35.100 ; vga_ctrl:u_vga|h_cnt[10] ; vga_ctrl:u_vga|vga_g[0] ; u_pll|altpll_component|auto_generated|pll1|clk[0] ; u_pll|altpll_component|auto_generated|pll1|clk[0] ; 39.729       ; -0.074     ; 4.554      ;
; 35.103 ; vga_ctrl:u_vga|h_cnt[6]  ; vga_ctrl:u_vga|vga_b[5] ; u_pll|altpll_component|auto_generated|pll1|clk[0] ; u_pll|altpll_component|auto_generated|pll1|clk[0] ; 39.729       ; -0.074     ; 4.551      ;
; 35.129 ; vga_ctrl:u_vga|v_cnt[4]  ; vga_ctrl:u_vga|vga_g[0] ; u_pll|altpll_component|auto_generated|pll1|clk[0] ; u_pll|altpll_component|auto_generated|pll1|clk[0] ; 39.729       ; -0.077     ; 4.522      ;
; 35.134 ; vga_ctrl:u_vga|v_cnt[6]  ; vga_ctrl:u_vga|vga_b[1] ; u_pll|altpll_component|auto_generated|pll1|clk[0] ; u_pll|altpll_component|auto_generated|pll1|clk[0] ; 39.729       ; -0.077     ; 4.517      ;
; 35.139 ; vga_ctrl:u_vga|v_cnt[11] ; vga_ctrl:u_vga|vga_b[6] ; u_pll|altpll_component|auto_generated|pll1|clk[0] ; u_pll|altpll_component|auto_generated|pll1|clk[0] ; 39.729       ; -0.077     ; 4.512      ;
; 35.140 ; vga_ctrl:u_vga|v_cnt[8]  ; vga_ctrl:u_vga|vga_b[2] ; u_pll|altpll_component|auto_generated|pll1|clk[0] ; u_pll|altpll_component|auto_generated|pll1|clk[0] ; 39.729       ; -0.077     ; 4.511      ;
; 35.141 ; vga_ctrl:u_vga|v_cnt[11] ; vga_ctrl:u_vga|vga_b[7] ; u_pll|altpll_component|auto_generated|pll1|clk[0] ; u_pll|altpll_component|auto_generated|pll1|clk[0] ; 39.729       ; -0.077     ; 4.510      ;
; 35.161 ; vga_ctrl:u_vga|v_cnt[4]  ; vga_ctrl:u_vga|vga_b[7] ; u_pll|altpll_component|auto_generated|pll1|clk[0] ; u_pll|altpll_component|auto_generated|pll1|clk[0] ; 39.729       ; -0.077     ; 4.490      ;
; 35.168 ; vga_ctrl:u_vga|v_cnt[9]  ; vga_ctrl:u_vga|vga_b[2] ; u_pll|altpll_component|auto_generated|pll1|clk[0] ; u_pll|altpll_component|auto_generated|pll1|clk[0] ; 39.729       ; -0.077     ; 4.483      ;
; 35.169 ; vga_ctrl:u_vga|v_cnt[8]  ; vga_ctrl:u_vga|vga_b[3] ; u_pll|altpll_component|auto_generated|pll1|clk[0] ; u_pll|altpll_component|auto_generated|pll1|clk[0] ; 39.729       ; -0.077     ; 4.482      ;
; 35.178 ; vga_ctrl:u_vga|v_cnt[5]  ; vga_ctrl:u_vga|vga_g[0] ; u_pll|altpll_component|auto_generated|pll1|clk[0] ; u_pll|altpll_component|auto_generated|pll1|clk[0] ; 39.729       ; -0.077     ; 4.473      ;
; 35.181 ; vga_ctrl:u_vga|v_cnt[9]  ; vga_ctrl:u_vga|vga_b[3] ; u_pll|altpll_component|auto_generated|pll1|clk[0] ; u_pll|altpll_component|auto_generated|pll1|clk[0] ; 39.729       ; -0.077     ; 4.470      ;
; 35.186 ; vga_ctrl:u_vga|v_cnt[5]  ; vga_ctrl:u_vga|vga_b[7] ; u_pll|altpll_component|auto_generated|pll1|clk[0] ; u_pll|altpll_component|auto_generated|pll1|clk[0] ; 39.729       ; -0.077     ; 4.465      ;
; 35.187 ; vga_ctrl:u_vga|h_cnt[10] ; vga_ctrl:u_vga|vga_b[7] ; u_pll|altpll_component|auto_generated|pll1|clk[0] ; u_pll|altpll_component|auto_generated|pll1|clk[0] ; 39.729       ; -0.074     ; 4.467      ;
; 35.201 ; vga_ctrl:u_vga|h_cnt[10] ; vga_ctrl:u_vga|vga_b[6] ; u_pll|altpll_component|auto_generated|pll1|clk[0] ; u_pll|altpll_component|auto_generated|pll1|clk[0] ; 39.729       ; -0.074     ; 4.453      ;
; 35.206 ; vga_ctrl:u_vga|h_cnt[4]  ; vga_ctrl:u_vga|vga_b[2] ; u_pll|altpll_component|auto_generated|pll1|clk[0] ; u_pll|altpll_component|auto_generated|pll1|clk[0] ; 39.729       ; -0.074     ; 4.448      ;
; 35.230 ; vga_ctrl:u_vga|v_cnt[4]  ; vga_ctrl:u_vga|vga_b[6] ; u_pll|altpll_component|auto_generated|pll1|clk[0] ; u_pll|altpll_component|auto_generated|pll1|clk[0] ; 39.729       ; -0.077     ; 4.421      ;
; 35.231 ; vga_ctrl:u_vga|h_cnt[9]  ; vga_ctrl:u_vga|vga_b[2] ; u_pll|altpll_component|auto_generated|pll1|clk[0] ; u_pll|altpll_component|auto_generated|pll1|clk[0] ; 39.729       ; -0.075     ; 4.422      ;
; 35.233 ; vga_ctrl:u_vga|h_cnt[4]  ; vga_ctrl:u_vga|vga_b[3] ; u_pll|altpll_component|auto_generated|pll1|clk[0] ; u_pll|altpll_component|auto_generated|pll1|clk[0] ; 39.729       ; -0.074     ; 4.421      ;
; 35.240 ; vga_ctrl:u_vga|v_cnt[0]  ; vga_ctrl:u_vga|vga_b[3] ; u_pll|altpll_component|auto_generated|pll1|clk[0] ; u_pll|altpll_component|auto_generated|pll1|clk[0] ; 39.729       ; -0.077     ; 4.411      ;
; 35.244 ; vga_ctrl:u_vga|v_cnt[3]  ; vga_ctrl:u_vga|vga_b[3] ; u_pll|altpll_component|auto_generated|pll1|clk[0] ; u_pll|altpll_component|auto_generated|pll1|clk[0] ; 39.729       ; -0.076     ; 4.408      ;
; 35.255 ; vga_ctrl:u_vga|v_cnt[11] ; vga_ctrl:u_vga|vga_b[4] ; u_pll|altpll_component|auto_generated|pll1|clk[0] ; u_pll|altpll_component|auto_generated|pll1|clk[0] ; 39.729       ; -0.077     ; 4.396      ;
; 35.257 ; vga_ctrl:u_vga|v_cnt[11] ; vga_ctrl:u_vga|vga_b[5] ; u_pll|altpll_component|auto_generated|pll1|clk[0] ; u_pll|altpll_component|auto_generated|pll1|clk[0] ; 39.729       ; -0.077     ; 4.394      ;
; 35.260 ; vga_ctrl:u_vga|h_cnt[9]  ; vga_ctrl:u_vga|vga_b[3] ; u_pll|altpll_component|auto_generated|pll1|clk[0] ; u_pll|altpll_component|auto_generated|pll1|clk[0] ; 39.729       ; -0.075     ; 4.393      ;
; 35.262 ; vga_ctrl:u_vga|v_cnt[3]  ; vga_ctrl:u_vga|vga_b[2] ; u_pll|altpll_component|auto_generated|pll1|clk[0] ; u_pll|altpll_component|auto_generated|pll1|clk[0] ; 39.729       ; -0.076     ; 4.390      ;
+--------+--------------------------+-------------------------+---------------------------------------------------+---------------------------------------------------+--------------+------------+------------+


+--------------------------------------------------------------------------------------------------------------------------------------------------------------------------------------------------------------+
; Slow 1200mV 0C Model Hold: 'u_pll|altpll_component|auto_generated|pll1|clk[0]'                                                                                                                               ;
+-------+--------------------------+--------------------------+---------------------------------------------------+---------------------------------------------------+--------------+------------+------------+
; Slack ; From Node                ; To Node                  ; Launch Clock                                      ; Latch Clock                                       ; Relationship ; Clock Skew ; Data Delay ;
+-------+--------------------------+--------------------------+---------------------------------------------------+---------------------------------------------------+--------------+------------+------------+
; 0.573 ; vga_ctrl:u_vga|h_cnt[8]  ; vga_ctrl:u_vga|vga_hs    ; u_pll|altpll_component|auto_generated|pll1|clk[0] ; u_pll|altpll_component|auto_generated|pll1|clk[0] ; 0.000        ; 0.071      ; 0.815      ;
; 0.599 ; vga_ctrl:u_vga|v_cnt[8]  ; vga_ctrl:u_vga|v_cnt[8]  ; u_pll|altpll_component|auto_generated|pll1|clk[0] ; u_pll|altpll_component|auto_generated|pll1|clk[0] ; 0.000        ; 0.072      ; 0.842      ;
; 0.599 ; vga_ctrl:u_vga|v_cnt[1]  ; vga_ctrl:u_vga|v_cnt[1]  ; u_pll|altpll_component|auto_generated|pll1|clk[0] ; u_pll|altpll_component|auto_generated|pll1|clk[0] ; 0.000        ; 0.072      ; 0.842      ;
; 0.600 ; vga_ctrl:u_vga|v_cnt[4]  ; vga_ctrl:u_vga|v_cnt[4]  ; u_pll|altpll_component|auto_generated|pll1|clk[0] ; u_pll|altpll_component|auto_generated|pll1|clk[0] ; 0.000        ; 0.072      ; 0.843      ;
; 0.601 ; vga_ctrl:u_vga|v_cnt[11] ; vga_ctrl:u_vga|v_cnt[11] ; u_pll|altpll_component|auto_generated|pll1|clk[0] ; u_pll|altpll_component|auto_generated|pll1|clk[0] ; 0.000        ; 0.072      ; 0.844      ;
; 0.605 ; vga_ctrl:u_vga|v_cnt[10] ; vga_ctrl:u_vga|v_cnt[10] ; u_pll|altpll_component|auto_generated|pll1|clk[0] ; u_pll|altpll_component|auto_generated|pll1|clk[0] ; 0.000        ; 0.072      ; 0.848      ;
; 0.605 ; vga_ctrl:u_vga|h_cnt[1]  ; vga_ctrl:u_vga|h_cnt[1]  ; u_pll|altpll_component|auto_generated|pll1|clk[0] ; u_pll|altpll_component|auto_generated|pll1|clk[0] ; 0.000        ; 0.071      ; 0.847      ;
; 0.607 ; vga_ctrl:u_vga|h_cnt[3]  ; vga_ctrl:u_vga|h_cnt[3]  ; u_pll|altpll_component|auto_generated|pll1|clk[0] ; u_pll|altpll_component|auto_generated|pll1|clk[0] ; 0.000        ; 0.071      ; 0.849      ;
; 0.608 ; vga_ctrl:u_vga|h_cnt[11] ; vga_ctrl:u_vga|h_cnt[11] ; u_pll|altpll_component|auto_generated|pll1|clk[0] ; u_pll|altpll_component|auto_generated|pll1|clk[0] ; 0.000        ; 0.071      ; 0.850      ;
; 0.609 ; vga_ctrl:u_vga|h_cnt[4]  ; vga_ctrl:u_vga|h_cnt[4]  ; u_pll|altpll_component|auto_generated|pll1|clk[0] ; u_pll|altpll_component|auto_generated|pll1|clk[0] ; 0.000        ; 0.071      ; 0.851      ;
; 0.610 ; vga_ctrl:u_vga|v_cnt[5]  ; vga_ctrl:u_vga|v_cnt[5]  ; u_pll|altpll_component|auto_generated|pll1|clk[0] ; u_pll|altpll_component|auto_generated|pll1|clk[0] ; 0.000        ; 0.072      ; 0.853      ;
; 0.611 ; vga_ctrl:u_vga|h_cnt[2]  ; vga_ctrl:u_vga|h_cnt[2]  ; u_pll|altpll_component|auto_generated|pll1|clk[0] ; u_pll|altpll_component|auto_generated|pll1|clk[0] ; 0.000        ; 0.071      ; 0.853      ;
; 0.612 ; vga_ctrl:u_vga|h_cnt[10] ; vga_ctrl:u_vga|h_cnt[10] ; u_pll|altpll_component|auto_generated|pll1|clk[0] ; u_pll|altpll_component|auto_generated|pll1|clk[0] ; 0.000        ; 0.071      ; 0.854      ;
; 0.617 ; vga_ctrl:u_vga|v_cnt[7]  ; vga_ctrl:u_vga|v_cnt[7]  ; u_pll|altpll_component|auto_generated|pll1|clk[0] ; u_pll|altpll_component|auto_generated|pll1|clk[0] ; 0.000        ; 0.072      ; 0.860      ;
; 0.619 ; vga_ctrl:u_vga|h_cnt[6]  ; vga_ctrl:u_vga|h_cnt[6]  ; u_pll|altpll_component|auto_generated|pll1|clk[0] ; u_pll|altpll_component|auto_generated|pll1|clk[0] ; 0.000        ; 0.071      ; 0.861      ;
; 0.632 ; vga_ctrl:u_vga|h_cnt[0]  ; vga_ctrl:u_vga|h_cnt[0]  ; u_pll|altpll_component|auto_generated|pll1|clk[0] ; u_pll|altpll_component|auto_generated|pll1|clk[0] ; 0.000        ; 0.071      ; 0.874      ;
; 0.722 ; vga_ctrl:u_vga|h_cnt[9]  ; vga_ctrl:u_vga|vga_hs    ; u_pll|altpll_component|auto_generated|pll1|clk[0] ; u_pll|altpll_component|auto_generated|pll1|clk[0] ; 0.000        ; 0.071      ; 0.964      ;
; 0.763 ; vga_ctrl:u_vga|h_cnt[7]  ; vga_ctrl:u_vga|h_cnt[7]  ; u_pll|altpll_component|auto_generated|pll1|clk[0] ; u_pll|altpll_component|auto_generated|pll1|clk[0] ; 0.000        ; 0.071      ; 1.005      ;
; 0.765 ; vga_ctrl:u_vga|v_cnt[6]  ; vga_ctrl:u_vga|v_cnt[6]  ; u_pll|altpll_component|auto_generated|pll1|clk[0] ; u_pll|altpll_component|auto_generated|pll1|clk[0] ; 0.000        ; 0.072      ; 1.008      ;
; 0.772 ; vga_ctrl:u_vga|v_cnt[7]  ; vga_ctrl:u_vga|v_cnt[9]  ; u_pll|altpll_component|auto_generated|pll1|clk[0] ; u_pll|altpll_component|auto_generated|pll1|clk[0] ; 0.000        ; 0.072      ; 1.015      ;
; 0.773 ; vga_ctrl:u_vga|v_cnt[7]  ; vga_ctrl:u_vga|v_cnt[0]  ; u_pll|altpll_component|auto_generated|pll1|clk[0] ; u_pll|altpll_component|auto_generated|pll1|clk[0] ; 0.000        ; 0.072      ; 1.016      ;
; 0.856 ; vga_ctrl:u_vga|h_cnt[7]  ; vga_ctrl:u_vga|vga_hs    ; u_pll|altpll_component|auto_generated|pll1|clk[0] ; u_pll|altpll_component|auto_generated|pll1|clk[0] ; 0.000        ; 0.071      ; 1.098      ;
; 0.877 ; vga_ctrl:u_vga|v_cnt[5]  ; vga_ctrl:u_vga|v_cnt[9]  ; u_pll|altpll_component|auto_generated|pll1|clk[0] ; u_pll|altpll_component|auto_generated|pll1|clk[0] ; 0.000        ; 0.072      ; 1.120      ;
; 0.878 ; vga_ctrl:u_vga|v_cnt[5]  ; vga_ctrl:u_vga|v_cnt[0]  ; u_pll|altpll_component|auto_generated|pll1|clk[0] ; u_pll|altpll_component|auto_generated|pll1|clk[0] ; 0.000        ; 0.072      ; 1.121      ;
; 0.888 ; vga_ctrl:u_vga|v_cnt[4]  ; vga_ctrl:u_vga|v_cnt[5]  ; u_pll|altpll_component|auto_generated|pll1|clk[0] ; u_pll|altpll_component|auto_generated|pll1|clk[0] ; 0.000        ; 0.072      ; 1.131      ;
; 0.891 ; vga_ctrl:u_vga|h_cnt[1]  ; vga_ctrl:u_vga|h_cnt[2]  ; u_pll|altpll_component|auto_generated|pll1|clk[0] ; u_pll|altpll_component|auto_generated|pll1|clk[0] ; 0.000        ; 0.071      ; 1.133      ;
; 0.891 ; vga_ctrl:u_vga|v_cnt[0]  ; vga_ctrl:u_vga|v_cnt[1]  ; u_pll|altpll_component|auto_generated|pll1|clk[0] ; u_pll|altpll_component|auto_generated|pll1|clk[0] ; 0.000        ; 0.072      ; 1.134      ;
; 0.893 ; vga_ctrl:u_vga|h_cnt[3]  ; vga_ctrl:u_vga|h_cnt[4]  ; u_pll|altpll_component|auto_generated|pll1|clk[0] ; u_pll|altpll_component|auto_generated|pll1|clk[0] ; 0.000        ; 0.071      ; 1.135      ;
; 0.893 ; vga_ctrl:u_vga|v_cnt[10] ; vga_ctrl:u_vga|v_cnt[11] ; u_pll|altpll_component|auto_generated|pll1|clk[0] ; u_pll|altpll_component|auto_generated|pll1|clk[0] ; 0.000        ; 0.072      ; 1.136      ;
; 0.897 ; vga_ctrl:u_vga|v_cnt[5]  ; vga_ctrl:u_vga|v_cnt[6]  ; u_pll|altpll_component|auto_generated|pll1|clk[0] ; u_pll|altpll_component|auto_generated|pll1|clk[0] ; 0.000        ; 0.072      ; 1.140      ;
; 0.898 ; vga_ctrl:u_vga|v_cnt[8]  ; vga_ctrl:u_vga|v_cnt[10] ; u_pll|altpll_component|auto_generated|pll1|clk[0] ; u_pll|altpll_component|auto_generated|pll1|clk[0] ; 0.000        ; 0.072      ; 1.141      ;
; 0.899 ; vga_ctrl:u_vga|h_cnt[0]  ; vga_ctrl:u_vga|h_cnt[1]  ; u_pll|altpll_component|auto_generated|pll1|clk[0] ; u_pll|altpll_component|auto_generated|pll1|clk[0] ; 0.000        ; 0.071      ; 1.141      ;
; 0.899 ; vga_ctrl:u_vga|h_cnt[2]  ; vga_ctrl:u_vga|h_cnt[3]  ; u_pll|altpll_component|auto_generated|pll1|clk[0] ; u_pll|altpll_component|auto_generated|pll1|clk[0] ; 0.000        ; 0.071      ; 1.141      ;
; 0.899 ; vga_ctrl:u_vga|v_cnt[4]  ; vga_ctrl:u_vga|v_cnt[6]  ; u_pll|altpll_component|auto_generated|pll1|clk[0] ; u_pll|altpll_component|auto_generated|pll1|clk[0] ; 0.000        ; 0.072      ; 1.142      ;
; 0.900 ; vga_ctrl:u_vga|h_cnt[10] ; vga_ctrl:u_vga|h_cnt[11] ; u_pll|altpll_component|auto_generated|pll1|clk[0] ; u_pll|altpll_component|auto_generated|pll1|clk[0] ; 0.000        ; 0.071      ; 1.142      ;
; 0.904 ; vga_ctrl:u_vga|v_cnt[7]  ; vga_ctrl:u_vga|v_cnt[8]  ; u_pll|altpll_component|auto_generated|pll1|clk[0] ; u_pll|altpll_component|auto_generated|pll1|clk[0] ; 0.000        ; 0.072      ; 1.147      ;
; 0.907 ; vga_ctrl:u_vga|h_cnt[6]  ; vga_ctrl:u_vga|h_cnt[7]  ; u_pll|altpll_component|auto_generated|pll1|clk[0] ; u_pll|altpll_component|auto_generated|pll1|clk[0] ; 0.000        ; 0.071      ; 1.149      ;
; 0.908 ; vga_ctrl:u_vga|h_cnt[4]  ; vga_ctrl:u_vga|h_cnt[6]  ; u_pll|altpll_component|auto_generated|pll1|clk[0] ; u_pll|altpll_component|auto_generated|pll1|clk[0] ; 0.000        ; 0.071      ; 1.150      ;
; 0.910 ; vga_ctrl:u_vga|h_cnt[0]  ; vga_ctrl:u_vga|h_cnt[2]  ; u_pll|altpll_component|auto_generated|pll1|clk[0] ; u_pll|altpll_component|auto_generated|pll1|clk[0] ; 0.000        ; 0.071      ; 1.152      ;
; 0.910 ; vga_ctrl:u_vga|h_cnt[2]  ; vga_ctrl:u_vga|h_cnt[4]  ; u_pll|altpll_component|auto_generated|pll1|clk[0] ; u_pll|altpll_component|auto_generated|pll1|clk[0] ; 0.000        ; 0.071      ; 1.152      ;
; 0.911 ; vga_ctrl:u_vga|v_cnt[7]  ; vga_ctrl:u_vga|v_cnt[3]  ; u_pll|altpll_component|auto_generated|pll1|clk[0] ; u_pll|altpll_component|auto_generated|pll1|clk[0] ; 0.000        ; 0.071      ; 1.153      ;
; 0.912 ; vga_ctrl:u_vga|v_cnt[7]  ; vga_ctrl:u_vga|v_cnt[2]  ; u_pll|altpll_component|auto_generated|pll1|clk[0] ; u_pll|altpll_component|auto_generated|pll1|clk[0] ; 0.000        ; 0.071      ; 1.154      ;
; 0.924 ; vga_ctrl:u_vga|v_cnt[1]  ; vga_ctrl:u_vga|vga_vs    ; u_pll|altpll_component|auto_generated|pll1|clk[0] ; u_pll|altpll_component|auto_generated|pll1|clk[0] ; 0.000        ; 0.071      ; 1.166      ;
; 0.990 ; vga_ctrl:u_vga|h_cnt[1]  ; vga_ctrl:u_vga|h_cnt[3]  ; u_pll|altpll_component|auto_generated|pll1|clk[0] ; u_pll|altpll_component|auto_generated|pll1|clk[0] ; 0.000        ; 0.071      ; 1.232      ;
; 0.995 ; vga_ctrl:u_vga|h_cnt[6]  ; vga_ctrl:u_vga|vga_hs    ; u_pll|altpll_component|auto_generated|pll1|clk[0] ; u_pll|altpll_component|auto_generated|pll1|clk[0] ; 0.000        ; 0.071      ; 1.237      ;
; 0.995 ; vga_ctrl:u_vga|v_cnt[1]  ; vga_ctrl:u_vga|v_cnt[4]  ; u_pll|altpll_component|auto_generated|pll1|clk[0] ; u_pll|altpll_component|auto_generated|pll1|clk[0] ; 0.000        ; 0.072      ; 1.238      ;
; 0.996 ; vga_ctrl:u_vga|v_cnt[5]  ; vga_ctrl:u_vga|v_cnt[7]  ; u_pll|altpll_component|auto_generated|pll1|clk[0] ; u_pll|altpll_component|auto_generated|pll1|clk[0] ; 0.000        ; 0.072      ; 1.239      ;
; 0.997 ; vga_ctrl:u_vga|v_cnt[8]  ; vga_ctrl:u_vga|v_cnt[11] ; u_pll|altpll_component|auto_generated|pll1|clk[0] ; u_pll|altpll_component|auto_generated|pll1|clk[0] ; 0.000        ; 0.072      ; 1.240      ;
; 0.998 ; vga_ctrl:u_vga|v_cnt[4]  ; vga_ctrl:u_vga|v_cnt[7]  ; u_pll|altpll_component|auto_generated|pll1|clk[0] ; u_pll|altpll_component|auto_generated|pll1|clk[0] ; 0.000        ; 0.072      ; 1.241      ;
; 1.001 ; vga_ctrl:u_vga|h_cnt[1]  ; vga_ctrl:u_vga|h_cnt[4]  ; u_pll|altpll_component|auto_generated|pll1|clk[0] ; u_pll|altpll_component|auto_generated|pll1|clk[0] ; 0.000        ; 0.071      ; 1.243      ;
; 1.003 ; vga_ctrl:u_vga|h_cnt[3]  ; vga_ctrl:u_vga|h_cnt[6]  ; u_pll|altpll_component|auto_generated|pll1|clk[0] ; u_pll|altpll_component|auto_generated|pll1|clk[0] ; 0.000        ; 0.071      ; 1.245      ;
; 1.007 ; vga_ctrl:u_vga|v_cnt[5]  ; vga_ctrl:u_vga|v_cnt[8]  ; u_pll|altpll_component|auto_generated|pll1|clk[0] ; u_pll|altpll_component|auto_generated|pll1|clk[0] ; 0.000        ; 0.072      ; 1.250      ;
; 1.007 ; vga_ctrl:u_vga|h_cnt[4]  ; vga_ctrl:u_vga|h_cnt[7]  ; u_pll|altpll_component|auto_generated|pll1|clk[0] ; u_pll|altpll_component|auto_generated|pll1|clk[0] ; 0.000        ; 0.071      ; 1.249      ;
; 1.009 ; vga_ctrl:u_vga|h_cnt[0]  ; vga_ctrl:u_vga|h_cnt[3]  ; u_pll|altpll_component|auto_generated|pll1|clk[0] ; u_pll|altpll_component|auto_generated|pll1|clk[0] ; 0.000        ; 0.071      ; 1.251      ;
; 1.009 ; vga_ctrl:u_vga|v_cnt[4]  ; vga_ctrl:u_vga|v_cnt[8]  ; u_pll|altpll_component|auto_generated|pll1|clk[0] ; u_pll|altpll_component|auto_generated|pll1|clk[0] ; 0.000        ; 0.072      ; 1.252      ;
; 1.012 ; vga_ctrl:u_vga|v_cnt[0]  ; vga_ctrl:u_vga|v_cnt[4]  ; u_pll|altpll_component|auto_generated|pll1|clk[0] ; u_pll|altpll_component|auto_generated|pll1|clk[0] ; 0.000        ; 0.072      ; 1.255      ;
; 1.014 ; vga_ctrl:u_vga|v_cnt[7]  ; vga_ctrl:u_vga|v_cnt[10] ; u_pll|altpll_component|auto_generated|pll1|clk[0] ; u_pll|altpll_component|auto_generated|pll1|clk[0] ; 0.000        ; 0.072      ; 1.257      ;
; 1.016 ; vga_ctrl:u_vga|v_cnt[5]  ; vga_ctrl:u_vga|v_cnt[3]  ; u_pll|altpll_component|auto_generated|pll1|clk[0] ; u_pll|altpll_component|auto_generated|pll1|clk[0] ; 0.000        ; 0.071      ; 1.258      ;
; 1.017 ; vga_ctrl:u_vga|v_cnt[5]  ; vga_ctrl:u_vga|v_cnt[2]  ; u_pll|altpll_component|auto_generated|pll1|clk[0] ; u_pll|altpll_component|auto_generated|pll1|clk[0] ; 0.000        ; 0.071      ; 1.259      ;
; 1.020 ; vga_ctrl:u_vga|h_cnt[0]  ; vga_ctrl:u_vga|h_cnt[4]  ; u_pll|altpll_component|auto_generated|pll1|clk[0] ; u_pll|altpll_component|auto_generated|pll1|clk[0] ; 0.000        ; 0.071      ; 1.262      ;
; 1.020 ; vga_ctrl:u_vga|h_cnt[2]  ; vga_ctrl:u_vga|h_cnt[6]  ; u_pll|altpll_component|auto_generated|pll1|clk[0] ; u_pll|altpll_component|auto_generated|pll1|clk[0] ; 0.000        ; 0.071      ; 1.262      ;
; 1.028 ; vga_ctrl:u_vga|h_cnt[6]  ; vga_ctrl:u_vga|h_cnt[10] ; u_pll|altpll_component|auto_generated|pll1|clk[0] ; u_pll|altpll_component|auto_generated|pll1|clk[0] ; 0.000        ; 0.071      ; 1.270      ;
; 1.039 ; vga_ctrl:u_vga|v_cnt[8]  ; vga_ctrl:u_vga|v_cnt[9]  ; u_pll|altpll_component|auto_generated|pll1|clk[0] ; u_pll|altpll_component|auto_generated|pll1|clk[0] ; 0.000        ; 0.072      ; 1.282      ;
; 1.040 ; vga_ctrl:u_vga|v_cnt[8]  ; vga_ctrl:u_vga|v_cnt[0]  ; u_pll|altpll_component|auto_generated|pll1|clk[0] ; u_pll|altpll_component|auto_generated|pll1|clk[0] ; 0.000        ; 0.072      ; 1.283      ;
; 1.051 ; vga_ctrl:u_vga|v_cnt[9]  ; vga_ctrl:u_vga|v_cnt[10] ; u_pll|altpll_component|auto_generated|pll1|clk[0] ; u_pll|altpll_component|auto_generated|pll1|clk[0] ; 0.000        ; 0.072      ; 1.294      ;
; 1.053 ; vga_ctrl:u_vga|v_cnt[6]  ; vga_ctrl:u_vga|v_cnt[7]  ; u_pll|altpll_component|auto_generated|pll1|clk[0] ; u_pll|altpll_component|auto_generated|pll1|clk[0] ; 0.000        ; 0.072      ; 1.296      ;
; 1.064 ; vga_ctrl:u_vga|v_cnt[6]  ; vga_ctrl:u_vga|v_cnt[8]  ; u_pll|altpll_component|auto_generated|pll1|clk[0] ; u_pll|altpll_component|auto_generated|pll1|clk[0] ; 0.000        ; 0.072      ; 1.307      ;
; 1.067 ; vga_ctrl:u_vga|h_cnt[5]  ; vga_ctrl:u_vga|h_cnt[6]  ; u_pll|altpll_component|auto_generated|pll1|clk[0] ; u_pll|altpll_component|auto_generated|pll1|clk[0] ; 0.000        ; 0.071      ; 1.309      ;
; 1.070 ; vga_ctrl:u_vga|v_cnt[0]  ; vga_ctrl:u_vga|v_cnt[0]  ; u_pll|altpll_component|auto_generated|pll1|clk[0] ; u_pll|altpll_component|auto_generated|pll1|clk[0] ; 0.000        ; 0.072      ; 1.313      ;
; 1.072 ; vga_ctrl:u_vga|h_cnt[8]  ; vga_ctrl:u_vga|h_cnt[10] ; u_pll|altpll_component|auto_generated|pll1|clk[0] ; u_pll|altpll_component|auto_generated|pll1|clk[0] ; 0.000        ; 0.071      ; 1.314      ;
; 1.094 ; vga_ctrl:u_vga|v_cnt[1]  ; vga_ctrl:u_vga|v_cnt[5]  ; u_pll|altpll_component|auto_generated|pll1|clk[0] ; u_pll|altpll_component|auto_generated|pll1|clk[0] ; 0.000        ; 0.072      ; 1.337      ;
; 1.099 ; vga_ctrl:u_vga|v_cnt[3]  ; vga_ctrl:u_vga|vga_vs    ; u_pll|altpll_component|auto_generated|pll1|clk[0] ; u_pll|altpll_component|auto_generated|pll1|clk[0] ; 0.000        ; 0.072      ; 1.342      ;
; 1.101 ; vga_ctrl:u_vga|v_cnt[3]  ; vga_ctrl:u_vga|v_cnt[4]  ; u_pll|altpll_component|auto_generated|pll1|clk[0] ; u_pll|altpll_component|auto_generated|pll1|clk[0] ; 0.000        ; 0.073      ; 1.345      ;
; 1.102 ; vga_ctrl:u_vga|v_cnt[7]  ; vga_ctrl:u_vga|vga_vs    ; u_pll|altpll_component|auto_generated|pll1|clk[0] ; u_pll|altpll_component|auto_generated|pll1|clk[0] ; 0.000        ; 0.071      ; 1.344      ;
; 1.102 ; vga_ctrl:u_vga|v_cnt[2]  ; vga_ctrl:u_vga|v_cnt[4]  ; u_pll|altpll_component|auto_generated|pll1|clk[0] ; u_pll|altpll_component|auto_generated|pll1|clk[0] ; 0.000        ; 0.073      ; 1.346      ;
; 1.102 ; vga_ctrl:u_vga|h_cnt[3]  ; vga_ctrl:u_vga|h_cnt[7]  ; u_pll|altpll_component|auto_generated|pll1|clk[0] ; u_pll|altpll_component|auto_generated|pll1|clk[0] ; 0.000        ; 0.071      ; 1.344      ;
; 1.103 ; vga_ctrl:u_vga|h_cnt[11] ; vga_ctrl:u_vga|vga_hs    ; u_pll|altpll_component|auto_generated|pll1|clk[0] ; u_pll|altpll_component|auto_generated|pll1|clk[0] ; 0.000        ; 0.071      ; 1.345      ;
; 1.105 ; vga_ctrl:u_vga|v_cnt[1]  ; vga_ctrl:u_vga|v_cnt[6]  ; u_pll|altpll_component|auto_generated|pll1|clk[0] ; u_pll|altpll_component|auto_generated|pll1|clk[0] ; 0.000        ; 0.072      ; 1.348      ;
; 1.106 ; vga_ctrl:u_vga|h_cnt[9]  ; vga_ctrl:u_vga|h_cnt[10] ; u_pll|altpll_component|auto_generated|pll1|clk[0] ; u_pll|altpll_component|auto_generated|pll1|clk[0] ; 0.000        ; 0.071      ; 1.348      ;
; 1.111 ; vga_ctrl:u_vga|h_cnt[1]  ; vga_ctrl:u_vga|h_cnt[6]  ; u_pll|altpll_component|auto_generated|pll1|clk[0] ; u_pll|altpll_component|auto_generated|pll1|clk[0] ; 0.000        ; 0.071      ; 1.353      ;
; 1.111 ; vga_ctrl:u_vga|v_cnt[0]  ; vga_ctrl:u_vga|v_cnt[5]  ; u_pll|altpll_component|auto_generated|pll1|clk[0] ; u_pll|altpll_component|auto_generated|pll1|clk[0] ; 0.000        ; 0.072      ; 1.354      ;
; 1.113 ; vga_ctrl:u_vga|v_cnt[7]  ; vga_ctrl:u_vga|v_cnt[11] ; u_pll|altpll_component|auto_generated|pll1|clk[0] ; u_pll|altpll_component|auto_generated|pll1|clk[0] ; 0.000        ; 0.072      ; 1.356      ;
; 1.117 ; vga_ctrl:u_vga|v_cnt[5]  ; vga_ctrl:u_vga|v_cnt[10] ; u_pll|altpll_component|auto_generated|pll1|clk[0] ; u_pll|altpll_component|auto_generated|pll1|clk[0] ; 0.000        ; 0.072      ; 1.360      ;
; 1.118 ; vga_ctrl:u_vga|v_cnt[9]  ; vga_ctrl:u_vga|vga_vs    ; u_pll|altpll_component|auto_generated|pll1|clk[0] ; u_pll|altpll_component|auto_generated|pll1|clk[0] ; 0.000        ; 0.071      ; 1.360      ;
; 1.119 ; vga_ctrl:u_vga|h_cnt[2]  ; vga_ctrl:u_vga|h_cnt[7]  ; u_pll|altpll_component|auto_generated|pll1|clk[0] ; u_pll|altpll_component|auto_generated|pll1|clk[0] ; 0.000        ; 0.071      ; 1.361      ;
; 1.119 ; vga_ctrl:u_vga|v_cnt[4]  ; vga_ctrl:u_vga|v_cnt[10] ; u_pll|altpll_component|auto_generated|pll1|clk[0] ; u_pll|altpll_component|auto_generated|pll1|clk[0] ; 0.000        ; 0.072      ; 1.362      ;
; 1.121 ; vga_ctrl:u_vga|v_cnt[9]  ; vga_ctrl:u_vga|v_cnt[11] ; u_pll|altpll_component|auto_generated|pll1|clk[0] ; u_pll|altpll_component|auto_generated|pll1|clk[0] ; 0.000        ; 0.072      ; 1.364      ;
; 1.122 ; vga_ctrl:u_vga|v_cnt[0]  ; vga_ctrl:u_vga|v_cnt[6]  ; u_pll|altpll_component|auto_generated|pll1|clk[0] ; u_pll|altpll_component|auto_generated|pll1|clk[0] ; 0.000        ; 0.072      ; 1.365      ;
; 1.127 ; vga_ctrl:u_vga|h_cnt[6]  ; vga_ctrl:u_vga|h_cnt[11] ; u_pll|altpll_component|auto_generated|pll1|clk[0] ; u_pll|altpll_component|auto_generated|pll1|clk[0] ; 0.000        ; 0.071      ; 1.369      ;
; 1.128 ; vga_ctrl:u_vga|h_cnt[4]  ; vga_ctrl:u_vga|h_cnt[10] ; u_pll|altpll_component|auto_generated|pll1|clk[0] ; u_pll|altpll_component|auto_generated|pll1|clk[0] ; 0.000        ; 0.071      ; 1.370      ;
; 1.130 ; vga_ctrl:u_vga|h_cnt[0]  ; vga_ctrl:u_vga|h_cnt[6]  ; u_pll|altpll_component|auto_generated|pll1|clk[0] ; u_pll|altpll_component|auto_generated|pll1|clk[0] ; 0.000        ; 0.071      ; 1.372      ;
; 1.142 ; vga_ctrl:u_vga|h_cnt[5]  ; vga_ctrl:u_vga|h_cnt[7]  ; u_pll|altpll_component|auto_generated|pll1|clk[0] ; u_pll|altpll_component|auto_generated|pll1|clk[0] ; 0.000        ; 0.071      ; 1.384      ;
; 1.152 ; vga_ctrl:u_vga|v_cnt[3]  ; vga_ctrl:u_vga|v_cnt[5]  ; u_pll|altpll_component|auto_generated|pll1|clk[0] ; u_pll|altpll_component|auto_generated|pll1|clk[0] ; 0.000        ; 0.073      ; 1.396      ;
; 1.159 ; vga_ctrl:u_vga|h_cnt[7]  ; vga_ctrl:u_vga|h_cnt[10] ; u_pll|altpll_component|auto_generated|pll1|clk[0] ; u_pll|altpll_component|auto_generated|pll1|clk[0] ; 0.000        ; 0.071      ; 1.401      ;
; 1.160 ; vga_ctrl:u_vga|v_cnt[9]  ; vga_ctrl:u_vga|v_cnt[2]  ; u_pll|altpll_component|auto_generated|pll1|clk[0] ; u_pll|altpll_component|auto_generated|pll1|clk[0] ; 0.000        ; 0.071      ; 1.402      ;
; 1.161 ; vga_ctrl:u_vga|v_cnt[9]  ; vga_ctrl:u_vga|v_cnt[3]  ; u_pll|altpll_component|auto_generated|pll1|clk[0] ; u_pll|altpll_component|auto_generated|pll1|clk[0] ; 0.000        ; 0.071      ; 1.403      ;
; 1.166 ; vga_ctrl:u_vga|h_cnt[9]  ; vga_ctrl:u_vga|h_cnt[11] ; u_pll|altpll_component|auto_generated|pll1|clk[0] ; u_pll|altpll_component|auto_generated|pll1|clk[0] ; 0.000        ; 0.071      ; 1.408      ;
; 1.170 ; vga_ctrl:u_vga|v_cnt[2]  ; vga_ctrl:u_vga|v_cnt[5]  ; u_pll|altpll_component|auto_generated|pll1|clk[0] ; u_pll|altpll_component|auto_generated|pll1|clk[0] ; 0.000        ; 0.073      ; 1.414      ;
; 1.171 ; vga_ctrl:u_vga|h_cnt[8]  ; vga_ctrl:u_vga|h_cnt[11] ; u_pll|altpll_component|auto_generated|pll1|clk[0] ; u_pll|altpll_component|auto_generated|pll1|clk[0] ; 0.000        ; 0.071      ; 1.413      ;
; 1.174 ; vga_ctrl:u_vga|v_cnt[6]  ; vga_ctrl:u_vga|v_cnt[10] ; u_pll|altpll_component|auto_generated|pll1|clk[0] ; u_pll|altpll_component|auto_generated|pll1|clk[0] ; 0.000        ; 0.072      ; 1.417      ;
+-------+--------------------------+--------------------------+---------------------------------------------------+---------------------------------------------------+--------------+------------+------------+


----------------------------------------------
; Slow 1200mV 0C Model Metastability Summary ;
----------------------------------------------
No synchronizer chains to report.


+----------------------------------------------------------------------------+
; Fast 1200mV 0C Model Setup Summary                                         ;
+---------------------------------------------------+--------+---------------+
; Clock                                             ; Slack  ; End Point TNS ;
+---------------------------------------------------+--------+---------------+
; u_pll|altpll_component|auto_generated|pll1|clk[0] ; 36.764 ; 0.000         ;
+---------------------------------------------------+--------+---------------+


+---------------------------------------------------------------------------+
; Fast 1200mV 0C Model Hold Summary                                         ;
+---------------------------------------------------+-------+---------------+
; Clock                                             ; Slack ; End Point TNS ;
+---------------------------------------------------+-------+---------------+
; u_pll|altpll_component|auto_generated|pll1|clk[0] ; 0.277 ; 0.000         ;
+---------------------------------------------------+-------+---------------+


-----------------------------------------
; Fast 1200mV 0C Model Recovery Summary ;
-----------------------------------------
No paths to report.


----------------------------------------
; Fast 1200mV 0C Model Removal Summary ;
----------------------------------------
No paths to report.


+----------------------------------------------------------------------------+
; Fast 1200mV 0C Model Minimum Pulse Width Summary                           ;
+---------------------------------------------------+--------+---------------+
; Clock                                             ; Slack  ; End Point TNS ;
+---------------------------------------------------+--------+---------------+
; sys_clk                                           ; 9.574  ; 0.000         ;
; u_pll|altpll_component|auto_generated|pll1|clk[0] ; 19.646 ; 0.000         ;
+---------------------------------------------------+--------+---------------+


+--------------------------------------------------------------------------------------------------------------------------------------------------------------------------------------------------------------+
; Fast 1200mV 0C Model Setup: 'u_pll|altpll_component|auto_generated|pll1|clk[0]'                                                                                                                              ;
+--------+--------------------------+-------------------------+---------------------------------------------------+---------------------------------------------------+--------------+------------+------------+
; Slack  ; From Node                ; To Node                 ; Launch Clock                                      ; Latch Clock                                       ; Relationship ; Clock Skew ; Data Delay ;
+--------+--------------------------+-------------------------+---------------------------------------------------+---------------------------------------------------+--------------+------------+------------+
; 36.764 ; vga_ctrl:u_vga|h_cnt[7]  ; vga_ctrl:u_vga|vga_g[0] ; u_pll|altpll_component|auto_generated|pll1|clk[0] ; u_pll|altpll_component|auto_generated|pll1|clk[0] ; 39.729       ; -0.046     ; 2.906      ;
; 36.808 ; vga_ctrl:u_vga|v_cnt[6]  ; vga_ctrl:u_vga|vga_g[0] ; u_pll|altpll_component|auto_generated|pll1|clk[0] ; u_pll|altpll_component|auto_generated|pll1|clk[0] ; 39.729       ; -0.049     ; 2.859      ;
; 36.828 ; vga_ctrl:u_vga|h_cnt[7]  ; vga_ctrl:u_vga|vga_b[7] ; u_pll|altpll_component|auto_generated|pll1|clk[0] ; u_pll|altpll_component|auto_generated|pll1|clk[0] ; 39.729       ; -0.046     ; 2.842      ;
; 36.832 ; vga_ctrl:u_vga|h_cnt[7]  ; vga_ctrl:u_vga|vga_b[6] ; u_pll|altpll_component|auto_generated|pll1|clk[0] ; u_pll|altpll_component|auto_generated|pll1|clk[0] ; 39.729       ; -0.046     ; 2.838      ;
; 36.872 ; vga_ctrl:u_vga|v_cnt[6]  ; vga_ctrl:u_vga|vga_b[7] ; u_pll|altpll_component|auto_generated|pll1|clk[0] ; u_pll|altpll_component|auto_generated|pll1|clk[0] ; 39.729       ; -0.049     ; 2.795      ;
; 36.876 ; vga_ctrl:u_vga|v_cnt[6]  ; vga_ctrl:u_vga|vga_b[6] ; u_pll|altpll_component|auto_generated|pll1|clk[0] ; u_pll|altpll_component|auto_generated|pll1|clk[0] ; 39.729       ; -0.049     ; 2.791      ;
; 36.895 ; vga_ctrl:u_vga|h_cnt[4]  ; vga_ctrl:u_vga|vga_g[0] ; u_pll|altpll_component|auto_generated|pll1|clk[0] ; u_pll|altpll_component|auto_generated|pll1|clk[0] ; 39.729       ; -0.046     ; 2.775      ;
; 36.896 ; vga_ctrl:u_vga|h_cnt[7]  ; vga_ctrl:u_vga|vga_b[5] ; u_pll|altpll_component|auto_generated|pll1|clk[0] ; u_pll|altpll_component|auto_generated|pll1|clk[0] ; 39.729       ; -0.046     ; 2.774      ;
; 36.898 ; vga_ctrl:u_vga|v_cnt[8]  ; vga_ctrl:u_vga|vga_g[0] ; u_pll|altpll_component|auto_generated|pll1|clk[0] ; u_pll|altpll_component|auto_generated|pll1|clk[0] ; 39.729       ; -0.049     ; 2.769      ;
; 36.900 ; vga_ctrl:u_vga|h_cnt[7]  ; vga_ctrl:u_vga|vga_b[4] ; u_pll|altpll_component|auto_generated|pll1|clk[0] ; u_pll|altpll_component|auto_generated|pll1|clk[0] ; 39.729       ; -0.046     ; 2.770      ;
; 36.913 ; vga_ctrl:u_vga|v_cnt[9]  ; vga_ctrl:u_vga|vga_g[0] ; u_pll|altpll_component|auto_generated|pll1|clk[0] ; u_pll|altpll_component|auto_generated|pll1|clk[0] ; 39.729       ; -0.049     ; 2.754      ;
; 36.935 ; vga_ctrl:u_vga|v_cnt[3]  ; vga_ctrl:u_vga|vga_g[0] ; u_pll|altpll_component|auto_generated|pll1|clk[0] ; u_pll|altpll_component|auto_generated|pll1|clk[0] ; 39.729       ; -0.048     ; 2.733      ;
; 36.940 ; vga_ctrl:u_vga|v_cnt[6]  ; vga_ctrl:u_vga|vga_b[5] ; u_pll|altpll_component|auto_generated|pll1|clk[0] ; u_pll|altpll_component|auto_generated|pll1|clk[0] ; 39.729       ; -0.049     ; 2.727      ;
; 36.944 ; vga_ctrl:u_vga|v_cnt[6]  ; vga_ctrl:u_vga|vga_b[4] ; u_pll|altpll_component|auto_generated|pll1|clk[0] ; u_pll|altpll_component|auto_generated|pll1|clk[0] ; 39.729       ; -0.049     ; 2.723      ;
; 36.952 ; vga_ctrl:u_vga|h_cnt[9]  ; vga_ctrl:u_vga|vga_g[0] ; u_pll|altpll_component|auto_generated|pll1|clk[0] ; u_pll|altpll_component|auto_generated|pll1|clk[0] ; 39.729       ; -0.047     ; 2.717      ;
; 36.954 ; vga_ctrl:u_vga|v_cnt[2]  ; vga_ctrl:u_vga|vga_g[0] ; u_pll|altpll_component|auto_generated|pll1|clk[0] ; u_pll|altpll_component|auto_generated|pll1|clk[0] ; 39.729       ; -0.048     ; 2.714      ;
; 36.955 ; vga_ctrl:u_vga|v_cnt[0]  ; vga_ctrl:u_vga|vga_g[0] ; u_pll|altpll_component|auto_generated|pll1|clk[0] ; u_pll|altpll_component|auto_generated|pll1|clk[0] ; 39.729       ; -0.049     ; 2.712      ;
; 36.959 ; vga_ctrl:u_vga|h_cnt[4]  ; vga_ctrl:u_vga|vga_b[7] ; u_pll|altpll_component|auto_generated|pll1|clk[0] ; u_pll|altpll_component|auto_generated|pll1|clk[0] ; 39.729       ; -0.046     ; 2.711      ;
; 36.962 ; vga_ctrl:u_vga|v_cnt[8]  ; vga_ctrl:u_vga|vga_b[7] ; u_pll|altpll_component|auto_generated|pll1|clk[0] ; u_pll|altpll_component|auto_generated|pll1|clk[0] ; 39.729       ; -0.049     ; 2.705      ;
; 36.963 ; vga_ctrl:u_vga|h_cnt[4]  ; vga_ctrl:u_vga|vga_b[6] ; u_pll|altpll_component|auto_generated|pll1|clk[0] ; u_pll|altpll_component|auto_generated|pll1|clk[0] ; 39.729       ; -0.046     ; 2.707      ;
; 36.966 ; vga_ctrl:u_vga|v_cnt[8]  ; vga_ctrl:u_vga|vga_b[6] ; u_pll|altpll_component|auto_generated|pll1|clk[0] ; u_pll|altpll_component|auto_generated|pll1|clk[0] ; 39.729       ; -0.049     ; 2.701      ;
; 36.977 ; vga_ctrl:u_vga|v_cnt[9]  ; vga_ctrl:u_vga|vga_b[7] ; u_pll|altpll_component|auto_generated|pll1|clk[0] ; u_pll|altpll_component|auto_generated|pll1|clk[0] ; 39.729       ; -0.049     ; 2.690      ;
; 36.981 ; vga_ctrl:u_vga|v_cnt[9]  ; vga_ctrl:u_vga|vga_b[6] ; u_pll|altpll_component|auto_generated|pll1|clk[0] ; u_pll|altpll_component|auto_generated|pll1|clk[0] ; 39.729       ; -0.049     ; 2.686      ;
; 36.992 ; vga_ctrl:u_vga|h_cnt[8]  ; vga_ctrl:u_vga|vga_g[0] ; u_pll|altpll_component|auto_generated|pll1|clk[0] ; u_pll|altpll_component|auto_generated|pll1|clk[0] ; 39.729       ; -0.047     ; 2.677      ;
; 36.997 ; vga_ctrl:u_vga|h_cnt[5]  ; vga_ctrl:u_vga|vga_g[0] ; u_pll|altpll_component|auto_generated|pll1|clk[0] ; u_pll|altpll_component|auto_generated|pll1|clk[0] ; 39.729       ; -0.047     ; 2.672      ;
; 36.999 ; vga_ctrl:u_vga|v_cnt[3]  ; vga_ctrl:u_vga|vga_b[7] ; u_pll|altpll_component|auto_generated|pll1|clk[0] ; u_pll|altpll_component|auto_generated|pll1|clk[0] ; 39.729       ; -0.048     ; 2.669      ;
; 37.003 ; vga_ctrl:u_vga|v_cnt[3]  ; vga_ctrl:u_vga|vga_b[6] ; u_pll|altpll_component|auto_generated|pll1|clk[0] ; u_pll|altpll_component|auto_generated|pll1|clk[0] ; 39.729       ; -0.048     ; 2.665      ;
; 37.012 ; vga_ctrl:u_vga|h_cnt[6]  ; vga_ctrl:u_vga|vga_g[0] ; u_pll|altpll_component|auto_generated|pll1|clk[0] ; u_pll|altpll_component|auto_generated|pll1|clk[0] ; 39.729       ; -0.046     ; 2.658      ;
; 37.016 ; vga_ctrl:u_vga|h_cnt[9]  ; vga_ctrl:u_vga|vga_b[7] ; u_pll|altpll_component|auto_generated|pll1|clk[0] ; u_pll|altpll_component|auto_generated|pll1|clk[0] ; 39.729       ; -0.047     ; 2.653      ;
; 37.018 ; vga_ctrl:u_vga|v_cnt[2]  ; vga_ctrl:u_vga|vga_b[7] ; u_pll|altpll_component|auto_generated|pll1|clk[0] ; u_pll|altpll_component|auto_generated|pll1|clk[0] ; 39.729       ; -0.048     ; 2.650      ;
; 37.019 ; vga_ctrl:u_vga|v_cnt[0]  ; vga_ctrl:u_vga|vga_b[7] ; u_pll|altpll_component|auto_generated|pll1|clk[0] ; u_pll|altpll_component|auto_generated|pll1|clk[0] ; 39.729       ; -0.049     ; 2.648      ;
; 37.020 ; vga_ctrl:u_vga|h_cnt[9]  ; vga_ctrl:u_vga|vga_b[6] ; u_pll|altpll_component|auto_generated|pll1|clk[0] ; u_pll|altpll_component|auto_generated|pll1|clk[0] ; 39.729       ; -0.047     ; 2.649      ;
; 37.022 ; vga_ctrl:u_vga|v_cnt[2]  ; vga_ctrl:u_vga|vga_b[6] ; u_pll|altpll_component|auto_generated|pll1|clk[0] ; u_pll|altpll_component|auto_generated|pll1|clk[0] ; 39.729       ; -0.048     ; 2.646      ;
; 37.023 ; vga_ctrl:u_vga|v_cnt[1]  ; vga_ctrl:u_vga|vga_g[0] ; u_pll|altpll_component|auto_generated|pll1|clk[0] ; u_pll|altpll_component|auto_generated|pll1|clk[0] ; 39.729       ; -0.049     ; 2.644      ;
; 37.023 ; vga_ctrl:u_vga|v_cnt[0]  ; vga_ctrl:u_vga|vga_b[6] ; u_pll|altpll_component|auto_generated|pll1|clk[0] ; u_pll|altpll_component|auto_generated|pll1|clk[0] ; 39.729       ; -0.049     ; 2.644      ;
; 37.027 ; vga_ctrl:u_vga|h_cnt[4]  ; vga_ctrl:u_vga|vga_b[5] ; u_pll|altpll_component|auto_generated|pll1|clk[0] ; u_pll|altpll_component|auto_generated|pll1|clk[0] ; 39.729       ; -0.046     ; 2.643      ;
; 37.030 ; vga_ctrl:u_vga|v_cnt[8]  ; vga_ctrl:u_vga|vga_b[5] ; u_pll|altpll_component|auto_generated|pll1|clk[0] ; u_pll|altpll_component|auto_generated|pll1|clk[0] ; 39.729       ; -0.049     ; 2.637      ;
; 37.031 ; vga_ctrl:u_vga|h_cnt[4]  ; vga_ctrl:u_vga|vga_b[4] ; u_pll|altpll_component|auto_generated|pll1|clk[0] ; u_pll|altpll_component|auto_generated|pll1|clk[0] ; 39.729       ; -0.046     ; 2.639      ;
; 37.034 ; vga_ctrl:u_vga|v_cnt[7]  ; vga_ctrl:u_vga|vga_g[0] ; u_pll|altpll_component|auto_generated|pll1|clk[0] ; u_pll|altpll_component|auto_generated|pll1|clk[0] ; 39.729       ; -0.049     ; 2.633      ;
; 37.034 ; vga_ctrl:u_vga|v_cnt[8]  ; vga_ctrl:u_vga|vga_b[4] ; u_pll|altpll_component|auto_generated|pll1|clk[0] ; u_pll|altpll_component|auto_generated|pll1|clk[0] ; 39.729       ; -0.049     ; 2.633      ;
; 37.045 ; vga_ctrl:u_vga|v_cnt[9]  ; vga_ctrl:u_vga|vga_b[5] ; u_pll|altpll_component|auto_generated|pll1|clk[0] ; u_pll|altpll_component|auto_generated|pll1|clk[0] ; 39.729       ; -0.049     ; 2.622      ;
; 37.049 ; vga_ctrl:u_vga|v_cnt[9]  ; vga_ctrl:u_vga|vga_b[4] ; u_pll|altpll_component|auto_generated|pll1|clk[0] ; u_pll|altpll_component|auto_generated|pll1|clk[0] ; 39.729       ; -0.049     ; 2.618      ;
; 37.056 ; vga_ctrl:u_vga|h_cnt[8]  ; vga_ctrl:u_vga|vga_b[7] ; u_pll|altpll_component|auto_generated|pll1|clk[0] ; u_pll|altpll_component|auto_generated|pll1|clk[0] ; 39.729       ; -0.047     ; 2.613      ;
; 37.060 ; vga_ctrl:u_vga|h_cnt[8]  ; vga_ctrl:u_vga|vga_b[6] ; u_pll|altpll_component|auto_generated|pll1|clk[0] ; u_pll|altpll_component|auto_generated|pll1|clk[0] ; 39.729       ; -0.047     ; 2.609      ;
; 37.061 ; vga_ctrl:u_vga|h_cnt[5]  ; vga_ctrl:u_vga|vga_b[7] ; u_pll|altpll_component|auto_generated|pll1|clk[0] ; u_pll|altpll_component|auto_generated|pll1|clk[0] ; 39.729       ; -0.047     ; 2.608      ;
; 37.065 ; vga_ctrl:u_vga|h_cnt[5]  ; vga_ctrl:u_vga|vga_b[6] ; u_pll|altpll_component|auto_generated|pll1|clk[0] ; u_pll|altpll_component|auto_generated|pll1|clk[0] ; 39.729       ; -0.047     ; 2.604      ;
; 37.067 ; vga_ctrl:u_vga|v_cnt[3]  ; vga_ctrl:u_vga|vga_b[5] ; u_pll|altpll_component|auto_generated|pll1|clk[0] ; u_pll|altpll_component|auto_generated|pll1|clk[0] ; 39.729       ; -0.048     ; 2.601      ;
; 37.071 ; vga_ctrl:u_vga|v_cnt[3]  ; vga_ctrl:u_vga|vga_b[4] ; u_pll|altpll_component|auto_generated|pll1|clk[0] ; u_pll|altpll_component|auto_generated|pll1|clk[0] ; 39.729       ; -0.048     ; 2.597      ;
; 37.076 ; vga_ctrl:u_vga|h_cnt[6]  ; vga_ctrl:u_vga|vga_b[7] ; u_pll|altpll_component|auto_generated|pll1|clk[0] ; u_pll|altpll_component|auto_generated|pll1|clk[0] ; 39.729       ; -0.046     ; 2.594      ;
; 37.080 ; vga_ctrl:u_vga|h_cnt[6]  ; vga_ctrl:u_vga|vga_b[6] ; u_pll|altpll_component|auto_generated|pll1|clk[0] ; u_pll|altpll_component|auto_generated|pll1|clk[0] ; 39.729       ; -0.046     ; 2.590      ;
; 37.082 ; vga_ctrl:u_vga|h_cnt[7]  ; vga_ctrl:u_vga|vga_b[3] ; u_pll|altpll_component|auto_generated|pll1|clk[0] ; u_pll|altpll_component|auto_generated|pll1|clk[0] ; 39.729       ; -0.046     ; 2.588      ;
; 37.084 ; vga_ctrl:u_vga|h_cnt[9]  ; vga_ctrl:u_vga|vga_b[5] ; u_pll|altpll_component|auto_generated|pll1|clk[0] ; u_pll|altpll_component|auto_generated|pll1|clk[0] ; 39.729       ; -0.047     ; 2.585      ;
; 37.086 ; vga_ctrl:u_vga|h_cnt[7]  ; vga_ctrl:u_vga|vga_b[2] ; u_pll|altpll_component|auto_generated|pll1|clk[0] ; u_pll|altpll_component|auto_generated|pll1|clk[0] ; 39.729       ; -0.046     ; 2.584      ;
; 37.086 ; vga_ctrl:u_vga|v_cnt[2]  ; vga_ctrl:u_vga|vga_b[5] ; u_pll|altpll_component|auto_generated|pll1|clk[0] ; u_pll|altpll_component|auto_generated|pll1|clk[0] ; 39.729       ; -0.048     ; 2.582      ;
; 37.087 ; vga_ctrl:u_vga|v_cnt[1]  ; vga_ctrl:u_vga|vga_b[7] ; u_pll|altpll_component|auto_generated|pll1|clk[0] ; u_pll|altpll_component|auto_generated|pll1|clk[0] ; 39.729       ; -0.049     ; 2.580      ;
; 37.087 ; vga_ctrl:u_vga|v_cnt[0]  ; vga_ctrl:u_vga|vga_b[5] ; u_pll|altpll_component|auto_generated|pll1|clk[0] ; u_pll|altpll_component|auto_generated|pll1|clk[0] ; 39.729       ; -0.049     ; 2.580      ;
; 37.088 ; vga_ctrl:u_vga|h_cnt[9]  ; vga_ctrl:u_vga|vga_b[4] ; u_pll|altpll_component|auto_generated|pll1|clk[0] ; u_pll|altpll_component|auto_generated|pll1|clk[0] ; 39.729       ; -0.047     ; 2.581      ;
; 37.090 ; vga_ctrl:u_vga|v_cnt[2]  ; vga_ctrl:u_vga|vga_b[4] ; u_pll|altpll_component|auto_generated|pll1|clk[0] ; u_pll|altpll_component|auto_generated|pll1|clk[0] ; 39.729       ; -0.048     ; 2.578      ;
; 37.091 ; vga_ctrl:u_vga|v_cnt[1]  ; vga_ctrl:u_vga|vga_b[6] ; u_pll|altpll_component|auto_generated|pll1|clk[0] ; u_pll|altpll_component|auto_generated|pll1|clk[0] ; 39.729       ; -0.049     ; 2.576      ;
; 37.091 ; vga_ctrl:u_vga|v_cnt[0]  ; vga_ctrl:u_vga|vga_b[4] ; u_pll|altpll_component|auto_generated|pll1|clk[0] ; u_pll|altpll_component|auto_generated|pll1|clk[0] ; 39.729       ; -0.049     ; 2.576      ;
; 37.098 ; vga_ctrl:u_vga|v_cnt[7]  ; vga_ctrl:u_vga|vga_b[7] ; u_pll|altpll_component|auto_generated|pll1|clk[0] ; u_pll|altpll_component|auto_generated|pll1|clk[0] ; 39.729       ; -0.049     ; 2.569      ;
; 37.102 ; vga_ctrl:u_vga|v_cnt[7]  ; vga_ctrl:u_vga|vga_b[6] ; u_pll|altpll_component|auto_generated|pll1|clk[0] ; u_pll|altpll_component|auto_generated|pll1|clk[0] ; 39.729       ; -0.049     ; 2.565      ;
; 37.124 ; vga_ctrl:u_vga|h_cnt[8]  ; vga_ctrl:u_vga|vga_b[5] ; u_pll|altpll_component|auto_generated|pll1|clk[0] ; u_pll|altpll_component|auto_generated|pll1|clk[0] ; 39.729       ; -0.047     ; 2.545      ;
; 37.125 ; vga_ctrl:u_vga|v_cnt[4]  ; vga_ctrl:u_vga|vga_g[0] ; u_pll|altpll_component|auto_generated|pll1|clk[0] ; u_pll|altpll_component|auto_generated|pll1|clk[0] ; 39.729       ; -0.049     ; 2.542      ;
; 37.126 ; vga_ctrl:u_vga|v_cnt[6]  ; vga_ctrl:u_vga|vga_b[3] ; u_pll|altpll_component|auto_generated|pll1|clk[0] ; u_pll|altpll_component|auto_generated|pll1|clk[0] ; 39.729       ; -0.049     ; 2.541      ;
; 37.128 ; vga_ctrl:u_vga|h_cnt[8]  ; vga_ctrl:u_vga|vga_b[4] ; u_pll|altpll_component|auto_generated|pll1|clk[0] ; u_pll|altpll_component|auto_generated|pll1|clk[0] ; 39.729       ; -0.047     ; 2.541      ;
; 37.129 ; vga_ctrl:u_vga|h_cnt[5]  ; vga_ctrl:u_vga|vga_b[5] ; u_pll|altpll_component|auto_generated|pll1|clk[0] ; u_pll|altpll_component|auto_generated|pll1|clk[0] ; 39.729       ; -0.047     ; 2.540      ;
; 37.130 ; vga_ctrl:u_vga|v_cnt[6]  ; vga_ctrl:u_vga|vga_b[2] ; u_pll|altpll_component|auto_generated|pll1|clk[0] ; u_pll|altpll_component|auto_generated|pll1|clk[0] ; 39.729       ; -0.049     ; 2.537      ;
; 37.133 ; vga_ctrl:u_vga|h_cnt[5]  ; vga_ctrl:u_vga|vga_b[4] ; u_pll|altpll_component|auto_generated|pll1|clk[0] ; u_pll|altpll_component|auto_generated|pll1|clk[0] ; 39.729       ; -0.047     ; 2.536      ;
; 37.144 ; vga_ctrl:u_vga|h_cnt[6]  ; vga_ctrl:u_vga|vga_b[5] ; u_pll|altpll_component|auto_generated|pll1|clk[0] ; u_pll|altpll_component|auto_generated|pll1|clk[0] ; 39.729       ; -0.046     ; 2.526      ;
; 37.148 ; vga_ctrl:u_vga|h_cnt[6]  ; vga_ctrl:u_vga|vga_b[4] ; u_pll|altpll_component|auto_generated|pll1|clk[0] ; u_pll|altpll_component|auto_generated|pll1|clk[0] ; 39.729       ; -0.046     ; 2.522      ;
; 37.155 ; vga_ctrl:u_vga|v_cnt[1]  ; vga_ctrl:u_vga|vga_b[5] ; u_pll|altpll_component|auto_generated|pll1|clk[0] ; u_pll|altpll_component|auto_generated|pll1|clk[0] ; 39.729       ; -0.049     ; 2.512      ;
; 37.159 ; vga_ctrl:u_vga|v_cnt[1]  ; vga_ctrl:u_vga|vga_b[4] ; u_pll|altpll_component|auto_generated|pll1|clk[0] ; u_pll|altpll_component|auto_generated|pll1|clk[0] ; 39.729       ; -0.049     ; 2.508      ;
; 37.166 ; vga_ctrl:u_vga|v_cnt[7]  ; vga_ctrl:u_vga|vga_b[5] ; u_pll|altpll_component|auto_generated|pll1|clk[0] ; u_pll|altpll_component|auto_generated|pll1|clk[0] ; 39.729       ; -0.049     ; 2.501      ;
; 37.170 ; vga_ctrl:u_vga|v_cnt[7]  ; vga_ctrl:u_vga|vga_b[4] ; u_pll|altpll_component|auto_generated|pll1|clk[0] ; u_pll|altpll_component|auto_generated|pll1|clk[0] ; 39.729       ; -0.049     ; 2.497      ;
; 37.178 ; vga_ctrl:u_vga|v_cnt[11] ; vga_ctrl:u_vga|vga_g[0] ; u_pll|altpll_component|auto_generated|pll1|clk[0] ; u_pll|altpll_component|auto_generated|pll1|clk[0] ; 39.729       ; -0.049     ; 2.489      ;
; 37.189 ; vga_ctrl:u_vga|v_cnt[4]  ; vga_ctrl:u_vga|vga_b[7] ; u_pll|altpll_component|auto_generated|pll1|clk[0] ; u_pll|altpll_component|auto_generated|pll1|clk[0] ; 39.729       ; -0.049     ; 2.478      ;
; 37.193 ; vga_ctrl:u_vga|v_cnt[4]  ; vga_ctrl:u_vga|vga_b[6] ; u_pll|altpll_component|auto_generated|pll1|clk[0] ; u_pll|altpll_component|auto_generated|pll1|clk[0] ; 39.729       ; -0.049     ; 2.474      ;
; 37.206 ; vga_ctrl:u_vga|h_cnt[10] ; vga_ctrl:u_vga|vga_g[0] ; u_pll|altpll_component|auto_generated|pll1|clk[0] ; u_pll|altpll_component|auto_generated|pll1|clk[0] ; 39.729       ; -0.046     ; 2.464      ;
; 37.213 ; vga_ctrl:u_vga|h_cnt[4]  ; vga_ctrl:u_vga|vga_b[3] ; u_pll|altpll_component|auto_generated|pll1|clk[0] ; u_pll|altpll_component|auto_generated|pll1|clk[0] ; 39.729       ; -0.046     ; 2.457      ;
; 37.216 ; vga_ctrl:u_vga|v_cnt[8]  ; vga_ctrl:u_vga|vga_b[3] ; u_pll|altpll_component|auto_generated|pll1|clk[0] ; u_pll|altpll_component|auto_generated|pll1|clk[0] ; 39.729       ; -0.049     ; 2.451      ;
; 37.217 ; vga_ctrl:u_vga|h_cnt[4]  ; vga_ctrl:u_vga|vga_b[2] ; u_pll|altpll_component|auto_generated|pll1|clk[0] ; u_pll|altpll_component|auto_generated|pll1|clk[0] ; 39.729       ; -0.046     ; 2.453      ;
; 37.218 ; vga_ctrl:u_vga|v_cnt[5]  ; vga_ctrl:u_vga|vga_g[0] ; u_pll|altpll_component|auto_generated|pll1|clk[0] ; u_pll|altpll_component|auto_generated|pll1|clk[0] ; 39.729       ; -0.049     ; 2.449      ;
; 37.220 ; vga_ctrl:u_vga|v_cnt[8]  ; vga_ctrl:u_vga|vga_b[2] ; u_pll|altpll_component|auto_generated|pll1|clk[0] ; u_pll|altpll_component|auto_generated|pll1|clk[0] ; 39.729       ; -0.049     ; 2.447      ;
; 37.231 ; vga_ctrl:u_vga|v_cnt[9]  ; vga_ctrl:u_vga|vga_b[3] ; u_pll|altpll_component|auto_generated|pll1|clk[0] ; u_pll|altpll_component|auto_generated|pll1|clk[0] ; 39.729       ; -0.049     ; 2.436      ;
; 37.235 ; vga_ctrl:u_vga|v_cnt[9]  ; vga_ctrl:u_vga|vga_b[2] ; u_pll|altpll_component|auto_generated|pll1|clk[0] ; u_pll|altpll_component|auto_generated|pll1|clk[0] ; 39.729       ; -0.049     ; 2.432      ;
; 37.242 ; vga_ctrl:u_vga|v_cnt[11] ; vga_ctrl:u_vga|vga_b[7] ; u_pll|altpll_component|auto_generated|pll1|clk[0] ; u_pll|altpll_component|auto_generated|pll1|clk[0] ; 39.729       ; -0.049     ; 2.425      ;
; 37.246 ; vga_ctrl:u_vga|v_cnt[11] ; vga_ctrl:u_vga|vga_b[6] ; u_pll|altpll_component|auto_generated|pll1|clk[0] ; u_pll|altpll_component|auto_generated|pll1|clk[0] ; 39.729       ; -0.049     ; 2.421      ;
; 37.253 ; vga_ctrl:u_vga|v_cnt[3]  ; vga_ctrl:u_vga|vga_b[3] ; u_pll|altpll_component|auto_generated|pll1|clk[0] ; u_pll|altpll_component|auto_generated|pll1|clk[0] ; 39.729       ; -0.048     ; 2.415      ;
; 37.257 ; vga_ctrl:u_vga|v_cnt[4]  ; vga_ctrl:u_vga|vga_b[5] ; u_pll|altpll_component|auto_generated|pll1|clk[0] ; u_pll|altpll_component|auto_generated|pll1|clk[0] ; 39.729       ; -0.049     ; 2.410      ;
; 37.257 ; vga_ctrl:u_vga|v_cnt[3]  ; vga_ctrl:u_vga|vga_b[2] ; u_pll|altpll_component|auto_generated|pll1|clk[0] ; u_pll|altpll_component|auto_generated|pll1|clk[0] ; 39.729       ; -0.048     ; 2.411      ;
; 37.261 ; vga_ctrl:u_vga|v_cnt[4]  ; vga_ctrl:u_vga|vga_b[4] ; u_pll|altpll_component|auto_generated|pll1|clk[0] ; u_pll|altpll_component|auto_generated|pll1|clk[0] ; 39.729       ; -0.049     ; 2.406      ;
; 37.270 ; vga_ctrl:u_vga|h_cnt[9]  ; vga_ctrl:u_vga|vga_b[3] ; u_pll|altpll_component|auto_generated|pll1|clk[0] ; u_pll|altpll_component|auto_generated|pll1|clk[0] ; 39.729       ; -0.047     ; 2.399      ;
; 37.270 ; vga_ctrl:u_vga|h_cnt[10] ; vga_ctrl:u_vga|vga_b[7] ; u_pll|altpll_component|auto_generated|pll1|clk[0] ; u_pll|altpll_component|auto_generated|pll1|clk[0] ; 39.729       ; -0.046     ; 2.400      ;
; 37.272 ; vga_ctrl:u_vga|v_cnt[2]  ; vga_ctrl:u_vga|vga_b[3] ; u_pll|altpll_component|auto_generated|pll1|clk[0] ; u_pll|altpll_component|auto_generated|pll1|clk[0] ; 39.729       ; -0.048     ; 2.396      ;
; 37.273 ; vga_ctrl:u_vga|v_cnt[0]  ; vga_ctrl:u_vga|vga_b[3] ; u_pll|altpll_component|auto_generated|pll1|clk[0] ; u_pll|altpll_component|auto_generated|pll1|clk[0] ; 39.729       ; -0.049     ; 2.394      ;
; 37.274 ; vga_ctrl:u_vga|h_cnt[9]  ; vga_ctrl:u_vga|vga_b[2] ; u_pll|altpll_component|auto_generated|pll1|clk[0] ; u_pll|altpll_component|auto_generated|pll1|clk[0] ; 39.729       ; -0.047     ; 2.395      ;
; 37.274 ; vga_ctrl:u_vga|h_cnt[10] ; vga_ctrl:u_vga|vga_b[6] ; u_pll|altpll_component|auto_generated|pll1|clk[0] ; u_pll|altpll_component|auto_generated|pll1|clk[0] ; 39.729       ; -0.046     ; 2.396      ;
; 37.275 ; vga_ctrl:u_vga|h_cnt[7]  ; vga_ctrl:u_vga|vga_b[1] ; u_pll|altpll_component|auto_generated|pll1|clk[0] ; u_pll|altpll_component|auto_generated|pll1|clk[0] ; 39.729       ; -0.046     ; 2.395      ;
; 37.276 ; vga_ctrl:u_vga|v_cnt[2]  ; vga_ctrl:u_vga|vga_b[2] ; u_pll|altpll_component|auto_generated|pll1|clk[0] ; u_pll|altpll_component|auto_generated|pll1|clk[0] ; 39.729       ; -0.048     ; 2.392      ;
+--------+--------------------------+-------------------------+---------------------------------------------------+---------------------------------------------------+--------------+------------+------------+


+--------------------------------------------------------------------------------------------------------------------------------------------------------------------------------------------------------------+
; Fast 1200mV 0C Model Hold: 'u_pll|altpll_component|auto_generated|pll1|clk[0]'                                                                                                                               ;
+-------+--------------------------+--------------------------+---------------------------------------------------+---------------------------------------------------+--------------+------------+------------+
; Slack ; From Node                ; To Node                  ; Launch Clock                                      ; Latch Clock                                       ; Relationship ; Clock Skew ; Data Delay ;
+-------+--------------------------+--------------------------+---------------------------------------------------+---------------------------------------------------+--------------+------------+------------+
; 0.277 ; vga_ctrl:u_vga|h_cnt[8]  ; vga_ctrl:u_vga|vga_hs    ; u_pll|altpll_component|auto_generated|pll1|clk[0] ; u_pll|altpll_component|auto_generated|pll1|clk[0] ; 0.000        ; 0.041      ; 0.402      ;
; 0.300 ; vga_ctrl:u_vga|v_cnt[11] ; vga_ctrl:u_vga|v_cnt[11] ; u_pll|altpll_component|auto_generated|pll1|clk[0] ; u_pll|altpll_component|auto_generated|pll1|clk[0] ; 0.000        ; 0.041      ; 0.425      ;
; 0.300 ; vga_ctrl:u_vga|v_cnt[1]  ; vga_ctrl:u_vga|v_cnt[1]  ; u_pll|altpll_component|auto_generated|pll1|clk[0] ; u_pll|altpll_component|auto_generated|pll1|clk[0] ; 0.000        ; 0.041      ; 0.425      ;
; 0.301 ; vga_ctrl:u_vga|v_cnt[8]  ; vga_ctrl:u_vga|v_cnt[8]  ; u_pll|altpll_component|auto_generated|pll1|clk[0] ; u_pll|altpll_component|auto_generated|pll1|clk[0] ; 0.000        ; 0.041      ; 0.426      ;
; 0.301 ; vga_ctrl:u_vga|v_cnt[4]  ; vga_ctrl:u_vga|v_cnt[4]  ; u_pll|altpll_component|auto_generated|pll1|clk[0] ; u_pll|altpll_component|auto_generated|pll1|clk[0] ; 0.000        ; 0.041      ; 0.426      ;
; 0.302 ; vga_ctrl:u_vga|h_cnt[1]  ; vga_ctrl:u_vga|h_cnt[1]  ; u_pll|altpll_component|auto_generated|pll1|clk[0] ; u_pll|altpll_component|auto_generated|pll1|clk[0] ; 0.000        ; 0.042      ; 0.428      ;
; 0.303 ; vga_ctrl:u_vga|v_cnt[10] ; vga_ctrl:u_vga|v_cnt[10] ; u_pll|altpll_component|auto_generated|pll1|clk[0] ; u_pll|altpll_component|auto_generated|pll1|clk[0] ; 0.000        ; 0.041      ; 0.428      ;
; 0.303 ; vga_ctrl:u_vga|h_cnt[11] ; vga_ctrl:u_vga|h_cnt[11] ; u_pll|altpll_component|auto_generated|pll1|clk[0] ; u_pll|altpll_component|auto_generated|pll1|clk[0] ; 0.000        ; 0.042      ; 0.429      ;
; 0.303 ; vga_ctrl:u_vga|h_cnt[3]  ; vga_ctrl:u_vga|h_cnt[3]  ; u_pll|altpll_component|auto_generated|pll1|clk[0] ; u_pll|altpll_component|auto_generated|pll1|clk[0] ; 0.000        ; 0.042      ; 0.429      ;
; 0.304 ; vga_ctrl:u_vga|h_cnt[4]  ; vga_ctrl:u_vga|h_cnt[4]  ; u_pll|altpll_component|auto_generated|pll1|clk[0] ; u_pll|altpll_component|auto_generated|pll1|clk[0] ; 0.000        ; 0.042      ; 0.430      ;
; 0.305 ; vga_ctrl:u_vga|v_cnt[5]  ; vga_ctrl:u_vga|v_cnt[5]  ; u_pll|altpll_component|auto_generated|pll1|clk[0] ; u_pll|altpll_component|auto_generated|pll1|clk[0] ; 0.000        ; 0.041      ; 0.430      ;
; 0.305 ; vga_ctrl:u_vga|h_cnt[2]  ; vga_ctrl:u_vga|h_cnt[2]  ; u_pll|altpll_component|auto_generated|pll1|clk[0] ; u_pll|altpll_component|auto_generated|pll1|clk[0] ; 0.000        ; 0.042      ; 0.431      ;
; 0.306 ; vga_ctrl:u_vga|h_cnt[10] ; vga_ctrl:u_vga|h_cnt[10] ; u_pll|altpll_component|auto_generated|pll1|clk[0] ; u_pll|altpll_component|auto_generated|pll1|clk[0] ; 0.000        ; 0.042      ; 0.432      ;
; 0.309 ; vga_ctrl:u_vga|v_cnt[7]  ; vga_ctrl:u_vga|v_cnt[7]  ; u_pll|altpll_component|auto_generated|pll1|clk[0] ; u_pll|altpll_component|auto_generated|pll1|clk[0] ; 0.000        ; 0.041      ; 0.434      ;
; 0.309 ; vga_ctrl:u_vga|h_cnt[6]  ; vga_ctrl:u_vga|h_cnt[6]  ; u_pll|altpll_component|auto_generated|pll1|clk[0] ; u_pll|altpll_component|auto_generated|pll1|clk[0] ; 0.000        ; 0.042      ; 0.435      ;
; 0.316 ; vga_ctrl:u_vga|h_cnt[0]  ; vga_ctrl:u_vga|h_cnt[0]  ; u_pll|altpll_component|auto_generated|pll1|clk[0] ; u_pll|altpll_component|auto_generated|pll1|clk[0] ; 0.000        ; 0.042      ; 0.442      ;
; 0.347 ; vga_ctrl:u_vga|h_cnt[9]  ; vga_ctrl:u_vga|vga_hs    ; u_pll|altpll_component|auto_generated|pll1|clk[0] ; u_pll|altpll_component|auto_generated|pll1|clk[0] ; 0.000        ; 0.041      ; 0.472      ;
; 0.369 ; vga_ctrl:u_vga|h_cnt[7]  ; vga_ctrl:u_vga|h_cnt[7]  ; u_pll|altpll_component|auto_generated|pll1|clk[0] ; u_pll|altpll_component|auto_generated|pll1|clk[0] ; 0.000        ; 0.042      ; 0.495      ;
; 0.373 ; vga_ctrl:u_vga|v_cnt[6]  ; vga_ctrl:u_vga|v_cnt[6]  ; u_pll|altpll_component|auto_generated|pll1|clk[0] ; u_pll|altpll_component|auto_generated|pll1|clk[0] ; 0.000        ; 0.041      ; 0.498      ;
; 0.402 ; vga_ctrl:u_vga|v_cnt[7]  ; vga_ctrl:u_vga|v_cnt[9]  ; u_pll|altpll_component|auto_generated|pll1|clk[0] ; u_pll|altpll_component|auto_generated|pll1|clk[0] ; 0.000        ; 0.041      ; 0.527      ;
; 0.402 ; vga_ctrl:u_vga|v_cnt[7]  ; vga_ctrl:u_vga|v_cnt[0]  ; u_pll|altpll_component|auto_generated|pll1|clk[0] ; u_pll|altpll_component|auto_generated|pll1|clk[0] ; 0.000        ; 0.041      ; 0.527      ;
; 0.422 ; vga_ctrl:u_vga|h_cnt[7]  ; vga_ctrl:u_vga|vga_hs    ; u_pll|altpll_component|auto_generated|pll1|clk[0] ; u_pll|altpll_component|auto_generated|pll1|clk[0] ; 0.000        ; 0.042      ; 0.548      ;
; 0.451 ; vga_ctrl:u_vga|h_cnt[1]  ; vga_ctrl:u_vga|h_cnt[2]  ; u_pll|altpll_component|auto_generated|pll1|clk[0] ; u_pll|altpll_component|auto_generated|pll1|clk[0] ; 0.000        ; 0.042      ; 0.577      ;
; 0.452 ; vga_ctrl:u_vga|h_cnt[3]  ; vga_ctrl:u_vga|h_cnt[4]  ; u_pll|altpll_component|auto_generated|pll1|clk[0] ; u_pll|altpll_component|auto_generated|pll1|clk[0] ; 0.000        ; 0.042      ; 0.578      ;
; 0.453 ; vga_ctrl:u_vga|v_cnt[5]  ; vga_ctrl:u_vga|v_cnt[9]  ; u_pll|altpll_component|auto_generated|pll1|clk[0] ; u_pll|altpll_component|auto_generated|pll1|clk[0] ; 0.000        ; 0.041      ; 0.578      ;
; 0.453 ; vga_ctrl:u_vga|v_cnt[5]  ; vga_ctrl:u_vga|v_cnt[0]  ; u_pll|altpll_component|auto_generated|pll1|clk[0] ; u_pll|altpll_component|auto_generated|pll1|clk[0] ; 0.000        ; 0.041      ; 0.578      ;
; 0.454 ; vga_ctrl:u_vga|v_cnt[5]  ; vga_ctrl:u_vga|v_cnt[6]  ; u_pll|altpll_component|auto_generated|pll1|clk[0] ; u_pll|altpll_component|auto_generated|pll1|clk[0] ; 0.000        ; 0.041      ; 0.579      ;
; 0.458 ; vga_ctrl:u_vga|v_cnt[7]  ; vga_ctrl:u_vga|v_cnt[8]  ; u_pll|altpll_component|auto_generated|pll1|clk[0] ; u_pll|altpll_component|auto_generated|pll1|clk[0] ; 0.000        ; 0.041      ; 0.583      ;
; 0.459 ; vga_ctrl:u_vga|v_cnt[0]  ; vga_ctrl:u_vga|v_cnt[1]  ; u_pll|altpll_component|auto_generated|pll1|clk[0] ; u_pll|altpll_component|auto_generated|pll1|clk[0] ; 0.000        ; 0.041      ; 0.584      ;
; 0.459 ; vga_ctrl:u_vga|v_cnt[4]  ; vga_ctrl:u_vga|v_cnt[5]  ; u_pll|altpll_component|auto_generated|pll1|clk[0] ; u_pll|altpll_component|auto_generated|pll1|clk[0] ; 0.000        ; 0.041      ; 0.584      ;
; 0.461 ; vga_ctrl:u_vga|v_cnt[10] ; vga_ctrl:u_vga|v_cnt[11] ; u_pll|altpll_component|auto_generated|pll1|clk[0] ; u_pll|altpll_component|auto_generated|pll1|clk[0] ; 0.000        ; 0.041      ; 0.586      ;
; 0.462 ; vga_ctrl:u_vga|v_cnt[8]  ; vga_ctrl:u_vga|v_cnt[10] ; u_pll|altpll_component|auto_generated|pll1|clk[0] ; u_pll|altpll_component|auto_generated|pll1|clk[0] ; 0.000        ; 0.041      ; 0.587      ;
; 0.462 ; vga_ctrl:u_vga|v_cnt[4]  ; vga_ctrl:u_vga|v_cnt[6]  ; u_pll|altpll_component|auto_generated|pll1|clk[0] ; u_pll|altpll_component|auto_generated|pll1|clk[0] ; 0.000        ; 0.041      ; 0.587      ;
; 0.463 ; vga_ctrl:u_vga|h_cnt[0]  ; vga_ctrl:u_vga|h_cnt[1]  ; u_pll|altpll_component|auto_generated|pll1|clk[0] ; u_pll|altpll_component|auto_generated|pll1|clk[0] ; 0.000        ; 0.042      ; 0.589      ;
; 0.463 ; vga_ctrl:u_vga|h_cnt[2]  ; vga_ctrl:u_vga|h_cnt[3]  ; u_pll|altpll_component|auto_generated|pll1|clk[0] ; u_pll|altpll_component|auto_generated|pll1|clk[0] ; 0.000        ; 0.042      ; 0.589      ;
; 0.464 ; vga_ctrl:u_vga|h_cnt[10] ; vga_ctrl:u_vga|h_cnt[11] ; u_pll|altpll_component|auto_generated|pll1|clk[0] ; u_pll|altpll_component|auto_generated|pll1|clk[0] ; 0.000        ; 0.042      ; 0.590      ;
; 0.465 ; vga_ctrl:u_vga|h_cnt[4]  ; vga_ctrl:u_vga|h_cnt[6]  ; u_pll|altpll_component|auto_generated|pll1|clk[0] ; u_pll|altpll_component|auto_generated|pll1|clk[0] ; 0.000        ; 0.042      ; 0.591      ;
; 0.466 ; vga_ctrl:u_vga|h_cnt[0]  ; vga_ctrl:u_vga|h_cnt[2]  ; u_pll|altpll_component|auto_generated|pll1|clk[0] ; u_pll|altpll_component|auto_generated|pll1|clk[0] ; 0.000        ; 0.042      ; 0.592      ;
; 0.466 ; vga_ctrl:u_vga|h_cnt[2]  ; vga_ctrl:u_vga|h_cnt[4]  ; u_pll|altpll_component|auto_generated|pll1|clk[0] ; u_pll|altpll_component|auto_generated|pll1|clk[0] ; 0.000        ; 0.042      ; 0.592      ;
; 0.467 ; vga_ctrl:u_vga|h_cnt[6]  ; vga_ctrl:u_vga|h_cnt[7]  ; u_pll|altpll_component|auto_generated|pll1|clk[0] ; u_pll|altpll_component|auto_generated|pll1|clk[0] ; 0.000        ; 0.042      ; 0.593      ;
; 0.471 ; vga_ctrl:u_vga|v_cnt[1]  ; vga_ctrl:u_vga|vga_vs    ; u_pll|altpll_component|auto_generated|pll1|clk[0] ; u_pll|altpll_component|auto_generated|pll1|clk[0] ; 0.000        ; 0.040      ; 0.595      ;
; 0.488 ; vga_ctrl:u_vga|v_cnt[7]  ; vga_ctrl:u_vga|v_cnt[3]  ; u_pll|altpll_component|auto_generated|pll1|clk[0] ; u_pll|altpll_component|auto_generated|pll1|clk[0] ; 0.000        ; 0.040      ; 0.612      ;
; 0.489 ; vga_ctrl:u_vga|v_cnt[7]  ; vga_ctrl:u_vga|v_cnt[2]  ; u_pll|altpll_component|auto_generated|pll1|clk[0] ; u_pll|altpll_component|auto_generated|pll1|clk[0] ; 0.000        ; 0.040      ; 0.613      ;
; 0.514 ; vga_ctrl:u_vga|h_cnt[1]  ; vga_ctrl:u_vga|h_cnt[3]  ; u_pll|altpll_component|auto_generated|pll1|clk[0] ; u_pll|altpll_component|auto_generated|pll1|clk[0] ; 0.000        ; 0.042      ; 0.640      ;
; 0.515 ; vga_ctrl:u_vga|v_cnt[1]  ; vga_ctrl:u_vga|v_cnt[4]  ; u_pll|altpll_component|auto_generated|pll1|clk[0] ; u_pll|altpll_component|auto_generated|pll1|clk[0] ; 0.000        ; 0.041      ; 0.640      ;
; 0.517 ; vga_ctrl:u_vga|v_cnt[5]  ; vga_ctrl:u_vga|v_cnt[7]  ; u_pll|altpll_component|auto_generated|pll1|clk[0] ; u_pll|altpll_component|auto_generated|pll1|clk[0] ; 0.000        ; 0.041      ; 0.642      ;
; 0.517 ; vga_ctrl:u_vga|h_cnt[1]  ; vga_ctrl:u_vga|h_cnt[4]  ; u_pll|altpll_component|auto_generated|pll1|clk[0] ; u_pll|altpll_component|auto_generated|pll1|clk[0] ; 0.000        ; 0.042      ; 0.643      ;
; 0.518 ; vga_ctrl:u_vga|h_cnt[3]  ; vga_ctrl:u_vga|h_cnt[6]  ; u_pll|altpll_component|auto_generated|pll1|clk[0] ; u_pll|altpll_component|auto_generated|pll1|clk[0] ; 0.000        ; 0.042      ; 0.644      ;
; 0.519 ; vga_ctrl:u_vga|v_cnt[9]  ; vga_ctrl:u_vga|v_cnt[10] ; u_pll|altpll_component|auto_generated|pll1|clk[0] ; u_pll|altpll_component|auto_generated|pll1|clk[0] ; 0.000        ; 0.041      ; 0.644      ;
; 0.520 ; vga_ctrl:u_vga|v_cnt[5]  ; vga_ctrl:u_vga|v_cnt[8]  ; u_pll|altpll_component|auto_generated|pll1|clk[0] ; u_pll|altpll_component|auto_generated|pll1|clk[0] ; 0.000        ; 0.041      ; 0.645      ;
; 0.524 ; vga_ctrl:u_vga|h_cnt[6]  ; vga_ctrl:u_vga|vga_hs    ; u_pll|altpll_component|auto_generated|pll1|clk[0] ; u_pll|altpll_component|auto_generated|pll1|clk[0] ; 0.000        ; 0.042      ; 0.650      ;
; 0.524 ; vga_ctrl:u_vga|v_cnt[7]  ; vga_ctrl:u_vga|v_cnt[10] ; u_pll|altpll_component|auto_generated|pll1|clk[0] ; u_pll|altpll_component|auto_generated|pll1|clk[0] ; 0.000        ; 0.041      ; 0.649      ;
; 0.525 ; vga_ctrl:u_vga|v_cnt[8]  ; vga_ctrl:u_vga|v_cnt[11] ; u_pll|altpll_component|auto_generated|pll1|clk[0] ; u_pll|altpll_component|auto_generated|pll1|clk[0] ; 0.000        ; 0.041      ; 0.650      ;
; 0.525 ; vga_ctrl:u_vga|v_cnt[4]  ; vga_ctrl:u_vga|v_cnt[7]  ; u_pll|altpll_component|auto_generated|pll1|clk[0] ; u_pll|altpll_component|auto_generated|pll1|clk[0] ; 0.000        ; 0.041      ; 0.650      ;
; 0.528 ; vga_ctrl:u_vga|h_cnt[4]  ; vga_ctrl:u_vga|h_cnt[7]  ; u_pll|altpll_component|auto_generated|pll1|clk[0] ; u_pll|altpll_component|auto_generated|pll1|clk[0] ; 0.000        ; 0.042      ; 0.654      ;
; 0.528 ; vga_ctrl:u_vga|v_cnt[0]  ; vga_ctrl:u_vga|v_cnt[4]  ; u_pll|altpll_component|auto_generated|pll1|clk[0] ; u_pll|altpll_component|auto_generated|pll1|clk[0] ; 0.000        ; 0.041      ; 0.653      ;
; 0.528 ; vga_ctrl:u_vga|v_cnt[4]  ; vga_ctrl:u_vga|v_cnt[8]  ; u_pll|altpll_component|auto_generated|pll1|clk[0] ; u_pll|altpll_component|auto_generated|pll1|clk[0] ; 0.000        ; 0.041      ; 0.653      ;
; 0.529 ; vga_ctrl:u_vga|h_cnt[5]  ; vga_ctrl:u_vga|h_cnt[6]  ; u_pll|altpll_component|auto_generated|pll1|clk[0] ; u_pll|altpll_component|auto_generated|pll1|clk[0] ; 0.000        ; 0.041      ; 0.654      ;
; 0.529 ; vga_ctrl:u_vga|h_cnt[0]  ; vga_ctrl:u_vga|h_cnt[3]  ; u_pll|altpll_component|auto_generated|pll1|clk[0] ; u_pll|altpll_component|auto_generated|pll1|clk[0] ; 0.000        ; 0.042      ; 0.655      ;
; 0.530 ; vga_ctrl:u_vga|v_cnt[8]  ; vga_ctrl:u_vga|v_cnt[9]  ; u_pll|altpll_component|auto_generated|pll1|clk[0] ; u_pll|altpll_component|auto_generated|pll1|clk[0] ; 0.000        ; 0.041      ; 0.655      ;
; 0.530 ; vga_ctrl:u_vga|v_cnt[8]  ; vga_ctrl:u_vga|v_cnt[0]  ; u_pll|altpll_component|auto_generated|pll1|clk[0] ; u_pll|altpll_component|auto_generated|pll1|clk[0] ; 0.000        ; 0.041      ; 0.655      ;
; 0.531 ; vga_ctrl:u_vga|v_cnt[6]  ; vga_ctrl:u_vga|v_cnt[7]  ; u_pll|altpll_component|auto_generated|pll1|clk[0] ; u_pll|altpll_component|auto_generated|pll1|clk[0] ; 0.000        ; 0.041      ; 0.656      ;
; 0.532 ; vga_ctrl:u_vga|v_cnt[0]  ; vga_ctrl:u_vga|v_cnt[0]  ; u_pll|altpll_component|auto_generated|pll1|clk[0] ; u_pll|altpll_component|auto_generated|pll1|clk[0] ; 0.000        ; 0.041      ; 0.657      ;
; 0.532 ; vga_ctrl:u_vga|h_cnt[0]  ; vga_ctrl:u_vga|h_cnt[4]  ; u_pll|altpll_component|auto_generated|pll1|clk[0] ; u_pll|altpll_component|auto_generated|pll1|clk[0] ; 0.000        ; 0.042      ; 0.658      ;
; 0.532 ; vga_ctrl:u_vga|h_cnt[2]  ; vga_ctrl:u_vga|h_cnt[6]  ; u_pll|altpll_component|auto_generated|pll1|clk[0] ; u_pll|altpll_component|auto_generated|pll1|clk[0] ; 0.000        ; 0.042      ; 0.658      ;
; 0.534 ; vga_ctrl:u_vga|v_cnt[6]  ; vga_ctrl:u_vga|v_cnt[8]  ; u_pll|altpll_component|auto_generated|pll1|clk[0] ; u_pll|altpll_component|auto_generated|pll1|clk[0] ; 0.000        ; 0.041      ; 0.659      ;
; 0.536 ; vga_ctrl:u_vga|h_cnt[6]  ; vga_ctrl:u_vga|h_cnt[10] ; u_pll|altpll_component|auto_generated|pll1|clk[0] ; u_pll|altpll_component|auto_generated|pll1|clk[0] ; 0.000        ; 0.042      ; 0.662      ;
; 0.537 ; vga_ctrl:u_vga|h_cnt[8]  ; vga_ctrl:u_vga|h_cnt[10] ; u_pll|altpll_component|auto_generated|pll1|clk[0] ; u_pll|altpll_component|auto_generated|pll1|clk[0] ; 0.000        ; 0.041      ; 0.662      ;
; 0.539 ; vga_ctrl:u_vga|v_cnt[5]  ; vga_ctrl:u_vga|v_cnt[3]  ; u_pll|altpll_component|auto_generated|pll1|clk[0] ; u_pll|altpll_component|auto_generated|pll1|clk[0] ; 0.000        ; 0.040      ; 0.663      ;
; 0.540 ; vga_ctrl:u_vga|v_cnt[5]  ; vga_ctrl:u_vga|v_cnt[2]  ; u_pll|altpll_component|auto_generated|pll1|clk[0] ; u_pll|altpll_component|auto_generated|pll1|clk[0] ; 0.000        ; 0.040      ; 0.664      ;
; 0.541 ; vga_ctrl:u_vga|v_cnt[3]  ; vga_ctrl:u_vga|v_cnt[4]  ; u_pll|altpll_component|auto_generated|pll1|clk[0] ; u_pll|altpll_component|auto_generated|pll1|clk[0] ; 0.000        ; 0.042      ; 0.667      ;
; 0.544 ; vga_ctrl:u_vga|h_cnt[9]  ; vga_ctrl:u_vga|h_cnt[10] ; u_pll|altpll_component|auto_generated|pll1|clk[0] ; u_pll|altpll_component|auto_generated|pll1|clk[0] ; 0.000        ; 0.041      ; 0.669      ;
; 0.546 ; vga_ctrl:u_vga|v_cnt[9]  ; vga_ctrl:u_vga|vga_vs    ; u_pll|altpll_component|auto_generated|pll1|clk[0] ; u_pll|altpll_component|auto_generated|pll1|clk[0] ; 0.000        ; 0.040      ; 0.670      ;
; 0.547 ; vga_ctrl:u_vga|v_cnt[2]  ; vga_ctrl:u_vga|v_cnt[4]  ; u_pll|altpll_component|auto_generated|pll1|clk[0] ; u_pll|altpll_component|auto_generated|pll1|clk[0] ; 0.000        ; 0.042      ; 0.673      ;
; 0.556 ; vga_ctrl:u_vga|v_cnt[3]  ; vga_ctrl:u_vga|vga_vs    ; u_pll|altpll_component|auto_generated|pll1|clk[0] ; u_pll|altpll_component|auto_generated|pll1|clk[0] ; 0.000        ; 0.041      ; 0.681      ;
; 0.568 ; vga_ctrl:u_vga|v_cnt[9]  ; vga_ctrl:u_vga|v_cnt[2]  ; u_pll|altpll_component|auto_generated|pll1|clk[0] ; u_pll|altpll_component|auto_generated|pll1|clk[0] ; 0.000        ; 0.040      ; 0.692      ;
; 0.569 ; vga_ctrl:u_vga|v_cnt[9]  ; vga_ctrl:u_vga|v_cnt[3]  ; u_pll|altpll_component|auto_generated|pll1|clk[0] ; u_pll|altpll_component|auto_generated|pll1|clk[0] ; 0.000        ; 0.040      ; 0.693      ;
; 0.576 ; vga_ctrl:u_vga|h_cnt[11] ; vga_ctrl:u_vga|vga_hs    ; u_pll|altpll_component|auto_generated|pll1|clk[0] ; u_pll|altpll_component|auto_generated|pll1|clk[0] ; 0.000        ; 0.042      ; 0.702      ;
; 0.578 ; vga_ctrl:u_vga|v_cnt[1]  ; vga_ctrl:u_vga|v_cnt[5]  ; u_pll|altpll_component|auto_generated|pll1|clk[0] ; u_pll|altpll_component|auto_generated|pll1|clk[0] ; 0.000        ; 0.041      ; 0.703      ;
; 0.581 ; vga_ctrl:u_vga|v_cnt[1]  ; vga_ctrl:u_vga|v_cnt[6]  ; u_pll|altpll_component|auto_generated|pll1|clk[0] ; u_pll|altpll_component|auto_generated|pll1|clk[0] ; 0.000        ; 0.041      ; 0.706      ;
; 0.581 ; vga_ctrl:u_vga|h_cnt[3]  ; vga_ctrl:u_vga|h_cnt[7]  ; u_pll|altpll_component|auto_generated|pll1|clk[0] ; u_pll|altpll_component|auto_generated|pll1|clk[0] ; 0.000        ; 0.042      ; 0.707      ;
; 0.582 ; vga_ctrl:u_vga|v_cnt[9]  ; vga_ctrl:u_vga|v_cnt[11] ; u_pll|altpll_component|auto_generated|pll1|clk[0] ; u_pll|altpll_component|auto_generated|pll1|clk[0] ; 0.000        ; 0.041      ; 0.707      ;
; 0.583 ; vga_ctrl:u_vga|v_cnt[9]  ; vga_ctrl:u_vga|v_cnt[9]  ; u_pll|altpll_component|auto_generated|pll1|clk[0] ; u_pll|altpll_component|auto_generated|pll1|clk[0] ; 0.000        ; 0.041      ; 0.708      ;
; 0.583 ; vga_ctrl:u_vga|h_cnt[1]  ; vga_ctrl:u_vga|h_cnt[6]  ; u_pll|altpll_component|auto_generated|pll1|clk[0] ; u_pll|altpll_component|auto_generated|pll1|clk[0] ; 0.000        ; 0.042      ; 0.709      ;
; 0.584 ; vga_ctrl:u_vga|h_cnt[7]  ; vga_ctrl:u_vga|h_cnt[10] ; u_pll|altpll_component|auto_generated|pll1|clk[0] ; u_pll|altpll_component|auto_generated|pll1|clk[0] ; 0.000        ; 0.042      ; 0.710      ;
; 0.586 ; vga_ctrl:u_vga|v_cnt[5]  ; vga_ctrl:u_vga|v_cnt[10] ; u_pll|altpll_component|auto_generated|pll1|clk[0] ; u_pll|altpll_component|auto_generated|pll1|clk[0] ; 0.000        ; 0.041      ; 0.711      ;
; 0.587 ; vga_ctrl:u_vga|v_cnt[7]  ; vga_ctrl:u_vga|v_cnt[11] ; u_pll|altpll_component|auto_generated|pll1|clk[0] ; u_pll|altpll_component|auto_generated|pll1|clk[0] ; 0.000        ; 0.041      ; 0.712      ;
; 0.591 ; vga_ctrl:u_vga|v_cnt[0]  ; vga_ctrl:u_vga|v_cnt[5]  ; u_pll|altpll_component|auto_generated|pll1|clk[0] ; u_pll|altpll_component|auto_generated|pll1|clk[0] ; 0.000        ; 0.041      ; 0.716      ;
; 0.592 ; vga_ctrl:u_vga|h_cnt[5]  ; vga_ctrl:u_vga|h_cnt[7]  ; u_pll|altpll_component|auto_generated|pll1|clk[0] ; u_pll|altpll_component|auto_generated|pll1|clk[0] ; 0.000        ; 0.041      ; 0.717      ;
; 0.594 ; vga_ctrl:u_vga|v_cnt[0]  ; vga_ctrl:u_vga|v_cnt[6]  ; u_pll|altpll_component|auto_generated|pll1|clk[0] ; u_pll|altpll_component|auto_generated|pll1|clk[0] ; 0.000        ; 0.041      ; 0.719      ;
; 0.594 ; vga_ctrl:u_vga|v_cnt[4]  ; vga_ctrl:u_vga|v_cnt[10] ; u_pll|altpll_component|auto_generated|pll1|clk[0] ; u_pll|altpll_component|auto_generated|pll1|clk[0] ; 0.000        ; 0.041      ; 0.719      ;
; 0.595 ; vga_ctrl:u_vga|h_cnt[2]  ; vga_ctrl:u_vga|h_cnt[7]  ; u_pll|altpll_component|auto_generated|pll1|clk[0] ; u_pll|altpll_component|auto_generated|pll1|clk[0] ; 0.000        ; 0.042      ; 0.721      ;
; 0.597 ; vga_ctrl:u_vga|h_cnt[4]  ; vga_ctrl:u_vga|h_cnt[10] ; u_pll|altpll_component|auto_generated|pll1|clk[0] ; u_pll|altpll_component|auto_generated|pll1|clk[0] ; 0.000        ; 0.042      ; 0.723      ;
; 0.598 ; vga_ctrl:u_vga|h_cnt[8]  ; vga_ctrl:u_vga|h_cnt[9]  ; u_pll|altpll_component|auto_generated|pll1|clk[0] ; u_pll|altpll_component|auto_generated|pll1|clk[0] ; 0.000        ; 0.042      ; 0.724      ;
; 0.598 ; vga_ctrl:u_vga|h_cnt[0]  ; vga_ctrl:u_vga|h_cnt[6]  ; u_pll|altpll_component|auto_generated|pll1|clk[0] ; u_pll|altpll_component|auto_generated|pll1|clk[0] ; 0.000        ; 0.042      ; 0.724      ;
; 0.599 ; vga_ctrl:u_vga|h_cnt[8]  ; vga_ctrl:u_vga|h_cnt[8]  ; u_pll|altpll_component|auto_generated|pll1|clk[0] ; u_pll|altpll_component|auto_generated|pll1|clk[0] ; 0.000        ; 0.042      ; 0.725      ;
; 0.599 ; vga_ctrl:u_vga|h_cnt[8]  ; vga_ctrl:u_vga|h_cnt[5]  ; u_pll|altpll_component|auto_generated|pll1|clk[0] ; u_pll|altpll_component|auto_generated|pll1|clk[0] ; 0.000        ; 0.042      ; 0.725      ;
; 0.599 ; vga_ctrl:u_vga|h_cnt[6]  ; vga_ctrl:u_vga|h_cnt[11] ; u_pll|altpll_component|auto_generated|pll1|clk[0] ; u_pll|altpll_component|auto_generated|pll1|clk[0] ; 0.000        ; 0.042      ; 0.725      ;
; 0.600 ; vga_ctrl:u_vga|v_cnt[6]  ; vga_ctrl:u_vga|v_cnt[10] ; u_pll|altpll_component|auto_generated|pll1|clk[0] ; u_pll|altpll_component|auto_generated|pll1|clk[0] ; 0.000        ; 0.041      ; 0.725      ;
; 0.600 ; vga_ctrl:u_vga|h_cnt[8]  ; vga_ctrl:u_vga|h_cnt[11] ; u_pll|altpll_component|auto_generated|pll1|clk[0] ; u_pll|altpll_component|auto_generated|pll1|clk[0] ; 0.000        ; 0.041      ; 0.725      ;
+-------+--------------------------+--------------------------+---------------------------------------------------+---------------------------------------------------+--------------+------------+------------+


----------------------------------------------
; Fast 1200mV 0C Model Metastability Summary ;
----------------------------------------------
No synchronizer chains to report.


+----------------------------------------------------------------------------------------------------------------+
; Multicorner Timing Analysis Summary                                                                            ;
+----------------------------------------------------+--------+-------+----------+---------+---------------------+
; Clock                                              ; Setup  ; Hold  ; Recovery ; Removal ; Minimum Pulse Width ;
+----------------------------------------------------+--------+-------+----------+---------+---------------------+
; Worst-case Slack                                   ; 33.750 ; 0.277 ; N/A      ; N/A     ; 9.574               ;
;  sys_clk                                           ; N/A    ; N/A   ; N/A      ; N/A     ; 9.574               ;
;  u_pll|altpll_component|auto_generated|pll1|clk[0] ; 33.750 ; 0.277 ; N/A      ; N/A     ; 19.574              ;
; Design-wide TNS                                    ; 0.0    ; 0.0   ; 0.0      ; 0.0     ; 0.0                 ;
;  sys_clk                                           ; N/A    ; N/A   ; N/A      ; N/A     ; 0.000               ;
;  u_pll|altpll_component|auto_generated|pll1|clk[0] ; 0.000  ; 0.000 ; N/A      ; N/A     ; 0.000               ;
+----------------------------------------------------+--------+-------+----------+---------+---------------------+


+------------------------------------------------------------------------------------------------------------------------------------------------------------------------------------------------------------------------------------------------------------------------------------------------------------------------------------------------------------------------------------------------------------------+
; Board Trace Model Assignments                                                                                                                                                                                                                                                                                                                                                                                    ;
+---------------+--------------+-------------------+-------------------------+-------------------------+---------------+---------------------+----------------+------------------+--------+------------------+------------------------+------------------------+--------------+---------------+-----------------+-------+---------------------+--------------------+---------------+-----------------+-------------+
; Pin           ; I/O Standard ; Near Tline Length ; Near Tline L per Length ; Near Tline C per Length ; Near Series R ; Near Differential R ; Near Pull-up R ; Near Pull-down R ; Near C ; Far Tline Length ; Far Tline L per Length ; Far Tline C per Length ; Far Series R ; Far Pull-up R ; Far Pull-down R ; Far C ; Termination Voltage ; Far Differential R ; EBD File Name ; EBD Signal Name ; EBD Far-end ;
+---------------+--------------+-------------------+-------------------------+-------------------------+---------------+---------------------+----------------+------------------+--------+------------------+------------------------+------------------------+--------------+---------------+-----------------+-------+---------------------+--------------------+---------------+-----------------+-------------+
; vga_hs        ; 3.3-V LVTTL  ; 0 in              ; 0 H/in                  ; 0 F/in                  ; short         ; -                   ; open           ; open             ; open   ; 0 in             ; 0 H/in                 ; 0 F/in                 ; short        ; open          ; open            ; open  ; 0 V                 ; -                  ; n/a           ; n/a             ; n/a         ;
; vga_vs        ; 3.3-V LVTTL  ; 0 in              ; 0 H/in                  ; 0 F/in                  ; short         ; -                   ; open           ; open             ; open   ; 0 in             ; 0 H/in                 ; 0 F/in                 ; short        ; open          ; open            ; open  ; 0 V                 ; -                  ; n/a           ; n/a             ; n/a         ;
; vga_r[0]      ; 3.3-V LVTTL  ; 0 in              ; 0 H/in                  ; 0 F/in                  ; short         ; -                   ; open           ; open             ; open   ; 0 in             ; 0 H/in                 ; 0 F/in                 ; short        ; open          ; open            ; open  ; 0 V                 ; -                  ; n/a           ; n/a             ; n/a         ;
; vga_r[1]      ; 3.3-V LVTTL  ; 0 in              ; 0 H/in                  ; 0 F/in                  ; short         ; -                   ; open           ; open             ; open   ; 0 in             ; 0 H/in                 ; 0 F/in                 ; short        ; open          ; open            ; open  ; 0 V                 ; -                  ; n/a           ; n/a             ; n/a         ;
; vga_r[2]      ; 3.3-V LVTTL  ; 0 in              ; 0 H/in                  ; 0 F/in                  ; short         ; -                   ; open           ; open             ; open   ; 0 in             ; 0 H/in                 ; 0 F/in                 ; short        ; open          ; open            ; open  ; 0 V                 ; -                  ; n/a           ; n/a             ; n/a         ;
; vga_r[3]      ; 3.3-V LVTTL  ; 0 in              ; 0 H/in                  ; 0 F/in                  ; short         ; -                   ; open           ; open             ; open   ; 0 in             ; 0 H/in                 ; 0 F/in                 ; short        ; open          ; open            ; open  ; 0 V                 ; -                  ; n/a           ; n/a             ; n/a         ;
; vga_r[4]      ; 3.3-V LVTTL  ; 0 in              ; 0 H/in                  ; 0 F/in                  ; short         ; -                   ; open           ; open             ; open   ; 0 in             ; 0 H/in                 ; 0 F/in                 ; short        ; open          ; open            ; open  ; 0 V                 ; -                  ; n/a           ; n/a             ; n/a         ;
; vga_r[5]      ; 3.3-V LVTTL  ; 0 in              ; 0 H/in                  ; 0 F/in                  ; short         ; -                   ; open           ; open             ; open   ; 0 in             ; 0 H/in                 ; 0 F/in                 ; short        ; open          ; open            ; open  ; 0 V                 ; -                  ; n/a           ; n/a             ; n/a         ;
; vga_r[6]      ; 3.3-V LVTTL  ; 0 in              ; 0 H/in                  ; 0 F/in                  ; short         ; -                   ; open           ; open             ; open   ; 0 in             ; 0 H/in                 ; 0 F/in                 ; short        ; open          ; open            ; open  ; 0 V                 ; -                  ; n/a           ; n/a             ; n/a         ;
; vga_r[7]      ; 3.3-V LVTTL  ; 0 in              ; 0 H/in                  ; 0 F/in                  ; short         ; -                   ; open           ; open             ; open   ; 0 in             ; 0 H/in                 ; 0 F/in                 ; short        ; open          ; open            ; open  ; 0 V                 ; -                  ; n/a           ; n/a             ; n/a         ;
; vga_g[0]      ; 3.3-V LVTTL  ; 0 in              ; 0 H/in                  ; 0 F/in                  ; short         ; -                   ; open           ; open             ; open   ; 0 in             ; 0 H/in                 ; 0 F/in                 ; short        ; open          ; open            ; open  ; 0 V                 ; -                  ; n/a           ; n/a             ; n/a         ;
; vga_g[1]      ; 3.3-V LVTTL  ; 0 in              ; 0 H/in                  ; 0 F/in                  ; short         ; -                   ; open           ; open             ; open   ; 0 in             ; 0 H/in                 ; 0 F/in                 ; short        ; open          ; open            ; open  ; 0 V                 ; -                  ; n/a           ; n/a             ; n/a         ;
; vga_g[2]      ; 3.3-V LVTTL  ; 0 in              ; 0 H/in                  ; 0 F/in                  ; short         ; -                   ; open           ; open             ; open   ; 0 in             ; 0 H/in                 ; 0 F/in                 ; short        ; open          ; open            ; open  ; 0 V                 ; -                  ; n/a           ; n/a             ; n/a         ;
; vga_g[3]      ; 3.3-V LVTTL  ; 0 in              ; 0 H/in                  ; 0 F/in                  ; short         ; -                   ; open           ; open             ; open   ; 0 in             ; 0 H/in                 ; 0 F/in                 ; short        ; open          ; open            ; open  ; 0 V                 ; -                  ; n/a           ; n/a             ; n/a         ;
; vga_g[4]      ; 3.3-V LVTTL  ; 0 in              ; 0 H/in                  ; 0 F/in                  ; short         ; -                   ; open           ; open             ; open   ; 0 in             ; 0 H/in                 ; 0 F/in                 ; short        ; open          ; open            ; open  ; 0 V                 ; -                  ; n/a           ; n/a             ; n/a         ;
; vga_g[5]      ; 3.3-V LVTTL  ; 0 in              ; 0 H/in                  ; 0 F/in                  ; short         ; -                   ; open           ; open             ; open   ; 0 in             ; 0 H/in                 ; 0 F/in                 ; short        ; open          ; open            ; open  ; 0 V                 ; -                  ; n/a           ; n/a             ; n/a         ;
; vga_g[6]      ; 3.3-V LVTTL  ; 0 in              ; 0 H/in                  ; 0 F/in                  ; short         ; -                   ; open           ; open             ; open   ; 0 in             ; 0 H/in                 ; 0 F/in                 ; short        ; open          ; open            ; open  ; 0 V                 ; -                  ; n/a           ; n/a             ; n/a         ;
; vga_g[7]      ; 3.3-V LVTTL  ; 0 in              ; 0 H/in                  ; 0 F/in                  ; short         ; -                   ; open           ; open             ; open   ; 0 in             ; 0 H/in                 ; 0 F/in                 ; short        ; open          ; open            ; open  ; 0 V                 ; -                  ; n/a           ; n/a             ; n/a         ;
; vga_b[0]      ; 3.3-V LVTTL  ; 0 in              ; 0 H/in                  ; 0 F/in                  ; short         ; -                   ; open           ; open             ; open   ; 0 in             ; 0 H/in                 ; 0 F/in                 ; short        ; open          ; open            ; open  ; 0 V                 ; -                  ; n/a           ; n/a             ; n/a         ;
; vga_b[1]      ; 3.3-V LVTTL  ; 0 in              ; 0 H/in                  ; 0 F/in                  ; short         ; -                   ; open           ; open             ; open   ; 0 in             ; 0 H/in                 ; 0 F/in                 ; short        ; open          ; open            ; open  ; 0 V                 ; -                  ; n/a           ; n/a             ; n/a         ;
; vga_b[2]      ; 3.3-V LVTTL  ; 0 in              ; 0 H/in                  ; 0 F/in                  ; short         ; -                   ; open           ; open             ; open   ; 0 in             ; 0 H/in                 ; 0 F/in                 ; short        ; open          ; open            ; open  ; 0 V                 ; -                  ; n/a           ; n/a             ; n/a         ;
; vga_b[3]      ; 3.3-V LVTTL  ; 0 in              ; 0 H/in                  ; 0 F/in                  ; short         ; -                   ; open           ; open             ; open   ; 0 in             ; 0 H/in                 ; 0 F/in                 ; short        ; open          ; open            ; open  ; 0 V                 ; -                  ; n/a           ; n/a             ; n/a         ;
; vga_b[4]      ; 3.3-V LVTTL  ; 0 in              ; 0 H/in                  ; 0 F/in                  ; short         ; -                   ; open           ; open             ; open   ; 0 in             ; 0 H/in                 ; 0 F/in                 ; short        ; open          ; open            ; open  ; 0 V                 ; -                  ; n/a           ; n/a             ; n/a         ;
; vga_b[5]      ; 3.3-V LVTTL  ; 0 in              ; 0 H/in                  ; 0 F/in                  ; short         ; -                   ; open           ; open             ; open   ; 0 in             ; 0 H/in                 ; 0 F/in                 ; short        ; open          ; open            ; open  ; 0 V                 ; -                  ; n/a           ; n/a             ; n/a         ;
; vga_b[6]      ; 3.3-V LVTTL  ; 0 in              ; 0 H/in                  ; 0 F/in                  ; short         ; -                   ; open           ; open             ; open   ; 0 in             ; 0 H/in                 ; 0 F/in                 ; short        ; open          ; open            ; open  ; 0 V                 ; -                  ; n/a           ; n/a             ; n/a         ;
; vga_b[7]      ; 3.3-V LVTTL  ; 0 in              ; 0 H/in                  ; 0 F/in                  ; short         ; -                   ; open           ; open             ; open   ; 0 in             ; 0 H/in                 ; 0 F/in                 ; short        ; open          ; open            ; open  ; 0 V                 ; -                  ; n/a           ; n/a             ; n/a         ;
; vga_blank_n   ; 3.3-V LVTTL  ; 0 in              ; 0 H/in                  ; 0 F/in                  ; short         ; -                   ; open           ; open             ; open   ; 0 in             ; 0 H/in                 ; 0 F/in                 ; short        ; open          ; open            ; open  ; 0 V                 ; -                  ; n/a           ; n/a             ; n/a         ;
; vga_sync_n    ; 3.3-V LVTTL  ; 0 in              ; 0 H/in                  ; 0 F/in                  ; short         ; -                   ; open           ; open             ; open   ; 0 in             ; 0 H/in                 ; 0 F/in                 ; short        ; open          ; open            ; open  ; 0 V                 ; -                  ; n/a           ; n/a             ; n/a         ;
; vga_clk       ; 3.3-V LVTTL  ; 0 in              ; 0 H/in                  ; 0 F/in                  ; short         ; -                   ; open           ; open             ; open   ; 0 in             ; 0 H/in                 ; 0 F/in                 ; short        ; open          ; open            ; open  ; 0 V                 ; -                  ; n/a           ; n/a             ; n/a         ;
; ~ALTERA_DCLK~ ; 2.5 V        ; 0 in              ; 0 H/in                  ; 0 F/in                  ; short         ; -                   ; open           ; open             ; open   ; 0 in             ; 0 H/in                 ; 0 F/in                 ; short        ; open          ; open            ; open  ; 0 V                 ; -                  ; n/a           ; n/a             ; n/a         ;
; ~ALTERA_nCEO~ ; 2.5 V        ; 0 in              ; 0 H/in                  ; 0 F/in                  ; short         ; -                   ; open           ; open             ; open   ; 0 in             ; 0 H/in                 ; 0 F/in                 ; short        ; open          ; open            ; open  ; 0 V                 ; -                  ; n/a           ; n/a             ; n/a         ;
+---------------+--------------+-------------------+-------------------------+-------------------------+---------------+---------------------+----------------+------------------+--------+------------------+------------------------+------------------------+--------------+---------------+-----------------+-------+---------------------+--------------------+---------------+-----------------+-------------+


+----------------------------------------------------------------------------+
; Input Transition Times                                                     ;
+-------------------------+--------------+-----------------+-----------------+
; Pin                     ; I/O Standard ; 10-90 Rise Time ; 90-10 Fall Time ;
+-------------------------+--------------+-----------------+-----------------+
; sys_rst_n               ; 2.5 V        ; 2000 ps         ; 2000 ps         ;
; sys_clk                 ; 2.5 V        ; 2000 ps         ; 2000 ps         ;
; ~ALTERA_ASDO_DATA1~     ; 2.5 V        ; 2000 ps         ; 2000 ps         ;
; ~ALTERA_FLASH_nCE_nCSO~ ; 2.5 V        ; 2000 ps         ; 2000 ps         ;
; ~ALTERA_DATA0~          ; 2.5 V        ; 2000 ps         ; 2000 ps         ;
+-------------------------+--------------+-----------------+-----------------+


+--------------------------------------------------------------------------------------------------------------------------------------------------------------------------------------------------------------------------------------------------------------------------------------------------------------------------------------------------------------------------------------------------------------------------------------------------------------------------------------------------------------------------------------------------------------------------------------------------------------------------------------------------------------------------------------------+
; Signal Integrity Metrics (Slow 1200mv 0c Model)                                                                                                                                                                                                                                                                                                                                                                                                                                                                                                                                                                                                                                            ;
+---------------+--------------+---------------------+---------------------+------------------------------+------------------------------+---------------------+---------------------+--------------------------------------+--------------------------------------+-----------------------------+-----------------------------+----------------------------+----------------------------+-----------------------------+-----------------------------+--------------------+--------------------+-------------------------------------+-------------------------------------+----------------------------+----------------------------+---------------------------+---------------------------+
; Pin           ; I/O Standard ; Board Delay on Rise ; Board Delay on Fall ; Steady State Voh at FPGA Pin ; Steady State Vol at FPGA Pin ; Voh Max at FPGA Pin ; Vol Min at FPGA Pin ; Ringback Voltage on Rise at FPGA Pin ; Ringback Voltage on Fall at FPGA Pin ; 10-90 Rise Time at FPGA Pin ; 90-10 Fall Time at FPGA Pin ; Monotonic Rise at FPGA Pin ; Monotonic Fall at FPGA Pin ; Steady State Voh at Far-end ; Steady State Vol at Far-end ; Voh Max at Far-end ; Vol Min at Far-end ; Ringback Voltage on Rise at Far-end ; Ringback Voltage on Fall at Far-end ; 10-90 Rise Time at Far-end ; 90-10 Fall Time at Far-end ; Monotonic Rise at Far-end ; Monotonic Fall at Far-end ;
+---------------+--------------+---------------------+---------------------+------------------------------+------------------------------+---------------------+---------------------+--------------------------------------+--------------------------------------+-----------------------------+-----------------------------+----------------------------+----------------------------+-----------------------------+-----------------------------+--------------------+--------------------+-------------------------------------+-------------------------------------+----------------------------+----------------------------+---------------------------+---------------------------+
; vga_hs        ; 3.3-V LVTTL  ; 0 s                 ; 0 s                 ; 3.08 V                       ; 1.58e-08 V                   ; 3.13 V              ; -0.117 V            ; 0.143 V                              ; 0.259 V                              ; 6.22e-10 s                  ; 4.46e-10 s                  ; No                         ; No                         ; 3.08 V                      ; 1.58e-08 V                  ; 3.13 V             ; -0.117 V           ; 0.143 V                             ; 0.259 V                             ; 6.22e-10 s                 ; 4.46e-10 s                 ; No                        ; No                        ;
; vga_vs        ; 3.3-V LVTTL  ; 0 s                 ; 0 s                 ; 3.08 V                       ; 1.58e-08 V                   ; 3.13 V              ; -0.117 V            ; 0.143 V                              ; 0.259 V                              ; 6.22e-10 s                  ; 4.46e-10 s                  ; No                         ; No                         ; 3.08 V                      ; 1.58e-08 V                  ; 3.13 V             ; -0.117 V           ; 0.143 V                             ; 0.259 V                             ; 6.22e-10 s                 ; 4.46e-10 s                 ; No                        ; No                        ;
; vga_r[0]      ; 3.3-V LVTTL  ; 0 s                 ; 0 s                 ; 3.08 V                       ; 1.58e-08 V                   ; 3.13 V              ; -0.117 V            ; 0.143 V                              ; 0.259 V                              ; 6.22e-10 s                  ; 4.46e-10 s                  ; No                         ; No                         ; 3.08 V                      ; 1.58e-08 V                  ; 3.13 V             ; -0.117 V           ; 0.143 V                             ; 0.259 V                             ; 6.22e-10 s                 ; 4.46e-10 s                 ; No                        ; No                        ;
; vga_r[1]      ; 3.3-V LVTTL  ; 0 s                 ; 0 s                 ; 3.08 V                       ; 1.58e-08 V                   ; 3.13 V              ; -0.117 V            ; 0.143 V                              ; 0.259 V                              ; 6.22e-10 s                  ; 4.46e-10 s                  ; No                         ; No                         ; 3.08 V                      ; 1.58e-08 V                  ; 3.13 V             ; -0.117 V           ; 0.143 V                             ; 0.259 V                             ; 6.22e-10 s                 ; 4.46e-10 s                 ; No                        ; No                        ;
; vga_r[2]      ; 3.3-V LVTTL  ; 0 s                 ; 0 s                 ; 3.08 V                       ; 1.58e-08 V                   ; 3.13 V              ; -0.117 V            ; 0.143 V                              ; 0.259 V                              ; 6.22e-10 s                  ; 4.46e-10 s                  ; No                         ; No                         ; 3.08 V                      ; 1.58e-08 V                  ; 3.13 V             ; -0.117 V           ; 0.143 V                             ; 0.259 V                             ; 6.22e-10 s                 ; 4.46e-10 s                 ; No                        ; No                        ;
; vga_r[3]      ; 3.3-V LVTTL  ; 0 s                 ; 0 s                 ; 3.08 V                       ; 1.58e-08 V                   ; 3.13 V              ; -0.117 V            ; 0.143 V                              ; 0.259 V                              ; 6.22e-10 s                  ; 4.46e-10 s                  ; No                         ; No                         ; 3.08 V                      ; 1.58e-08 V                  ; 3.13 V             ; -0.117 V           ; 0.143 V                             ; 0.259 V                             ; 6.22e-10 s                 ; 4.46e-10 s                 ; No                        ; No                        ;
; vga_r[4]      ; 3.3-V LVTTL  ; 0 s                 ; 0 s                 ; 3.08 V                       ; 1.58e-08 V                   ; 3.13 V              ; -0.117 V            ; 0.143 V                              ; 0.259 V                              ; 6.22e-10 s                  ; 4.46e-10 s                  ; No                         ; No                         ; 3.08 V                      ; 1.58e-08 V                  ; 3.13 V             ; -0.117 V           ; 0.143 V                             ; 0.259 V                             ; 6.22e-10 s                 ; 4.46e-10 s                 ; No                        ; No                        ;
; vga_r[5]      ; 3.3-V LVTTL  ; 0 s                 ; 0 s                 ; 3.08 V                       ; 1.58e-08 V                   ; 3.13 V              ; -0.117 V            ; 0.143 V                              ; 0.259 V                              ; 6.22e-10 s                  ; 4.46e-10 s                  ; No                         ; No                         ; 3.08 V                      ; 1.58e-08 V                  ; 3.13 V             ; -0.117 V           ; 0.143 V                             ; 0.259 V                             ; 6.22e-10 s                 ; 4.46e-10 s                 ; No                        ; No                        ;
; vga_r[6]      ; 3.3-V LVTTL  ; 0 s                 ; 0 s                 ; 3.08 V                       ; 1.58e-08 V                   ; 3.13 V              ; -0.117 V            ; 0.143 V                              ; 0.259 V                              ; 6.22e-10 s                  ; 4.46e-10 s                  ; No                         ; No                         ; 3.08 V                      ; 1.58e-08 V                  ; 3.13 V             ; -0.117 V           ; 0.143 V                             ; 0.259 V                             ; 6.22e-10 s                 ; 4.46e-10 s                 ; No                        ; No                        ;
; vga_r[7]      ; 3.3-V LVTTL  ; 0 s                 ; 0 s                 ; 3.08 V                       ; 1.58e-08 V                   ; 3.13 V              ; -0.117 V            ; 0.143 V                              ; 0.259 V                              ; 6.22e-10 s                  ; 4.46e-10 s                  ; No                         ; No                         ; 3.08 V                      ; 1.58e-08 V                  ; 3.13 V             ; -0.117 V           ; 0.143 V                             ; 0.259 V                             ; 6.22e-10 s                 ; 4.46e-10 s                 ; No                        ; No                        ;
; vga_g[0]      ; 3.3-V LVTTL  ; 0 s                 ; 0 s                 ; 3.08 V                       ; 1.58e-08 V                   ; 3.13 V              ; -0.117 V            ; 0.143 V                              ; 0.259 V                              ; 6.22e-10 s                  ; 4.46e-10 s                  ; No                         ; No                         ; 3.08 V                      ; 1.58e-08 V                  ; 3.13 V             ; -0.117 V           ; 0.143 V                             ; 0.259 V                             ; 6.22e-10 s                 ; 4.46e-10 s                 ; No                        ; No                        ;
; vga_g[1]      ; 3.3-V LVTTL  ; 0 s                 ; 0 s                 ; 3.08 V                       ; 1.58e-08 V                   ; 3.13 V              ; -0.117 V            ; 0.143 V                              ; 0.259 V                              ; 6.22e-10 s                  ; 4.46e-10 s                  ; No                         ; No                         ; 3.08 V                      ; 1.58e-08 V                  ; 3.13 V             ; -0.117 V           ; 0.143 V                             ; 0.259 V                             ; 6.22e-10 s                 ; 4.46e-10 s                 ; No                        ; No                        ;
; vga_g[2]      ; 3.3-V LVTTL  ; 0 s                 ; 0 s                 ; 3.08 V                       ; 1.58e-08 V                   ; 3.13 V              ; -0.117 V            ; 0.143 V                              ; 0.259 V                              ; 6.22e-10 s                  ; 4.46e-10 s                  ; No                         ; No                         ; 3.08 V                      ; 1.58e-08 V                  ; 3.13 V             ; -0.117 V           ; 0.143 V                             ; 0.259 V                             ; 6.22e-10 s                 ; 4.46e-10 s                 ; No                        ; No                        ;
; vga_g[3]      ; 3.3-V LVTTL  ; 0 s                 ; 0 s                 ; 3.08 V                       ; 1.58e-08 V                   ; 3.13 V              ; -0.117 V            ; 0.143 V                              ; 0.259 V                              ; 6.22e-10 s                  ; 4.46e-10 s                  ; No                         ; No                         ; 3.08 V                      ; 1.58e-08 V                  ; 3.13 V             ; -0.117 V           ; 0.143 V                             ; 0.259 V                             ; 6.22e-10 s                 ; 4.46e-10 s                 ; No                        ; No                        ;
; vga_g[4]      ; 3.3-V LVTTL  ; 0 s                 ; 0 s                 ; 3.08 V                       ; 1.58e-08 V                   ; 3.13 V              ; -0.117 V            ; 0.143 V                              ; 0.259 V                              ; 6.22e-10 s                  ; 4.46e-10 s                  ; No                         ; No                         ; 3.08 V                      ; 1.58e-08 V                  ; 3.13 V             ; -0.117 V           ; 0.143 V                             ; 0.259 V                             ; 6.22e-10 s                 ; 4.46e-10 s                 ; No                        ; No                        ;
; vga_g[5]      ; 3.3-V LVTTL  ; 0 s                 ; 0 s                 ; 3.08 V                       ; 1.58e-08 V                   ; 3.13 V              ; -0.117 V            ; 0.143 V                              ; 0.259 V                              ; 6.22e-10 s                  ; 4.46e-10 s                  ; No                         ; No                         ; 3.08 V                      ; 1.58e-08 V                  ; 3.13 V             ; -0.117 V           ; 0.143 V                             ; 0.259 V                             ; 6.22e-10 s                 ; 4.46e-10 s                 ; No                        ; No                        ;
; vga_g[6]      ; 3.3-V LVTTL  ; 0 s                 ; 0 s                 ; 3.08 V                       ; 1.58e-08 V                   ; 3.13 V              ; -0.117 V            ; 0.143 V                              ; 0.259 V                              ; 6.22e-10 s                  ; 4.46e-10 s                  ; No                         ; No                         ; 3.08 V                      ; 1.58e-08 V                  ; 3.13 V             ; -0.117 V           ; 0.143 V                             ; 0.259 V                             ; 6.22e-10 s                 ; 4.46e-10 s                 ; No                        ; No                        ;
; vga_g[7]      ; 3.3-V LVTTL  ; 0 s                 ; 0 s                 ; 3.08 V                       ; 1.58e-08 V                   ; 3.13 V              ; -0.117 V            ; 0.143 V                              ; 0.259 V                              ; 6.22e-10 s                  ; 4.46e-10 s                  ; No                         ; No                         ; 3.08 V                      ; 1.58e-08 V                  ; 3.13 V             ; -0.117 V           ; 0.143 V                             ; 0.259 V                             ; 6.22e-10 s                 ; 4.46e-10 s                 ; No                        ; No                        ;
; vga_b[0]      ; 3.3-V LVTTL  ; 0 s                 ; 0 s                 ; 3.08 V                       ; 1.58e-08 V                   ; 3.13 V              ; -0.117 V            ; 0.143 V                              ; 0.259 V                              ; 6.22e-10 s                  ; 4.46e-10 s                  ; No                         ; No                         ; 3.08 V                      ; 1.58e-08 V                  ; 3.13 V             ; -0.117 V           ; 0.143 V                             ; 0.259 V                             ; 6.22e-10 s                 ; 4.46e-10 s                 ; No                        ; No                        ;
; vga_b[1]      ; 3.3-V LVTTL  ; 0 s                 ; 0 s                 ; 3.08 V                       ; 1.58e-08 V                   ; 3.13 V              ; -0.117 V            ; 0.143 V                              ; 0.259 V                              ; 6.22e-10 s                  ; 4.46e-10 s                  ; No                         ; No                         ; 3.08 V                      ; 1.58e-08 V                  ; 3.13 V             ; -0.117 V           ; 0.143 V                             ; 0.259 V                             ; 6.22e-10 s                 ; 4.46e-10 s                 ; No                        ; No                        ;
; vga_b[2]      ; 3.3-V LVTTL  ; 0 s                 ; 0 s                 ; 3.08 V                       ; 1.58e-08 V                   ; 3.13 V              ; -0.117 V            ; 0.143 V                              ; 0.259 V                              ; 6.22e-10 s                  ; 4.46e-10 s                  ; No                         ; No                         ; 3.08 V                      ; 1.58e-08 V                  ; 3.13 V             ; -0.117 V           ; 0.143 V                             ; 0.259 V                             ; 6.22e-10 s                 ; 4.46e-10 s                 ; No                        ; No                        ;
; vga_b[3]      ; 3.3-V LVTTL  ; 0 s                 ; 0 s                 ; 3.08 V                       ; 1.58e-08 V                   ; 3.13 V              ; -0.117 V            ; 0.143 V                              ; 0.259 V                              ; 6.22e-10 s                  ; 4.46e-10 s                  ; No                         ; No                         ; 3.08 V                      ; 1.58e-08 V                  ; 3.13 V             ; -0.117 V           ; 0.143 V                             ; 0.259 V                             ; 6.22e-10 s                 ; 4.46e-10 s                 ; No                        ; No                        ;
; vga_b[4]      ; 3.3-V LVTTL  ; 0 s                 ; 0 s                 ; 3.08 V                       ; 1.58e-08 V                   ; 3.13 V              ; -0.117 V            ; 0.143 V                              ; 0.259 V                              ; 6.22e-10 s                  ; 4.46e-10 s                  ; No                         ; No                         ; 3.08 V                      ; 1.58e-08 V                  ; 3.13 V             ; -0.117 V           ; 0.143 V                             ; 0.259 V                             ; 6.22e-10 s                 ; 4.46e-10 s                 ; No                        ; No                        ;
; vga_b[5]      ; 3.3-V LVTTL  ; 0 s                 ; 0 s                 ; 3.08 V                       ; 1.58e-08 V                   ; 3.13 V              ; -0.117 V            ; 0.143 V                              ; 0.259 V                              ; 6.22e-10 s                  ; 4.46e-10 s                  ; No                         ; No                         ; 3.08 V                      ; 1.58e-08 V                  ; 3.13 V             ; -0.117 V           ; 0.143 V                             ; 0.259 V                             ; 6.22e-10 s                 ; 4.46e-10 s                 ; No                        ; No                        ;
; vga_b[6]      ; 3.3-V LVTTL  ; 0 s                 ; 0 s                 ; 3.08 V                       ; 1.58e-08 V                   ; 3.13 V              ; -0.117 V            ; 0.143 V                              ; 0.259 V                              ; 6.22e-10 s                  ; 4.46e-10 s                  ; No                         ; No                         ; 3.08 V                      ; 1.58e-08 V                  ; 3.13 V             ; -0.117 V           ; 0.143 V                             ; 0.259 V                             ; 6.22e-10 s                 ; 4.46e-10 s                 ; No                        ; No                        ;
; vga_b[7]      ; 3.3-V LVTTL  ; 0 s                 ; 0 s                 ; 3.08 V                       ; 1.58e-08 V                   ; 3.13 V              ; -0.117 V            ; 0.143 V                              ; 0.259 V                              ; 6.22e-10 s                  ; 4.46e-10 s                  ; No                         ; No                         ; 3.08 V                      ; 1.58e-08 V                  ; 3.13 V             ; -0.117 V           ; 0.143 V                             ; 0.259 V                             ; 6.22e-10 s                 ; 4.46e-10 s                 ; No                        ; No                        ;
; vga_blank_n   ; 3.3-V LVTTL  ; 0 s                 ; 0 s                 ; 3.08 V                       ; 1.58e-08 V                   ; 3.13 V              ; -0.117 V            ; 0.143 V                              ; 0.259 V                              ; 6.22e-10 s                  ; 4.46e-10 s                  ; No                         ; No                         ; 3.08 V                      ; 1.58e-08 V                  ; 3.13 V             ; -0.117 V           ; 0.143 V                             ; 0.259 V                             ; 6.22e-10 s                 ; 4.46e-10 s                 ; No                        ; No                        ;
; vga_sync_n    ; 3.3-V LVTTL  ; 0 s                 ; 0 s                 ; 3.08 V                       ; 1.58e-08 V                   ; 3.13 V              ; -0.117 V            ; 0.143 V                              ; 0.259 V                              ; 6.22e-10 s                  ; 4.46e-10 s                  ; No                         ; No                         ; 3.08 V                      ; 1.58e-08 V                  ; 3.13 V             ; -0.117 V           ; 0.143 V                             ; 0.259 V                             ; 6.22e-10 s                 ; 4.46e-10 s                 ; No                        ; No                        ;
; vga_clk       ; 3.3-V LVTTL  ; 0 s                 ; 0 s                 ; 3.08 V                       ; 1.58e-08 V                   ; 3.13 V              ; -0.117 V            ; 0.143 V                              ; 0.259 V                              ; 6.22e-10 s                  ; 4.46e-10 s                  ; No                         ; No                         ; 3.08 V                      ; 1.58e-08 V                  ; 3.13 V             ; -0.117 V           ; 0.143 V                             ; 0.259 V                             ; 6.22e-10 s                 ; 4.46e-10 s                 ; No                        ; No                        ;
; ~ALTERA_DCLK~ ; 2.5 V        ; 0 s                 ; 0 s                 ; 2.32 V                       ; 2.67e-09 V                   ; 2.38 V              ; -0.0485 V           ; 0.167 V                              ; 0.096 V                              ; 2.95e-10 s                  ; 2.73e-10 s                  ; Yes                        ; Yes                        ; 2.32 V                      ; 2.67e-09 V                  ; 2.38 V             ; -0.0485 V          ; 0.167 V                             ; 0.096 V                             ; 2.95e-10 s                 ; 2.73e-10 s                 ; Yes                       ; Yes                       ;
; ~ALTERA_nCEO~ ; 2.5 V        ; 0 s                 ; 0 s                 ; 2.32 V                       ; 4.18e-09 V                   ; 2.38 V              ; -0.00483 V          ; 0.152 V                              ; 0.012 V                              ; 4.81e-10 s                  ; 6.29e-10 s                  ; Yes                        ; Yes                        ; 2.32 V                      ; 4.18e-09 V                  ; 2.38 V             ; -0.00483 V         ; 0.152 V                             ; 0.012 V                             ; 4.81e-10 s                 ; 6.29e-10 s                 ; Yes                       ; Yes                       ;
+---------------+--------------+---------------------+---------------------+------------------------------+------------------------------+---------------------+---------------------+--------------------------------------+--------------------------------------+-----------------------------+-----------------------------+----------------------------+----------------------------+-----------------------------+-----------------------------+--------------------+--------------------+-------------------------------------+-------------------------------------+----------------------------+----------------------------+---------------------------+---------------------------+


+--------------------------------------------------------------------------------------------------------------------------------------------------------------------------------------------------------------------------------------------------------------------------------------------------------------------------------------------------------------------------------------------------------------------------------------------------------------------------------------------------------------------------------------------------------------------------------------------------------------------------------------------------------------------------------------------+
; Signal Integrity Metrics (Slow 1200mv 85c Model)                                                                                                                                                                                                                                                                                                                                                                                                                                                                                                                                                                                                                                           ;
+---------------+--------------+---------------------+---------------------+------------------------------+------------------------------+---------------------+---------------------+--------------------------------------+--------------------------------------+-----------------------------+-----------------------------+----------------------------+----------------------------+-----------------------------+-----------------------------+--------------------+--------------------+-------------------------------------+-------------------------------------+----------------------------+----------------------------+---------------------------+---------------------------+
; Pin           ; I/O Standard ; Board Delay on Rise ; Board Delay on Fall ; Steady State Voh at FPGA Pin ; Steady State Vol at FPGA Pin ; Voh Max at FPGA Pin ; Vol Min at FPGA Pin ; Ringback Voltage on Rise at FPGA Pin ; Ringback Voltage on Fall at FPGA Pin ; 10-90 Rise Time at FPGA Pin ; 90-10 Fall Time at FPGA Pin ; Monotonic Rise at FPGA Pin ; Monotonic Fall at FPGA Pin ; Steady State Voh at Far-end ; Steady State Vol at Far-end ; Voh Max at Far-end ; Vol Min at Far-end ; Ringback Voltage on Rise at Far-end ; Ringback Voltage on Fall at Far-end ; 10-90 Rise Time at Far-end ; 90-10 Fall Time at Far-end ; Monotonic Rise at Far-end ; Monotonic Fall at Far-end ;
+---------------+--------------+---------------------+---------------------+------------------------------+------------------------------+---------------------+---------------------+--------------------------------------+--------------------------------------+-----------------------------+-----------------------------+----------------------------+----------------------------+-----------------------------+-----------------------------+--------------------+--------------------+-------------------------------------+-------------------------------------+----------------------------+----------------------------+---------------------------+---------------------------+
; vga_hs        ; 3.3-V LVTTL  ; 0 s                 ; 0 s                 ; 3.08 V                       ; 1.9e-06 V                    ; 3.11 V              ; -0.0625 V           ; 0.224 V                              ; 0.17 V                               ; 6.86e-10 s                  ; 6.31e-10 s                  ; Yes                        ; No                         ; 3.08 V                      ; 1.9e-06 V                   ; 3.11 V             ; -0.0625 V          ; 0.224 V                             ; 0.17 V                              ; 6.86e-10 s                 ; 6.31e-10 s                 ; Yes                       ; No                        ;
; vga_vs        ; 3.3-V LVTTL  ; 0 s                 ; 0 s                 ; 3.08 V                       ; 1.9e-06 V                    ; 3.11 V              ; -0.0625 V           ; 0.224 V                              ; 0.17 V                               ; 6.86e-10 s                  ; 6.31e-10 s                  ; Yes                        ; No                         ; 3.08 V                      ; 1.9e-06 V                   ; 3.11 V             ; -0.0625 V          ; 0.224 V                             ; 0.17 V                              ; 6.86e-10 s                 ; 6.31e-10 s                 ; Yes                       ; No                        ;
; vga_r[0]      ; 3.3-V LVTTL  ; 0 s                 ; 0 s                 ; 3.08 V                       ; 1.9e-06 V                    ; 3.11 V              ; -0.0625 V           ; 0.224 V                              ; 0.17 V                               ; 6.86e-10 s                  ; 6.31e-10 s                  ; Yes                        ; No                         ; 3.08 V                      ; 1.9e-06 V                   ; 3.11 V             ; -0.0625 V          ; 0.224 V                             ; 0.17 V                              ; 6.86e-10 s                 ; 6.31e-10 s                 ; Yes                       ; No                        ;
; vga_r[1]      ; 3.3-V LVTTL  ; 0 s                 ; 0 s                 ; 3.08 V                       ; 1.9e-06 V                    ; 3.11 V              ; -0.0625 V           ; 0.224 V                              ; 0.17 V                               ; 6.86e-10 s                  ; 6.31e-10 s                  ; Yes                        ; No                         ; 3.08 V                      ; 1.9e-06 V                   ; 3.11 V             ; -0.0625 V          ; 0.224 V                             ; 0.17 V                              ; 6.86e-10 s                 ; 6.31e-10 s                 ; Yes                       ; No                        ;
; vga_r[2]      ; 3.3-V LVTTL  ; 0 s                 ; 0 s                 ; 3.08 V                       ; 1.9e-06 V                    ; 3.11 V              ; -0.0625 V           ; 0.224 V                              ; 0.17 V                               ; 6.86e-10 s                  ; 6.31e-10 s                  ; Yes                        ; No                         ; 3.08 V                      ; 1.9e-06 V                   ; 3.11 V             ; -0.0625 V          ; 0.224 V                             ; 0.17 V                              ; 6.86e-10 s                 ; 6.31e-10 s                 ; Yes                       ; No                        ;
; vga_r[3]      ; 3.3-V LVTTL  ; 0 s                 ; 0 s                 ; 3.08 V                       ; 1.9e-06 V                    ; 3.11 V              ; -0.0625 V           ; 0.224 V                              ; 0.17 V                               ; 6.86e-10 s                  ; 6.31e-10 s                  ; Yes                        ; No                         ; 3.08 V                      ; 1.9e-06 V                   ; 3.11 V             ; -0.0625 V          ; 0.224 V                             ; 0.17 V                              ; 6.86e-10 s                 ; 6.31e-10 s                 ; Yes                       ; No                        ;
; vga_r[4]      ; 3.3-V LVTTL  ; 0 s                 ; 0 s                 ; 3.08 V                       ; 1.9e-06 V                    ; 3.11 V              ; -0.0625 V           ; 0.224 V                              ; 0.17 V                               ; 6.86e-10 s                  ; 6.31e-10 s                  ; Yes                        ; No                         ; 3.08 V                      ; 1.9e-06 V                   ; 3.11 V             ; -0.0625 V          ; 0.224 V                             ; 0.17 V                              ; 6.86e-10 s                 ; 6.31e-10 s                 ; Yes                       ; No                        ;
; vga_r[5]      ; 3.3-V LVTTL  ; 0 s                 ; 0 s                 ; 3.08 V                       ; 1.9e-06 V                    ; 3.11 V              ; -0.0625 V           ; 0.224 V                              ; 0.17 V                               ; 6.86e-10 s                  ; 6.31e-10 s                  ; Yes                        ; No                         ; 3.08 V                      ; 1.9e-06 V                   ; 3.11 V             ; -0.0625 V          ; 0.224 V                             ; 0.17 V                              ; 6.86e-10 s                 ; 6.31e-10 s                 ; Yes                       ; No                        ;
; vga_r[6]      ; 3.3-V LVTTL  ; 0 s                 ; 0 s                 ; 3.08 V                       ; 1.9e-06 V                    ; 3.11 V              ; -0.0625 V           ; 0.224 V                              ; 0.17 V                               ; 6.86e-10 s                  ; 6.31e-10 s                  ; Yes                        ; No                         ; 3.08 V                      ; 1.9e-06 V                   ; 3.11 V             ; -0.0625 V          ; 0.224 V                             ; 0.17 V                              ; 6.86e-10 s                 ; 6.31e-10 s                 ; Yes                       ; No                        ;
; vga_r[7]      ; 3.3-V LVTTL  ; 0 s                 ; 0 s                 ; 3.08 V                       ; 1.9e-06 V                    ; 3.11 V              ; -0.0625 V           ; 0.224 V                              ; 0.17 V                               ; 6.86e-10 s                  ; 6.31e-10 s                  ; Yes                        ; No                         ; 3.08 V                      ; 1.9e-06 V                   ; 3.11 V             ; -0.0625 V          ; 0.224 V                             ; 0.17 V                              ; 6.86e-10 s                 ; 6.31e-10 s                 ; Yes                       ; No                        ;
; vga_g[0]      ; 3.3-V LVTTL  ; 0 s                 ; 0 s                 ; 3.08 V                       ; 1.9e-06 V                    ; 3.11 V              ; -0.0625 V           ; 0.224 V                              ; 0.17 V                               ; 6.86e-10 s                  ; 6.31e-10 s                  ; Yes                        ; No                         ; 3.08 V                      ; 1.9e-06 V                   ; 3.11 V             ; -0.0625 V          ; 0.224 V                             ; 0.17 V                              ; 6.86e-10 s                 ; 6.31e-10 s                 ; Yes                       ; No                        ;
; vga_g[1]      ; 3.3-V LVTTL  ; 0 s                 ; 0 s                 ; 3.08 V                       ; 1.9e-06 V                    ; 3.11 V              ; -0.0625 V           ; 0.224 V                              ; 0.17 V                               ; 6.86e-10 s                  ; 6.31e-10 s                  ; Yes                        ; No                         ; 3.08 V                      ; 1.9e-06 V                   ; 3.11 V             ; -0.0625 V          ; 0.224 V                             ; 0.17 V                              ; 6.86e-10 s                 ; 6.31e-10 s                 ; Yes                       ; No                        ;
; vga_g[2]      ; 3.3-V LVTTL  ; 0 s                 ; 0 s                 ; 3.08 V                       ; 1.9e-06 V                    ; 3.11 V              ; -0.0625 V           ; 0.224 V                              ; 0.17 V                               ; 6.86e-10 s                  ; 6.31e-10 s                  ; Yes                        ; No                         ; 3.08 V                      ; 1.9e-06 V                   ; 3.11 V             ; -0.0625 V          ; 0.224 V                             ; 0.17 V                              ; 6.86e-10 s                 ; 6.31e-10 s                 ; Yes                       ; No                        ;
; vga_g[3]      ; 3.3-V LVTTL  ; 0 s                 ; 0 s                 ; 3.08 V                       ; 1.9e-06 V                    ; 3.11 V              ; -0.0625 V           ; 0.224 V                              ; 0.17 V                               ; 6.86e-10 s                  ; 6.31e-10 s                  ; Yes                        ; No                         ; 3.08 V                      ; 1.9e-06 V                   ; 3.11 V             ; -0.0625 V          ; 0.224 V                             ; 0.17 V                              ; 6.86e-10 s                 ; 6.31e-10 s                 ; Yes                       ; No                        ;
; vga_g[4]      ; 3.3-V LVTTL  ; 0 s                 ; 0 s                 ; 3.08 V                       ; 1.9e-06 V                    ; 3.11 V              ; -0.0625 V           ; 0.224 V                              ; 0.17 V                               ; 6.86e-10 s                  ; 6.31e-10 s                  ; Yes                        ; No                         ; 3.08 V                      ; 1.9e-06 V                   ; 3.11 V             ; -0.0625 V          ; 0.224 V                             ; 0.17 V                              ; 6.86e-10 s                 ; 6.31e-10 s                 ; Yes                       ; No                        ;
; vga_g[5]      ; 3.3-V LVTTL  ; 0 s                 ; 0 s                 ; 3.08 V                       ; 1.9e-06 V                    ; 3.11 V              ; -0.0625 V           ; 0.224 V                              ; 0.17 V                               ; 6.86e-10 s                  ; 6.31e-10 s                  ; Yes                        ; No                         ; 3.08 V                      ; 1.9e-06 V                   ; 3.11 V             ; -0.0625 V          ; 0.224 V                             ; 0.17 V                              ; 6.86e-10 s                 ; 6.31e-10 s                 ; Yes                       ; No                        ;
; vga_g[6]      ; 3.3-V LVTTL  ; 0 s                 ; 0 s                 ; 3.08 V                       ; 1.9e-06 V                    ; 3.11 V              ; -0.0625 V           ; 0.224 V                              ; 0.17 V                               ; 6.86e-10 s                  ; 6.31e-10 s                  ; Yes                        ; No                         ; 3.08 V                      ; 1.9e-06 V                   ; 3.11 V             ; -0.0625 V          ; 0.224 V                             ; 0.17 V                              ; 6.86e-10 s                 ; 6.31e-10 s                 ; Yes                       ; No                        ;
; vga_g[7]      ; 3.3-V LVTTL  ; 0 s                 ; 0 s                 ; 3.08 V                       ; 1.9e-06 V                    ; 3.11 V              ; -0.0625 V           ; 0.224 V                              ; 0.17 V                               ; 6.86e-10 s                  ; 6.31e-10 s                  ; Yes                        ; No                         ; 3.08 V                      ; 1.9e-06 V                   ; 3.11 V             ; -0.0625 V          ; 0.224 V                             ; 0.17 V                              ; 6.86e-10 s                 ; 6.31e-10 s                 ; Yes                       ; No                        ;
; vga_b[0]      ; 3.3-V LVTTL  ; 0 s                 ; 0 s                 ; 3.08 V                       ; 1.9e-06 V                    ; 3.11 V              ; -0.0625 V           ; 0.224 V                              ; 0.17 V                               ; 6.86e-10 s                  ; 6.31e-10 s                  ; Yes                        ; No                         ; 3.08 V                      ; 1.9e-06 V                   ; 3.11 V             ; -0.0625 V          ; 0.224 V                             ; 0.17 V                              ; 6.86e-10 s                 ; 6.31e-10 s                 ; Yes                       ; No                        ;
; vga_b[1]      ; 3.3-V LVTTL  ; 0 s                 ; 0 s                 ; 3.08 V                       ; 1.9e-06 V                    ; 3.11 V              ; -0.0625 V           ; 0.224 V                              ; 0.17 V                               ; 6.86e-10 s                  ; 6.31e-10 s                  ; Yes                        ; No                         ; 3.08 V                      ; 1.9e-06 V                   ; 3.11 V             ; -0.0625 V          ; 0.224 V                             ; 0.17 V                              ; 6.86e-10 s                 ; 6.31e-10 s                 ; Yes                       ; No                        ;
; vga_b[2]      ; 3.3-V LVTTL  ; 0 s                 ; 0 s                 ; 3.08 V                       ; 1.9e-06 V                    ; 3.11 V              ; -0.0625 V           ; 0.224 V                              ; 0.17 V                               ; 6.86e-10 s                  ; 6.31e-10 s                  ; Yes                        ; No                         ; 3.08 V                      ; 1.9e-06 V                   ; 3.11 V             ; -0.0625 V          ; 0.224 V                             ; 0.17 V                              ; 6.86e-10 s                 ; 6.31e-10 s                 ; Yes                       ; No                        ;
; vga_b[3]      ; 3.3-V LVTTL  ; 0 s                 ; 0 s                 ; 3.08 V                       ; 1.9e-06 V                    ; 3.11 V              ; -0.0625 V           ; 0.224 V                              ; 0.17 V                               ; 6.86e-10 s                  ; 6.31e-10 s                  ; Yes                        ; No                         ; 3.08 V                      ; 1.9e-06 V                   ; 3.11 V             ; -0.0625 V          ; 0.224 V                             ; 0.17 V                              ; 6.86e-10 s                 ; 6.31e-10 s                 ; Yes                       ; No                        ;
; vga_b[4]      ; 3.3-V LVTTL  ; 0 s                 ; 0 s                 ; 3.08 V                       ; 1.9e-06 V                    ; 3.11 V              ; -0.0625 V           ; 0.224 V                              ; 0.17 V                               ; 6.86e-10 s                  ; 6.31e-10 s                  ; Yes                        ; No                         ; 3.08 V                      ; 1.9e-06 V                   ; 3.11 V             ; -0.0625 V          ; 0.224 V                             ; 0.17 V                              ; 6.86e-10 s                 ; 6.31e-10 s                 ; Yes                       ; No                        ;
; vga_b[5]      ; 3.3-V LVTTL  ; 0 s                 ; 0 s                 ; 3.08 V                       ; 1.9e-06 V                    ; 3.11 V              ; -0.0625 V           ; 0.224 V                              ; 0.17 V                               ; 6.86e-10 s                  ; 6.31e-10 s                  ; Yes                        ; No                         ; 3.08 V                      ; 1.9e-06 V                   ; 3.11 V             ; -0.0625 V          ; 0.224 V                             ; 0.17 V                              ; 6.86e-10 s                 ; 6.31e-10 s                 ; Yes                       ; No                        ;
; vga_b[6]      ; 3.3-V LVTTL  ; 0 s                 ; 0 s                 ; 3.08 V                       ; 1.9e-06 V                    ; 3.11 V              ; -0.0625 V           ; 0.224 V                              ; 0.17 V                               ; 6.86e-10 s                  ; 6.31e-10 s                  ; Yes                        ; No                         ; 3.08 V                      ; 1.9e-06 V                   ; 3.11 V             ; -0.0625 V          ; 0.224 V                             ; 0.17 V                              ; 6.86e-10 s                 ; 6.31e-10 s                 ; Yes                       ; No                        ;
; vga_b[7]      ; 3.3-V LVTTL  ; 0 s                 ; 0 s                 ; 3.08 V                       ; 1.9e-06 V                    ; 3.11 V              ; -0.0625 V           ; 0.224 V                              ; 0.17 V                               ; 6.86e-10 s                  ; 6.31e-10 s                  ; Yes                        ; No                         ; 3.08 V                      ; 1.9e-06 V                   ; 3.11 V             ; -0.0625 V          ; 0.224 V                             ; 0.17 V                              ; 6.86e-10 s                 ; 6.31e-10 s                 ; Yes                       ; No                        ;
; vga_blank_n   ; 3.3-V LVTTL  ; 0 s                 ; 0 s                 ; 3.08 V                       ; 1.9e-06 V                    ; 3.11 V              ; -0.0625 V           ; 0.224 V                              ; 0.17 V                               ; 6.86e-10 s                  ; 6.31e-10 s                  ; Yes                        ; No                         ; 3.08 V                      ; 1.9e-06 V                   ; 3.11 V             ; -0.0625 V          ; 0.224 V                             ; 0.17 V                              ; 6.86e-10 s                 ; 6.31e-10 s                 ; Yes                       ; No                        ;
; vga_sync_n    ; 3.3-V LVTTL  ; 0 s                 ; 0 s                 ; 3.08 V                       ; 1.9e-06 V                    ; 3.11 V              ; -0.0625 V           ; 0.224 V                              ; 0.17 V                               ; 6.86e-10 s                  ; 6.31e-10 s                  ; Yes                        ; No                         ; 3.08 V                      ; 1.9e-06 V                   ; 3.11 V             ; -0.0625 V          ; 0.224 V                             ; 0.17 V                              ; 6.86e-10 s                 ; 6.31e-10 s                 ; Yes                       ; No                        ;
; vga_clk       ; 3.3-V LVTTL  ; 0 s                 ; 0 s                 ; 3.08 V                       ; 1.9e-06 V                    ; 3.11 V              ; -0.0625 V           ; 0.224 V                              ; 0.17 V                               ; 6.86e-10 s                  ; 6.31e-10 s                  ; Yes                        ; No                         ; 3.08 V                      ; 1.9e-06 V                   ; 3.11 V             ; -0.0625 V          ; 0.224 V                             ; 0.17 V                              ; 6.86e-10 s                 ; 6.31e-10 s                 ; Yes                       ; No                        ;
; ~ALTERA_DCLK~ ; 2.5 V        ; 0 s                 ; 0 s                 ; 2.32 V                       ; 3.75e-07 V                   ; 2.35 V              ; -0.0109 V           ; 0.084 V                              ; 0.027 V                              ; 4.31e-10 s                  ; 3.61e-10 s                  ; Yes                        ; Yes                        ; 2.32 V                      ; 3.75e-07 V                  ; 2.35 V             ; -0.0109 V          ; 0.084 V                             ; 0.027 V                             ; 4.31e-10 s                 ; 3.61e-10 s                 ; Yes                       ; Yes                       ;
; ~ALTERA_nCEO~ ; 2.5 V        ; 0 s                 ; 0 s                 ; 2.32 V                       ; 6.15e-07 V                   ; 2.35 V              ; -0.00712 V          ; 0.093 V                              ; 0.02 V                               ; 6.21e-10 s                  ; 7.9e-10 s                   ; Yes                        ; Yes                        ; 2.32 V                      ; 6.15e-07 V                  ; 2.35 V             ; -0.00712 V         ; 0.093 V                             ; 0.02 V                              ; 6.21e-10 s                 ; 7.9e-10 s                  ; Yes                       ; Yes                       ;
+---------------+--------------+---------------------+---------------------+------------------------------+------------------------------+---------------------+---------------------+--------------------------------------+--------------------------------------+-----------------------------+-----------------------------+----------------------------+----------------------------+-----------------------------+-----------------------------+--------------------+--------------------+-------------------------------------+-------------------------------------+----------------------------+----------------------------+---------------------------+---------------------------+


+--------------------------------------------------------------------------------------------------------------------------------------------------------------------------------------------------------------------------------------------------------------------------------------------------------------------------------------------------------------------------------------------------------------------------------------------------------------------------------------------------------------------------------------------------------------------------------------------------------------------------------------------------------------------------------------------+
; Signal Integrity Metrics (Fast 1200mv 0c Model)                                                                                                                                                                                                                                                                                                                                                                                                                                                                                                                                                                                                                                            ;
+---------------+--------------+---------------------+---------------------+------------------------------+------------------------------+---------------------+---------------------+--------------------------------------+--------------------------------------+-----------------------------+-----------------------------+----------------------------+----------------------------+-----------------------------+-----------------------------+--------------------+--------------------+-------------------------------------+-------------------------------------+----------------------------+----------------------------+---------------------------+---------------------------+
; Pin           ; I/O Standard ; Board Delay on Rise ; Board Delay on Fall ; Steady State Voh at FPGA Pin ; Steady State Vol at FPGA Pin ; Voh Max at FPGA Pin ; Vol Min at FPGA Pin ; Ringback Voltage on Rise at FPGA Pin ; Ringback Voltage on Fall at FPGA Pin ; 10-90 Rise Time at FPGA Pin ; 90-10 Fall Time at FPGA Pin ; Monotonic Rise at FPGA Pin ; Monotonic Fall at FPGA Pin ; Steady State Voh at Far-end ; Steady State Vol at Far-end ; Voh Max at Far-end ; Vol Min at Far-end ; Ringback Voltage on Rise at Far-end ; Ringback Voltage on Fall at Far-end ; 10-90 Rise Time at Far-end ; 90-10 Fall Time at Far-end ; Monotonic Rise at Far-end ; Monotonic Fall at Far-end ;
+---------------+--------------+---------------------+---------------------+------------------------------+------------------------------+---------------------+---------------------+--------------------------------------+--------------------------------------+-----------------------------+-----------------------------+----------------------------+----------------------------+-----------------------------+-----------------------------+--------------------+--------------------+-------------------------------------+-------------------------------------+----------------------------+----------------------------+---------------------------+---------------------------+
; vga_hs        ; 3.3-V LVTTL  ; 0 s                 ; 0 s                 ; 3.46 V                       ; 1.85e-07 V                   ; 3.57 V              ; -0.141 V            ; 0.301 V                              ; 0.239 V                              ; 4.61e-10 s                  ; 4.2e-10 s                   ; No                         ; No                         ; 3.46 V                      ; 1.85e-07 V                  ; 3.57 V             ; -0.141 V           ; 0.301 V                             ; 0.239 V                             ; 4.61e-10 s                 ; 4.2e-10 s                  ; No                        ; No                        ;
; vga_vs        ; 3.3-V LVTTL  ; 0 s                 ; 0 s                 ; 3.46 V                       ; 1.85e-07 V                   ; 3.57 V              ; -0.141 V            ; 0.301 V                              ; 0.239 V                              ; 4.61e-10 s                  ; 4.2e-10 s                   ; No                         ; No                         ; 3.46 V                      ; 1.85e-07 V                  ; 3.57 V             ; -0.141 V           ; 0.301 V                             ; 0.239 V                             ; 4.61e-10 s                 ; 4.2e-10 s                  ; No                        ; No                        ;
; vga_r[0]      ; 3.3-V LVTTL  ; 0 s                 ; 0 s                 ; 3.46 V                       ; 1.85e-07 V                   ; 3.57 V              ; -0.141 V            ; 0.301 V                              ; 0.239 V                              ; 4.61e-10 s                  ; 4.2e-10 s                   ; No                         ; No                         ; 3.46 V                      ; 1.85e-07 V                  ; 3.57 V             ; -0.141 V           ; 0.301 V                             ; 0.239 V                             ; 4.61e-10 s                 ; 4.2e-10 s                  ; No                        ; No                        ;
; vga_r[1]      ; 3.3-V LVTTL  ; 0 s                 ; 0 s                 ; 3.46 V                       ; 1.85e-07 V                   ; 3.57 V              ; -0.141 V            ; 0.301 V                              ; 0.239 V                              ; 4.61e-10 s                  ; 4.2e-10 s                   ; No                         ; No                         ; 3.46 V                      ; 1.85e-07 V                  ; 3.57 V             ; -0.141 V           ; 0.301 V                             ; 0.239 V                             ; 4.61e-10 s                 ; 4.2e-10 s                  ; No                        ; No                        ;
; vga_r[2]      ; 3.3-V LVTTL  ; 0 s                 ; 0 s                 ; 3.46 V                       ; 1.85e-07 V                   ; 3.57 V              ; -0.141 V            ; 0.301 V                              ; 0.239 V                              ; 4.61e-10 s                  ; 4.2e-10 s                   ; No                         ; No                         ; 3.46 V                      ; 1.85e-07 V                  ; 3.57 V             ; -0.141 V           ; 0.301 V                             ; 0.239 V                             ; 4.61e-10 s                 ; 4.2e-10 s                  ; No                        ; No                        ;
; vga_r[3]      ; 3.3-V LVTTL  ; 0 s                 ; 0 s                 ; 3.46 V                       ; 1.85e-07 V                   ; 3.57 V              ; -0.141 V            ; 0.301 V                              ; 0.239 V                              ; 4.61e-10 s                  ; 4.2e-10 s                   ; No                         ; No                         ; 3.46 V                      ; 1.85e-07 V                  ; 3.57 V             ; -0.141 V           ; 0.301 V                             ; 0.239 V                             ; 4.61e-10 s                 ; 4.2e-10 s                  ; No                        ; No                        ;
; vga_r[4]      ; 3.3-V LVTTL  ; 0 s                 ; 0 s                 ; 3.46 V                       ; 1.85e-07 V                   ; 3.57 V              ; -0.141 V            ; 0.301 V                              ; 0.239 V                              ; 4.61e-10 s                  ; 4.2e-10 s                   ; No                         ; No                         ; 3.46 V                      ; 1.85e-07 V                  ; 3.57 V             ; -0.141 V           ; 0.301 V                             ; 0.239 V                             ; 4.61e-10 s                 ; 4.2e-10 s                  ; No                        ; No                        ;
; vga_r[5]      ; 3.3-V LVTTL  ; 0 s                 ; 0 s                 ; 3.46 V                       ; 1.85e-07 V                   ; 3.57 V              ; -0.141 V            ; 0.301 V                              ; 0.239 V                              ; 4.61e-10 s                  ; 4.2e-10 s                   ; No                         ; No                         ; 3.46 V                      ; 1.85e-07 V                  ; 3.57 V             ; -0.141 V           ; 0.301 V                             ; 0.239 V                             ; 4.61e-10 s                 ; 4.2e-10 s                  ; No                        ; No                        ;
; vga_r[6]      ; 3.3-V LVTTL  ; 0 s                 ; 0 s                 ; 3.46 V                       ; 1.85e-07 V                   ; 3.57 V              ; -0.141 V            ; 0.301 V                              ; 0.239 V                              ; 4.61e-10 s                  ; 4.2e-10 s                   ; No                         ; No                         ; 3.46 V                      ; 1.85e-07 V                  ; 3.57 V             ; -0.141 V           ; 0.301 V                             ; 0.239 V                             ; 4.61e-10 s                 ; 4.2e-10 s                  ; No                        ; No                        ;
; vga_r[7]      ; 3.3-V LVTTL  ; 0 s                 ; 0 s                 ; 3.46 V                       ; 1.85e-07 V                   ; 3.57 V              ; -0.141 V            ; 0.301 V                              ; 0.239 V                              ; 4.61e-10 s                  ; 4.2e-10 s                   ; No                         ; No                         ; 3.46 V                      ; 1.85e-07 V                  ; 3.57 V             ; -0.141 V           ; 0.301 V                             ; 0.239 V                             ; 4.61e-10 s                 ; 4.2e-10 s                  ; No                        ; No                        ;
; vga_g[0]      ; 3.3-V LVTTL  ; 0 s                 ; 0 s                 ; 3.46 V                       ; 1.85e-07 V                   ; 3.57 V              ; -0.141 V            ; 0.301 V                              ; 0.239 V                              ; 4.61e-10 s                  ; 4.2e-10 s                   ; No                         ; No                         ; 3.46 V                      ; 1.85e-07 V                  ; 3.57 V             ; -0.141 V           ; 0.301 V                             ; 0.239 V                             ; 4.61e-10 s                 ; 4.2e-10 s                  ; No                        ; No                        ;
; vga_g[1]      ; 3.3-V LVTTL  ; 0 s                 ; 0 s                 ; 3.46 V                       ; 1.85e-07 V                   ; 3.57 V              ; -0.141 V            ; 0.301 V                              ; 0.239 V                              ; 4.61e-10 s                  ; 4.2e-10 s                   ; No                         ; No                         ; 3.46 V                      ; 1.85e-07 V                  ; 3.57 V             ; -0.141 V           ; 0.301 V                             ; 0.239 V                             ; 4.61e-10 s                 ; 4.2e-10 s                  ; No                        ; No                        ;
; vga_g[2]      ; 3.3-V LVTTL  ; 0 s                 ; 0 s                 ; 3.46 V                       ; 1.85e-07 V                   ; 3.57 V              ; -0.141 V            ; 0.301 V                              ; 0.239 V                              ; 4.61e-10 s                  ; 4.2e-10 s                   ; No                         ; No                         ; 3.46 V                      ; 1.85e-07 V                  ; 3.57 V             ; -0.141 V           ; 0.301 V                             ; 0.239 V                             ; 4.61e-10 s                 ; 4.2e-10 s                  ; No                        ; No                        ;
; vga_g[3]      ; 3.3-V LVTTL  ; 0 s                 ; 0 s                 ; 3.46 V                       ; 1.85e-07 V                   ; 3.57 V              ; -0.141 V            ; 0.301 V                              ; 0.239 V                              ; 4.61e-10 s                  ; 4.2e-10 s                   ; No                         ; No                         ; 3.46 V                      ; 1.85e-07 V                  ; 3.57 V             ; -0.141 V           ; 0.301 V                             ; 0.239 V                             ; 4.61e-10 s                 ; 4.2e-10 s                  ; No                        ; No                        ;
; vga_g[4]      ; 3.3-V LVTTL  ; 0 s                 ; 0 s                 ; 3.46 V                       ; 1.85e-07 V                   ; 3.57 V              ; -0.141 V            ; 0.301 V                              ; 0.239 V                              ; 4.61e-10 s                  ; 4.2e-10 s                   ; No                         ; No                         ; 3.46 V                      ; 1.85e-07 V                  ; 3.57 V             ; -0.141 V           ; 0.301 V                             ; 0.239 V                             ; 4.61e-10 s                 ; 4.2e-10 s                  ; No                        ; No                        ;
; vga_g[5]      ; 3.3-V LVTTL  ; 0 s                 ; 0 s                 ; 3.46 V                       ; 1.85e-07 V                   ; 3.57 V              ; -0.141 V            ; 0.301 V                              ; 0.239 V                              ; 4.61e-10 s                  ; 4.2e-10 s                   ; No                         ; No                         ; 3.46 V                      ; 1.85e-07 V                  ; 3.57 V             ; -0.141 V           ; 0.301 V                             ; 0.239 V                             ; 4.61e-10 s                 ; 4.2e-10 s                  ; No                        ; No                        ;
; vga_g[6]      ; 3.3-V LVTTL  ; 0 s                 ; 0 s                 ; 3.46 V                       ; 1.85e-07 V                   ; 3.57 V              ; -0.141 V            ; 0.301 V                              ; 0.239 V                              ; 4.61e-10 s                  ; 4.2e-10 s                   ; No                         ; No                         ; 3.46 V                      ; 1.85e-07 V                  ; 3.57 V             ; -0.141 V           ; 0.301 V                             ; 0.239 V                             ; 4.61e-10 s                 ; 4.2e-10 s                  ; No                        ; No                        ;
; vga_g[7]      ; 3.3-V LVTTL  ; 0 s                 ; 0 s                 ; 3.46 V                       ; 1.85e-07 V                   ; 3.57 V              ; -0.141 V            ; 0.301 V                              ; 0.239 V                              ; 4.61e-10 s                  ; 4.2e-10 s                   ; No                         ; No                         ; 3.46 V                      ; 1.85e-07 V                  ; 3.57 V             ; -0.141 V           ; 0.301 V                             ; 0.239 V                             ; 4.61e-10 s                 ; 4.2e-10 s                  ; No                        ; No                        ;
; vga_b[0]      ; 3.3-V LVTTL  ; 0 s                 ; 0 s                 ; 3.46 V                       ; 1.85e-07 V                   ; 3.57 V              ; -0.141 V            ; 0.301 V                              ; 0.239 V                              ; 4.61e-10 s                  ; 4.2e-10 s                   ; No                         ; No                         ; 3.46 V                      ; 1.85e-07 V                  ; 3.57 V             ; -0.141 V           ; 0.301 V                             ; 0.239 V                             ; 4.61e-10 s                 ; 4.2e-10 s                  ; No                        ; No                        ;
; vga_b[1]      ; 3.3-V LVTTL  ; 0 s                 ; 0 s                 ; 3.46 V                       ; 1.85e-07 V                   ; 3.57 V              ; -0.141 V            ; 0.301 V                              ; 0.239 V                              ; 4.61e-10 s                  ; 4.2e-10 s                   ; No                         ; No                         ; 3.46 V                      ; 1.85e-07 V                  ; 3.57 V             ; -0.141 V           ; 0.301 V                             ; 0.239 V                             ; 4.61e-10 s                 ; 4.2e-10 s                  ; No                        ; No                        ;
; vga_b[2]      ; 3.3-V LVTTL  ; 0 s                 ; 0 s                 ; 3.46 V                       ; 1.85e-07 V                   ; 3.57 V              ; -0.141 V            ; 0.301 V                              ; 0.239 V                              ; 4.61e-10 s                  ; 4.2e-10 s                   ; No                         ; No                         ; 3.46 V                      ; 1.85e-07 V                  ; 3.57 V             ; -0.141 V           ; 0.301 V                             ; 0.239 V                             ; 4.61e-10 s                 ; 4.2e-10 s                  ; No                        ; No                        ;
; vga_b[3]      ; 3.3-V LVTTL  ; 0 s                 ; 0 s                 ; 3.46 V                       ; 1.85e-07 V                   ; 3.57 V              ; -0.141 V            ; 0.301 V                              ; 0.239 V                              ; 4.61e-10 s                  ; 4.2e-10 s                   ; No                         ; No                         ; 3.46 V                      ; 1.85e-07 V                  ; 3.57 V             ; -0.141 V           ; 0.301 V                             ; 0.239 V                             ; 4.61e-10 s                 ; 4.2e-10 s                  ; No                        ; No                        ;
; vga_b[4]      ; 3.3-V LVTTL  ; 0 s                 ; 0 s                 ; 3.46 V                       ; 1.85e-07 V                   ; 3.57 V              ; -0.141 V            ; 0.301 V                              ; 0.239 V                              ; 4.61e-10 s                  ; 4.2e-10 s                   ; No                         ; No                         ; 3.46 V                      ; 1.85e-07 V                  ; 3.57 V             ; -0.141 V           ; 0.301 V                             ; 0.239 V                             ; 4.61e-10 s                 ; 4.2e-10 s                  ; No                        ; No                        ;
; vga_b[5]      ; 3.3-V LVTTL  ; 0 s                 ; 0 s                 ; 3.46 V                       ; 1.85e-07 V                   ; 3.57 V              ; -0.141 V            ; 0.301 V                              ; 0.239 V                              ; 4.61e-10 s                  ; 4.2e-10 s                   ; No                         ; No                         ; 3.46 V                      ; 1.85e-07 V                  ; 3.57 V             ; -0.141 V           ; 0.301 V                             ; 0.239 V                             ; 4.61e-10 s                 ; 4.2e-10 s                  ; No                        ; No                        ;
; vga_b[6]      ; 3.3-V LVTTL  ; 0 s                 ; 0 s                 ; 3.46 V                       ; 1.85e-07 V                   ; 3.57 V              ; -0.141 V            ; 0.301 V                              ; 0.239 V                              ; 4.61e-10 s                  ; 4.2e-10 s                   ; No                         ; No                         ; 3.46 V                      ; 1.85e-07 V                  ; 3.57 V             ; -0.141 V           ; 0.301 V                             ; 0.239 V                             ; 4.61e-10 s                 ; 4.2e-10 s                  ; No                        ; No                        ;
; vga_b[7]      ; 3.3-V LVTTL  ; 0 s                 ; 0 s                 ; 3.46 V                       ; 1.85e-07 V                   ; 3.57 V              ; -0.141 V            ; 0.301 V                              ; 0.239 V                              ; 4.61e-10 s                  ; 4.2e-10 s                   ; No                         ; No                         ; 3.46 V                      ; 1.85e-07 V                  ; 3.57 V             ; -0.141 V           ; 0.301 V                             ; 0.239 V                             ; 4.61e-10 s                 ; 4.2e-10 s                  ; No                        ; No                        ;
; vga_blank_n   ; 3.3-V LVTTL  ; 0 s                 ; 0 s                 ; 3.46 V                       ; 1.85e-07 V                   ; 3.57 V              ; -0.141 V            ; 0.301 V                              ; 0.239 V                              ; 4.61e-10 s                  ; 4.2e-10 s                   ; No                         ; No                         ; 3.46 V                      ; 1.85e-07 V                  ; 3.57 V             ; -0.141 V           ; 0.301 V                             ; 0.239 V                             ; 4.61e-10 s                 ; 4.2e-10 s                  ; No                        ; No                        ;
; vga_sync_n    ; 3.3-V LVTTL  ; 0 s                 ; 0 s                 ; 3.46 V                       ; 1.85e-07 V                   ; 3.57 V              ; -0.141 V            ; 0.301 V                              ; 0.239 V                              ; 4.61e-10 s                  ; 4.2e-10 s                   ; No                         ; No                         ; 3.46 V                      ; 1.85e-07 V                  ; 3.57 V             ; -0.141 V           ; 0.301 V                             ; 0.239 V                             ; 4.61e-10 s                 ; 4.2e-10 s                  ; No                        ; No                        ;
; vga_clk       ; 3.3-V LVTTL  ; 0 s                 ; 0 s                 ; 3.46 V                       ; 1.85e-07 V                   ; 3.57 V              ; -0.141 V            ; 0.301 V                              ; 0.239 V                              ; 4.61e-10 s                  ; 4.2e-10 s                   ; No                         ; No                         ; 3.46 V                      ; 1.85e-07 V                  ; 3.57 V             ; -0.141 V           ; 0.301 V                             ; 0.239 V                             ; 4.61e-10 s                 ; 4.2e-10 s                  ; No                        ; No                        ;
; ~ALTERA_DCLK~ ; 2.5 V        ; 0 s                 ; 0 s                 ; 2.62 V                       ; 2.22e-08 V                   ; 2.74 V              ; -0.06 V             ; 0.158 V                              ; 0.08 V                               ; 2.68e-10 s                  ; 2.19e-10 s                  ; Yes                        ; Yes                        ; 2.62 V                      ; 2.22e-08 V                  ; 2.74 V             ; -0.06 V            ; 0.158 V                             ; 0.08 V                              ; 2.68e-10 s                 ; 2.19e-10 s                 ; Yes                       ; Yes                       ;
; ~ALTERA_nCEO~ ; 2.5 V        ; 0 s                 ; 0 s                 ; 2.62 V                       ; 3.54e-08 V                   ; 2.7 V               ; -0.00943 V          ; 0.276 V                              ; 0.035 V                              ; 3.19e-10 s                  ; 4.99e-10 s                  ; No                         ; Yes                        ; 2.62 V                      ; 3.54e-08 V                  ; 2.7 V              ; -0.00943 V         ; 0.276 V                             ; 0.035 V                             ; 3.19e-10 s                 ; 4.99e-10 s                 ; No                        ; Yes                       ;
+---------------+--------------+---------------------+---------------------+------------------------------+------------------------------+---------------------+---------------------+--------------------------------------+--------------------------------------+-----------------------------+-----------------------------+----------------------------+----------------------------+-----------------------------+-----------------------------+--------------------+--------------------+-------------------------------------+-------------------------------------+----------------------------+----------------------------+---------------------------+---------------------------+


+---------------------------------------------------------------------------------------------------------------------------------------------------+
; Setup Transfers                                                                                                                                   ;
+---------------------------------------------------+---------------------------------------------------+----------+----------+----------+----------+
; From Clock                                        ; To Clock                                          ; RR Paths ; FR Paths ; RF Paths ; FF Paths ;
+---------------------------------------------------+---------------------------------------------------+----------+----------+----------+----------+
; u_pll|altpll_component|auto_generated|pll1|clk[0] ; u_pll|altpll_component|auto_generated|pll1|clk[0] ; 3698     ; 0        ; 0        ; 0        ;
+---------------------------------------------------+---------------------------------------------------+----------+----------+----------+----------+
Entries labeled "false path" only account for clock-to-clock false paths and not path-based false paths. As a result, actual path counts may be lower than reported.


+---------------------------------------------------------------------------------------------------------------------------------------------------+
; Hold Transfers                                                                                                                                    ;
+---------------------------------------------------+---------------------------------------------------+----------+----------+----------+----------+
; From Clock                                        ; To Clock                                          ; RR Paths ; FR Paths ; RF Paths ; FF Paths ;
+---------------------------------------------------+---------------------------------------------------+----------+----------+----------+----------+
; u_pll|altpll_component|auto_generated|pll1|clk[0] ; u_pll|altpll_component|auto_generated|pll1|clk[0] ; 3698     ; 0        ; 0        ; 0        ;
+---------------------------------------------------+---------------------------------------------------+----------+----------+----------+----------+
Entries labeled "false path" only account for clock-to-clock false paths and not path-based false paths. As a result, actual path counts may be lower than reported.


---------------
; Report TCCS ;
---------------
No dedicated SERDES Transmitter circuitry present in device or used in design


---------------
; Report RSKM ;
---------------
No non-DPA dedicated SERDES Receiver circuitry present in device or used in design


+------------------------------------------------+
; Unconstrained Paths Summary                    ;
+---------------------------------+-------+------+
; Property                        ; Setup ; Hold ;
+---------------------------------+-------+------+
; Illegal Clocks                  ; 0     ; 0    ;
; Unconstrained Clocks            ; 0     ; 0    ;
; Unconstrained Input Ports       ; 1     ; 1    ;
; Unconstrained Input Port Paths  ; 26    ; 26   ;
; Unconstrained Output Ports      ; 13    ; 13   ;
; Unconstrained Output Port Paths ; 32    ; 32   ;
+---------------------------------+-------+------+


+---------------------------------------------------------------------------------------------------------------------------------+
; Clock Status Summary                                                                                                            ;
+---------------------------------------------------+---------------------------------------------------+-----------+-------------+
; Target                                            ; Clock                                             ; Type      ; Status      ;
+---------------------------------------------------+---------------------------------------------------+-----------+-------------+
; sys_clk                                           ; sys_clk                                           ; Base      ; Constrained ;
; u_pll|altpll_component|auto_generated|pll1|clk[0] ; u_pll|altpll_component|auto_generated|pll1|clk[0] ; Generated ; Constrained ;
+---------------------------------------------------+---------------------------------------------------+-----------+-------------+


+---------------------------------------------------------------------------------------------------+
; Unconstrained Input Ports                                                                         ;
+------------+--------------------------------------------------------------------------------------+
; Input Port ; Comment                                                                              ;
+------------+--------------------------------------------------------------------------------------+
; sys_rst_n  ; No input delay, min/max delays, false-path exceptions, or max skew assignments found ;
+------------+--------------------------------------------------------------------------------------+


+-----------------------------------------------------------------------------------------------------+
; Unconstrained Output Ports                                                                          ;
+-------------+---------------------------------------------------------------------------------------+
; Output Port ; Comment                                                                               ;
+-------------+---------------------------------------------------------------------------------------+
; vga_b[0]    ; No output delay, min/max delays, false-path exceptions, or max skew assignments found ;
; vga_b[1]    ; No output delay, min/max delays, false-path exceptions, or max skew assignments found ;
; vga_b[2]    ; No output delay, min/max delays, false-path exceptions, or max skew assignments found ;
; vga_b[3]    ; No output delay, min/max delays, false-path exceptions, or max skew assignments found ;
; vga_b[4]    ; No output delay, min/max delays, false-path exceptions, or max skew assignments found ;
; vga_b[5]    ; No output delay, min/max delays, false-path exceptions, or max skew assignments found ;
; vga_b[6]    ; No output delay, min/max delays, false-path exceptions, or max skew assignments found ;
; vga_b[7]    ; No output delay, min/max delays, false-path exceptions, or max skew assignments found ;
; vga_blank_n ; No output delay, min/max delays, false-path exceptions, or max skew assignments found ;
; vga_clk     ; No output delay, min/max delays, false-path exceptions, or max skew assignments found ;
; vga_g[0]    ; No output delay, min/max delays, false-path exceptions, or max skew assignments found ;
; vga_hs      ; No output delay, min/max delays, false-path exceptions, or max skew assignments found ;
; vga_vs      ; No output delay, min/max delays, false-path exceptions, or max skew assignments found ;
+-------------+---------------------------------------------------------------------------------------+


+---------------------------------------------------------------------------------------------------+
; Unconstrained Input Ports                                                                         ;
+------------+--------------------------------------------------------------------------------------+
; Input Port ; Comment                                                                              ;
+------------+--------------------------------------------------------------------------------------+
; sys_rst_n  ; No input delay, min/max delays, false-path exceptions, or max skew assignments found ;
+------------+--------------------------------------------------------------------------------------+


+-----------------------------------------------------------------------------------------------------+
; Unconstrained Output Ports                                                                          ;
+-------------+---------------------------------------------------------------------------------------+
; Output Port ; Comment                                                                               ;
+-------------+---------------------------------------------------------------------------------------+
; vga_b[0]    ; No output delay, min/max delays, false-path exceptions, or max skew assignments found ;
; vga_b[1]    ; No output delay, min/max delays, false-path exceptions, or max skew assignments found ;
; vga_b[2]    ; No output delay, min/max delays, false-path exceptions, or max skew assignments found ;
; vga_b[3]    ; No output delay, min/max delays, false-path exceptions, or max skew assignments found ;
; vga_b[4]    ; No output delay, min/max delays, false-path exceptions, or max skew assignments found ;
; vga_b[5]    ; No output delay, min/max delays, false-path exceptions, or max skew assignments found ;
; vga_b[6]    ; No output delay, min/max delays, false-path exceptions, or max skew assignments found ;
; vga_b[7]    ; No output delay, min/max delays, false-path exceptions, or max skew assignments found ;
; vga_blank_n ; No output delay, min/max delays, false-path exceptions, or max skew assignments found ;
; vga_clk     ; No output delay, min/max delays, false-path exceptions, or max skew assignments found ;
; vga_g[0]    ; No output delay, min/max delays, false-path exceptions, or max skew assignments found ;
; vga_hs      ; No output delay, min/max delays, false-path exceptions, or max skew assignments found ;
; vga_vs      ; No output delay, min/max delays, false-path exceptions, or max skew assignments found ;
+-------------+---------------------------------------------------------------------------------------+


+--------------------------+
; Timing Analyzer Messages ;
+--------------------------+
Info: *******************************************************************
Info: Running Quartus Prime Timing Analyzer
    Info: Version 18.0.0 Build 614 04/24/2018 SJ Standard Edition
    Info: Processing started: Mon Dec 01 16:43:09 2025
Info: Command: quartus_sta VGA1 -c VGA1
Info: qsta_default_script.tcl version: #2
Warning (18236): Number of processors has not been specified which may cause overloading on shared machines.  Set the global assignment NUM_PARALLEL_PROCESSORS in your QSF to an appropriate value for best performance.
Info (20030): Parallel compilation is enabled and will use 16 of the 16 processors detected
Info (21077): Low junction temperature is 0 degrees C
Info (21077): High junction temperature is 85 degrees C
Critical Warning (332012): Synopsys Design Constraints File file not found: 'VGA1.sdc'. A Synopsys Design Constraints File is required by the Timing Analyzer to get proper timing constraints. Without it, the Compiler will not properly optimize the design.
Info (332142): No user constrained generated clocks found in the design. Calling "derive_pll_clocks -create_base_clocks"
Info (332110): Deriving PLL clocks
    Info (332110): create_clock -period 20.000 -waveform {0.000 10.000} -name sys_clk sys_clk
    Info (332110): create_generated_clock -source {u_pll|altpll_component|auto_generated|pll1|inclk[0]} -divide_by 147 -multiply_by 74 -duty_cycle 50.00 -name {u_pll|altpll_component|auto_generated|pll1|clk[0]} {u_pll|altpll_component|auto_generated|pll1|clk[0]}
Info (332142): No user constrained base clocks found in the design. Calling "derive_clocks -period 1.0"
Info (332096): The command derive_clocks did not find any clocks to derive.  No clocks were created or changed.
Info (332143): No user constrained clock uncertainty found in the design. Calling "derive_clock_uncertainty"
Info (332123): Deriving Clock Uncertainty. Please refer to report_sdc in the Timing Analyzer to see clock uncertainties.
Info: Found TIMING_ANALYZER_REPORT_SCRIPT_INCLUDE_DEFAULT_ANALYSIS = ON
Info: Analyzing Slow 1200mV 85C Model
Info (332146): Worst-case setup slack is 33.750
    Info (332119):     Slack       End Point TNS Clock 
    Info (332119): ========= =================== =====================
    Info (332119):    33.750               0.000 u_pll|altpll_component|auto_generated|pll1|clk[0] 
Info (332146): Worst-case hold slack is 0.617
    Info (332119):     Slack       End Point TNS Clock 
    Info (332119): ========= =================== =====================
    Info (332119):     0.617               0.000 u_pll|altpll_component|auto_generated|pll1|clk[0] 
Info (332140): No Recovery paths to report
Info (332140): No Removal paths to report
Info (332146): Worst-case minimum pulse width slack is 9.891
    Info (332119):     Slack       End Point TNS Clock 
    Info (332119): ========= =================== =====================
    Info (332119):     9.891               0.000 sys_clk 
    Info (332119):    19.574               0.000 u_pll|altpll_component|auto_generated|pll1|clk[0] 
Info: Analyzing Slow 1200mV 0C Model
Info (334003): Started post-fitting delay annotation
Info (334004): Delay annotation completed successfully
Info (332123): Deriving Clock Uncertainty. Please refer to report_sdc in the Timing Analyzer to see clock uncertainties.
Info (332146): Worst-case setup slack is 34.392
    Info (332119):     Slack       End Point TNS Clock 
    Info (332119): ========= =================== =====================
    Info (332119):    34.392               0.000 u_pll|altpll_component|auto_generated|pll1|clk[0] 
Info (332146): Worst-case hold slack is 0.573
    Info (332119):     Slack       End Point TNS Clock 
    Info (332119): ========= =================== =====================
    Info (332119):     0.573               0.000 u_pll|altpll_component|auto_generated|pll1|clk[0] 
Info (332140): No Recovery paths to report
Info (332140): No Removal paths to report
Info (332146): Worst-case minimum pulse width slack is 9.887
    Info (332119):     Slack       End Point TNS Clock 
    Info (332119): ========= =================== =====================
    Info (332119):     9.887               0.000 sys_clk 
    Info (332119):    19.575               0.000 u_pll|altpll_component|auto_generated|pll1|clk[0] 
Info: Analyzing Fast 1200mV 0C Model
Info (332123): Deriving Clock Uncertainty. Please refer to report_sdc in the Timing Analyzer to see clock uncertainties.
Info (332146): Worst-case setup slack is 36.764
    Info (332119):     Slack       End Point TNS Clock 
    Info (332119): ========= =================== =====================
    Info (332119):    36.764               0.000 u_pll|altpll_component|auto_generated|pll1|clk[0] 
Info (332146): Worst-case hold slack is 0.277
    Info (332119):     Slack       End Point TNS Clock 
    Info (332119): ========= =================== =====================
    Info (332119):     0.277               0.000 u_pll|altpll_component|auto_generated|pll1|clk[0] 
Info (332140): No Recovery paths to report
Info (332140): No Removal paths to report
Info (332146): Worst-case minimum pulse width slack is 9.574
    Info (332119):     Slack       End Point TNS Clock 
    Info (332119): ========= =================== =====================
    Info (332119):     9.574               0.000 sys_clk 
    Info (332119):    19.646               0.000 u_pll|altpll_component|auto_generated|pll1|clk[0] 
Info (332102): Design is not fully constrained for setup requirements
Info (332102): Design is not fully constrained for hold requirements
Info: Quartus Prime Timing Analyzer was successful. 0 errors, 2 warnings
    Info: Peak virtual memory: 4996 megabytes
    Info: Processing ended: Mon Dec 01 16:43:11 2025
    Info: Elapsed time: 00:00:02
    Info: Total CPU time (on all processors): 00:00:01


