Timing Analyzer report for IIC
Sun Dec 21 19:09:52 2025
Quartus Prime Version 18.0.0 Build 614 04/24/2018 SJ Standard Edition


---------------------
; Table of Contents ;
---------------------
  1. Legal Notice
  2. Timing Analyzer Summary
  3. Parallel Compilation
  4. Clocks
  5. Slow 1200mV 85C Model Fmax Summary
  6. Timing Closure Recommendations
  7. Slow 1200mV 85C Model Setup Summary
  8. Slow 1200mV 85C Model Hold Summary
  9. Slow 1200mV 85C Model Recovery Summary
 10. Slow 1200mV 85C Model Removal Summary
 11. Slow 1200mV 85C Model Minimum Pulse Width Summary
 12. Slow 1200mV 85C Model Setup: 'clk'
 13. Slow 1200mV 85C Model Hold: 'clk'
 14. Slow 1200mV 85C Model Metastability Summary
 15. Slow 1200mV 0C Model Fmax Summary
 16. Slow 1200mV 0C Model Setup Summary
 17. Slow 1200mV 0C Model Hold Summary
 18. Slow 1200mV 0C Model Recovery Summary
 19. Slow 1200mV 0C Model Removal Summary
 20. Slow 1200mV 0C Model Minimum Pulse Width Summary
 21. Slow 1200mV 0C Model Setup: 'clk'
 22. Slow 1200mV 0C Model Hold: 'clk'
 23. Slow 1200mV 0C Model Metastability Summary
 24. Fast 1200mV 0C Model Setup Summary
 25. Fast 1200mV 0C Model Hold Summary
 26. Fast 1200mV 0C Model Recovery Summary
 27. Fast 1200mV 0C Model Removal Summary
 28. Fast 1200mV 0C Model Minimum Pulse Width Summary
 29. Fast 1200mV 0C Model Setup: 'clk'
 30. Fast 1200mV 0C Model Hold: 'clk'
 31. Fast 1200mV 0C Model Metastability Summary
 32. Multicorner Timing Analysis Summary
 33. Board Trace Model Assignments
 34. Input Transition Times
 35. Signal Integrity Metrics (Slow 1200mv 0c Model)
 36. Signal Integrity Metrics (Slow 1200mv 85c Model)
 37. Signal Integrity Metrics (Fast 1200mv 0c Model)
 38. Setup Transfers
 39. Hold Transfers
 40. Report TCCS
 41. Report RSKM
 42. Unconstrained Paths Summary
 43. Clock Status Summary
 44. Unconstrained Input Ports
 45. Unconstrained Output Ports
 46. Unconstrained Input Ports
 47. Unconstrained Output Ports
 48. Timing Analyzer Messages



----------------
; Legal Notice ;
----------------
Copyright (C) 2018  Intel Corporation. All rights reserved.
Your use of Intel Corporation's design tools, logic functions 
and other software and tools, and its AMPP partner logic 
functions, and any output files from any of the foregoing 
(including device programming or simulation files), and any 
associated documentation or information are expressly subject 
to the terms and conditions of the Intel Program License 
Subscription Agreement, the Intel Quartus Prime License Agreement,
the Intel FPGA IP License Agreement, or other applicable license
agreement, including, without limitation, that your use is for
the sole purpose of programming logic devices manufactured by
Intel and sold by Intel or its authorized distributors.  Please
refer to the applicable agreement for further details.



+---------------------------------------------------------------------------------+
; Timing Analyzer Summary                                                         ;
+-----------------------+---------------------------------------------------------+
; Quartus Prime Version ; Version 18.0.0 Build 614 04/24/2018 SJ Standard Edition ;
; Timing Analyzer       ; Legacy Timing Analyzer                                  ;
; Revision Name         ; IIC                                                     ;
; Device Family         ; Cyclone IV E                                            ;
; Device Name           ; EP4CE115F29C7                                           ;
; Timing Models         ; Final                                                   ;
; Delay Model           ; Combined                                                ;
; Rise/Fall Delays      ; Enabled                                                 ;
+-----------------------+---------------------------------------------------------+


+------------------------------------------+
; Parallel Compilation                     ;
+----------------------------+-------------+
; Processors                 ; Number      ;
+----------------------------+-------------+
; Number detected on machine ; 24          ;
; Maximum allowed            ; 16          ;
;                            ;             ;
; Average used               ; 1.07        ;
; Maximum used               ; 16          ;
;                            ;             ;
; Usage by Processor         ; % Time Used ;
;     Processor 1            ; 100.0%      ;
;     Processor 2            ;   0.5%      ;
;     Processors 3-16        ;   0.4%      ;
+----------------------------+-------------+


+---------------------------------------------------------------------------------------------------------------------------------------------------------------------------------+
; Clocks                                                                                                                                                                          ;
+------------+------+--------+------------+-------+-------+------------+-----------+-------------+-------+--------+-----------+------------+----------+--------+--------+---------+
; Clock Name ; Type ; Period ; Frequency  ; Rise  ; Fall  ; Duty Cycle ; Divide by ; Multiply by ; Phase ; Offset ; Edge List ; Edge Shift ; Inverted ; Master ; Source ; Targets ;
+------------+------+--------+------------+-------+-------+------------+-----------+-------------+-------+--------+-----------+------------+----------+--------+--------+---------+
; clk        ; Base ; 1.000  ; 1000.0 MHz ; 0.000 ; 0.500 ;            ;           ;             ;       ;        ;           ;            ;          ;        ;        ; { clk } ;
+------------+------+--------+------------+-------+-------+------------+-----------+-------------+-------+--------+-----------+------------+----------+--------+--------+---------+


+--------------------------------------------------+
; Slow 1200mV 85C Model Fmax Summary               ;
+------------+-----------------+------------+------+
; Fmax       ; Restricted Fmax ; Clock Name ; Note ;
+------------+-----------------+------------+------+
; 235.85 MHz ; 235.85 MHz      ; clk        ;      ;
+------------+-----------------+------------+------+
This panel reports FMAX for every clock in the design, regardless of the user-specified clock periods.  FMAX is only computed for paths where the source and destination registers or ports are driven by the same clock.  Paths of different clocks, including generated clocks, are ignored.  For paths between a clock and its inversion, FMAX is computed as if the rising and falling edges are scaled along with FMAX, such that the duty cycle (in terms of a percentage) is maintained. Altera recommends that you always use clock constraints and other slack reports for sign-off analysis.


----------------------------------
; Timing Closure Recommendations ;
----------------------------------
HTML report is unavailable in plain text report export.


+-------------------------------------+
; Slow 1200mV 85C Model Setup Summary ;
+-------+--------+--------------------+
; Clock ; Slack  ; End Point TNS      ;
+-------+--------+--------------------+
; clk   ; -3.240 ; -292.910           ;
+-------+--------+--------------------+


+------------------------------------+
; Slow 1200mV 85C Model Hold Summary ;
+-------+-------+--------------------+
; Clock ; Slack ; End Point TNS      ;
+-------+-------+--------------------+
; clk   ; 0.386 ; 0.000              ;
+-------+-------+--------------------+


------------------------------------------
; Slow 1200mV 85C Model Recovery Summary ;
------------------------------------------
No paths to report.


-----------------------------------------
; Slow 1200mV 85C Model Removal Summary ;
-----------------------------------------
No paths to report.


+---------------------------------------------------+
; Slow 1200mV 85C Model Minimum Pulse Width Summary ;
+-------+--------+----------------------------------+
; Clock ; Slack  ; End Point TNS                    ;
+-------+--------+----------------------------------+
; clk   ; -3.000 ; -166.195                         ;
+-------+--------+----------------------------------+


+----------------------------------------------------------------------------------------------------------------------------------------------------------------+
; Slow 1200mV 85C Model Setup: 'clk'                                                                                                                             ;
+--------+----------------------------------------+----------------------------------------+--------------+-------------+--------------+------------+------------+
; Slack  ; From Node                              ; To Node                                ; Launch Clock ; Latch Clock ; Relationship ; Clock Skew ; Data Delay ;
+--------+----------------------------------------+----------------------------------------+--------------+-------------+--------------+------------+------------+
; -3.240 ; oled_app_ctrl:u_oled_app|delay_cnt[21] ; oled_app_ctrl:u_oled_app|state.INIT    ; clk          ; clk         ; 1.000        ; -0.087     ; 4.151      ;
; -3.209 ; oled_app_ctrl:u_oled_app|delay_cnt[21] ; oled_app_ctrl:u_oled_app|state.CLEAR   ; clk          ; clk         ; 1.000        ; -0.087     ; 4.120      ;
; -3.188 ; oled_app_ctrl:u_oled_app|delay_cnt[21] ; oled_app_ctrl:u_oled_app|delay_cnt[31] ; clk          ; clk         ; 1.000        ; -0.080     ; 4.106      ;
; -3.188 ; oled_app_ctrl:u_oled_app|delay_cnt[21] ; oled_app_ctrl:u_oled_app|delay_cnt[22] ; clk          ; clk         ; 1.000        ; -0.080     ; 4.106      ;
; -3.188 ; oled_app_ctrl:u_oled_app|delay_cnt[21] ; oled_app_ctrl:u_oled_app|delay_cnt[16] ; clk          ; clk         ; 1.000        ; -0.080     ; 4.106      ;
; -3.188 ; oled_app_ctrl:u_oled_app|delay_cnt[21] ; oled_app_ctrl:u_oled_app|delay_cnt[18] ; clk          ; clk         ; 1.000        ; -0.080     ; 4.106      ;
; -3.188 ; oled_app_ctrl:u_oled_app|delay_cnt[21] ; oled_app_ctrl:u_oled_app|delay_cnt[19] ; clk          ; clk         ; 1.000        ; -0.080     ; 4.106      ;
; -3.188 ; oled_app_ctrl:u_oled_app|delay_cnt[21] ; oled_app_ctrl:u_oled_app|delay_cnt[20] ; clk          ; clk         ; 1.000        ; -0.080     ; 4.106      ;
; -3.188 ; oled_app_ctrl:u_oled_app|delay_cnt[21] ; oled_app_ctrl:u_oled_app|delay_cnt[21] ; clk          ; clk         ; 1.000        ; -0.080     ; 4.106      ;
; -3.188 ; oled_app_ctrl:u_oled_app|delay_cnt[21] ; oled_app_ctrl:u_oled_app|delay_cnt[25] ; clk          ; clk         ; 1.000        ; -0.080     ; 4.106      ;
; -3.188 ; oled_app_ctrl:u_oled_app|delay_cnt[21] ; oled_app_ctrl:u_oled_app|delay_cnt[23] ; clk          ; clk         ; 1.000        ; -0.080     ; 4.106      ;
; -3.188 ; oled_app_ctrl:u_oled_app|delay_cnt[21] ; oled_app_ctrl:u_oled_app|delay_cnt[24] ; clk          ; clk         ; 1.000        ; -0.080     ; 4.106      ;
; -3.188 ; oled_app_ctrl:u_oled_app|delay_cnt[21] ; oled_app_ctrl:u_oled_app|delay_cnt[26] ; clk          ; clk         ; 1.000        ; -0.080     ; 4.106      ;
; -3.188 ; oled_app_ctrl:u_oled_app|delay_cnt[21] ; oled_app_ctrl:u_oled_app|delay_cnt[27] ; clk          ; clk         ; 1.000        ; -0.080     ; 4.106      ;
; -3.188 ; oled_app_ctrl:u_oled_app|delay_cnt[21] ; oled_app_ctrl:u_oled_app|delay_cnt[29] ; clk          ; clk         ; 1.000        ; -0.080     ; 4.106      ;
; -3.188 ; oled_app_ctrl:u_oled_app|delay_cnt[21] ; oled_app_ctrl:u_oled_app|delay_cnt[28] ; clk          ; clk         ; 1.000        ; -0.080     ; 4.106      ;
; -3.188 ; oled_app_ctrl:u_oled_app|delay_cnt[21] ; oled_app_ctrl:u_oled_app|delay_cnt[30] ; clk          ; clk         ; 1.000        ; -0.080     ; 4.106      ;
; -3.173 ; oled_app_ctrl:u_oled_app|delay_cnt[20] ; oled_app_ctrl:u_oled_app|state.INIT    ; clk          ; clk         ; 1.000        ; -0.087     ; 4.084      ;
; -3.156 ; oled_app_ctrl:u_oled_app|delay_cnt[19] ; oled_app_ctrl:u_oled_app|state.INIT    ; clk          ; clk         ; 1.000        ; -0.087     ; 4.067      ;
; -3.142 ; oled_app_ctrl:u_oled_app|delay_cnt[20] ; oled_app_ctrl:u_oled_app|state.CLEAR   ; clk          ; clk         ; 1.000        ; -0.087     ; 4.053      ;
; -3.125 ; oled_app_ctrl:u_oled_app|delay_cnt[19] ; oled_app_ctrl:u_oled_app|state.CLEAR   ; clk          ; clk         ; 1.000        ; -0.087     ; 4.036      ;
; -3.121 ; oled_app_ctrl:u_oled_app|delay_cnt[20] ; oled_app_ctrl:u_oled_app|delay_cnt[31] ; clk          ; clk         ; 1.000        ; -0.080     ; 4.039      ;
; -3.121 ; oled_app_ctrl:u_oled_app|delay_cnt[20] ; oled_app_ctrl:u_oled_app|delay_cnt[22] ; clk          ; clk         ; 1.000        ; -0.080     ; 4.039      ;
; -3.121 ; oled_app_ctrl:u_oled_app|delay_cnt[20] ; oled_app_ctrl:u_oled_app|delay_cnt[16] ; clk          ; clk         ; 1.000        ; -0.080     ; 4.039      ;
; -3.121 ; oled_app_ctrl:u_oled_app|delay_cnt[20] ; oled_app_ctrl:u_oled_app|delay_cnt[18] ; clk          ; clk         ; 1.000        ; -0.080     ; 4.039      ;
; -3.121 ; oled_app_ctrl:u_oled_app|delay_cnt[20] ; oled_app_ctrl:u_oled_app|delay_cnt[19] ; clk          ; clk         ; 1.000        ; -0.080     ; 4.039      ;
; -3.121 ; oled_app_ctrl:u_oled_app|delay_cnt[20] ; oled_app_ctrl:u_oled_app|delay_cnt[20] ; clk          ; clk         ; 1.000        ; -0.080     ; 4.039      ;
; -3.121 ; oled_app_ctrl:u_oled_app|delay_cnt[20] ; oled_app_ctrl:u_oled_app|delay_cnt[21] ; clk          ; clk         ; 1.000        ; -0.080     ; 4.039      ;
; -3.121 ; oled_app_ctrl:u_oled_app|delay_cnt[20] ; oled_app_ctrl:u_oled_app|delay_cnt[25] ; clk          ; clk         ; 1.000        ; -0.080     ; 4.039      ;
; -3.121 ; oled_app_ctrl:u_oled_app|delay_cnt[20] ; oled_app_ctrl:u_oled_app|delay_cnt[23] ; clk          ; clk         ; 1.000        ; -0.080     ; 4.039      ;
; -3.121 ; oled_app_ctrl:u_oled_app|delay_cnt[20] ; oled_app_ctrl:u_oled_app|delay_cnt[24] ; clk          ; clk         ; 1.000        ; -0.080     ; 4.039      ;
; -3.121 ; oled_app_ctrl:u_oled_app|delay_cnt[20] ; oled_app_ctrl:u_oled_app|delay_cnt[26] ; clk          ; clk         ; 1.000        ; -0.080     ; 4.039      ;
; -3.121 ; oled_app_ctrl:u_oled_app|delay_cnt[20] ; oled_app_ctrl:u_oled_app|delay_cnt[27] ; clk          ; clk         ; 1.000        ; -0.080     ; 4.039      ;
; -3.121 ; oled_app_ctrl:u_oled_app|delay_cnt[20] ; oled_app_ctrl:u_oled_app|delay_cnt[29] ; clk          ; clk         ; 1.000        ; -0.080     ; 4.039      ;
; -3.121 ; oled_app_ctrl:u_oled_app|delay_cnt[20] ; oled_app_ctrl:u_oled_app|delay_cnt[28] ; clk          ; clk         ; 1.000        ; -0.080     ; 4.039      ;
; -3.121 ; oled_app_ctrl:u_oled_app|delay_cnt[20] ; oled_app_ctrl:u_oled_app|delay_cnt[30] ; clk          ; clk         ; 1.000        ; -0.080     ; 4.039      ;
; -3.104 ; oled_app_ctrl:u_oled_app|delay_cnt[19] ; oled_app_ctrl:u_oled_app|delay_cnt[31] ; clk          ; clk         ; 1.000        ; -0.080     ; 4.022      ;
; -3.104 ; oled_app_ctrl:u_oled_app|delay_cnt[19] ; oled_app_ctrl:u_oled_app|delay_cnt[22] ; clk          ; clk         ; 1.000        ; -0.080     ; 4.022      ;
; -3.104 ; oled_app_ctrl:u_oled_app|delay_cnt[19] ; oled_app_ctrl:u_oled_app|delay_cnt[16] ; clk          ; clk         ; 1.000        ; -0.080     ; 4.022      ;
; -3.104 ; oled_app_ctrl:u_oled_app|delay_cnt[19] ; oled_app_ctrl:u_oled_app|delay_cnt[18] ; clk          ; clk         ; 1.000        ; -0.080     ; 4.022      ;
; -3.104 ; oled_app_ctrl:u_oled_app|delay_cnt[19] ; oled_app_ctrl:u_oled_app|delay_cnt[19] ; clk          ; clk         ; 1.000        ; -0.080     ; 4.022      ;
; -3.104 ; oled_app_ctrl:u_oled_app|delay_cnt[19] ; oled_app_ctrl:u_oled_app|delay_cnt[20] ; clk          ; clk         ; 1.000        ; -0.080     ; 4.022      ;
; -3.104 ; oled_app_ctrl:u_oled_app|delay_cnt[19] ; oled_app_ctrl:u_oled_app|delay_cnt[21] ; clk          ; clk         ; 1.000        ; -0.080     ; 4.022      ;
; -3.104 ; oled_app_ctrl:u_oled_app|delay_cnt[19] ; oled_app_ctrl:u_oled_app|delay_cnt[25] ; clk          ; clk         ; 1.000        ; -0.080     ; 4.022      ;
; -3.104 ; oled_app_ctrl:u_oled_app|delay_cnt[19] ; oled_app_ctrl:u_oled_app|delay_cnt[23] ; clk          ; clk         ; 1.000        ; -0.080     ; 4.022      ;
; -3.104 ; oled_app_ctrl:u_oled_app|delay_cnt[19] ; oled_app_ctrl:u_oled_app|delay_cnt[24] ; clk          ; clk         ; 1.000        ; -0.080     ; 4.022      ;
; -3.104 ; oled_app_ctrl:u_oled_app|delay_cnt[19] ; oled_app_ctrl:u_oled_app|delay_cnt[26] ; clk          ; clk         ; 1.000        ; -0.080     ; 4.022      ;
; -3.104 ; oled_app_ctrl:u_oled_app|delay_cnt[19] ; oled_app_ctrl:u_oled_app|delay_cnt[27] ; clk          ; clk         ; 1.000        ; -0.080     ; 4.022      ;
; -3.104 ; oled_app_ctrl:u_oled_app|delay_cnt[19] ; oled_app_ctrl:u_oled_app|delay_cnt[29] ; clk          ; clk         ; 1.000        ; -0.080     ; 4.022      ;
; -3.104 ; oled_app_ctrl:u_oled_app|delay_cnt[19] ; oled_app_ctrl:u_oled_app|delay_cnt[28] ; clk          ; clk         ; 1.000        ; -0.080     ; 4.022      ;
; -3.104 ; oled_app_ctrl:u_oled_app|delay_cnt[19] ; oled_app_ctrl:u_oled_app|delay_cnt[30] ; clk          ; clk         ; 1.000        ; -0.080     ; 4.022      ;
; -3.061 ; oled_app_ctrl:u_oled_app|delay_cnt[12] ; oled_app_ctrl:u_oled_app|state.INIT    ; clk          ; clk         ; 1.000        ; -0.085     ; 3.974      ;
; -3.044 ; oled_app_ctrl:u_oled_app|delay_cnt[21] ; oled_app_ctrl:u_oled_app|state.IDLE    ; clk          ; clk         ; 1.000        ; -0.087     ; 3.955      ;
; -3.030 ; oled_app_ctrl:u_oled_app|delay_cnt[12] ; oled_app_ctrl:u_oled_app|state.CLEAR   ; clk          ; clk         ; 1.000        ; -0.085     ; 3.943      ;
; -3.025 ; oled_app_ctrl:u_oled_app|delay_cnt[15] ; oled_app_ctrl:u_oled_app|state.INIT    ; clk          ; clk         ; 1.000        ; -0.085     ; 3.938      ;
; -3.020 ; oled_app_ctrl:u_oled_app|delay_cnt[23] ; oled_app_ctrl:u_oled_app|state.INIT    ; clk          ; clk         ; 1.000        ; -0.087     ; 3.931      ;
; -3.010 ; oled_app_ctrl:u_oled_app|delay_cnt[13] ; oled_app_ctrl:u_oled_app|state.INIT    ; clk          ; clk         ; 1.000        ; -0.085     ; 3.923      ;
; -3.009 ; oled_app_ctrl:u_oled_app|delay_cnt[12] ; oled_app_ctrl:u_oled_app|delay_cnt[31] ; clk          ; clk         ; 1.000        ; -0.078     ; 3.929      ;
; -3.009 ; oled_app_ctrl:u_oled_app|delay_cnt[12] ; oled_app_ctrl:u_oled_app|delay_cnt[22] ; clk          ; clk         ; 1.000        ; -0.078     ; 3.929      ;
; -3.009 ; oled_app_ctrl:u_oled_app|delay_cnt[12] ; oled_app_ctrl:u_oled_app|delay_cnt[16] ; clk          ; clk         ; 1.000        ; -0.078     ; 3.929      ;
; -3.009 ; oled_app_ctrl:u_oled_app|delay_cnt[12] ; oled_app_ctrl:u_oled_app|delay_cnt[18] ; clk          ; clk         ; 1.000        ; -0.078     ; 3.929      ;
; -3.009 ; oled_app_ctrl:u_oled_app|delay_cnt[12] ; oled_app_ctrl:u_oled_app|delay_cnt[19] ; clk          ; clk         ; 1.000        ; -0.078     ; 3.929      ;
; -3.009 ; oled_app_ctrl:u_oled_app|delay_cnt[12] ; oled_app_ctrl:u_oled_app|delay_cnt[20] ; clk          ; clk         ; 1.000        ; -0.078     ; 3.929      ;
; -3.009 ; oled_app_ctrl:u_oled_app|delay_cnt[12] ; oled_app_ctrl:u_oled_app|delay_cnt[21] ; clk          ; clk         ; 1.000        ; -0.078     ; 3.929      ;
; -3.009 ; oled_app_ctrl:u_oled_app|delay_cnt[12] ; oled_app_ctrl:u_oled_app|delay_cnt[25] ; clk          ; clk         ; 1.000        ; -0.078     ; 3.929      ;
; -3.009 ; oled_app_ctrl:u_oled_app|delay_cnt[12] ; oled_app_ctrl:u_oled_app|delay_cnt[23] ; clk          ; clk         ; 1.000        ; -0.078     ; 3.929      ;
; -3.009 ; oled_app_ctrl:u_oled_app|delay_cnt[12] ; oled_app_ctrl:u_oled_app|delay_cnt[24] ; clk          ; clk         ; 1.000        ; -0.078     ; 3.929      ;
; -3.009 ; oled_app_ctrl:u_oled_app|delay_cnt[12] ; oled_app_ctrl:u_oled_app|delay_cnt[26] ; clk          ; clk         ; 1.000        ; -0.078     ; 3.929      ;
; -3.009 ; oled_app_ctrl:u_oled_app|delay_cnt[12] ; oled_app_ctrl:u_oled_app|delay_cnt[27] ; clk          ; clk         ; 1.000        ; -0.078     ; 3.929      ;
; -3.009 ; oled_app_ctrl:u_oled_app|delay_cnt[12] ; oled_app_ctrl:u_oled_app|delay_cnt[29] ; clk          ; clk         ; 1.000        ; -0.078     ; 3.929      ;
; -3.009 ; oled_app_ctrl:u_oled_app|delay_cnt[12] ; oled_app_ctrl:u_oled_app|delay_cnt[28] ; clk          ; clk         ; 1.000        ; -0.078     ; 3.929      ;
; -3.009 ; oled_app_ctrl:u_oled_app|delay_cnt[12] ; oled_app_ctrl:u_oled_app|delay_cnt[30] ; clk          ; clk         ; 1.000        ; -0.078     ; 3.929      ;
; -2.994 ; oled_app_ctrl:u_oled_app|delay_cnt[15] ; oled_app_ctrl:u_oled_app|state.CLEAR   ; clk          ; clk         ; 1.000        ; -0.085     ; 3.907      ;
; -2.989 ; oled_app_ctrl:u_oled_app|delay_cnt[23] ; oled_app_ctrl:u_oled_app|state.CLEAR   ; clk          ; clk         ; 1.000        ; -0.087     ; 3.900      ;
; -2.979 ; oled_app_ctrl:u_oled_app|delay_cnt[13] ; oled_app_ctrl:u_oled_app|state.CLEAR   ; clk          ; clk         ; 1.000        ; -0.085     ; 3.892      ;
; -2.977 ; oled_app_ctrl:u_oled_app|delay_cnt[20] ; oled_app_ctrl:u_oled_app|state.IDLE    ; clk          ; clk         ; 1.000        ; -0.087     ; 3.888      ;
; -2.973 ; oled_app_ctrl:u_oled_app|delay_cnt[15] ; oled_app_ctrl:u_oled_app|delay_cnt[31] ; clk          ; clk         ; 1.000        ; -0.078     ; 3.893      ;
; -2.973 ; oled_app_ctrl:u_oled_app|delay_cnt[15] ; oled_app_ctrl:u_oled_app|delay_cnt[22] ; clk          ; clk         ; 1.000        ; -0.078     ; 3.893      ;
; -2.973 ; oled_app_ctrl:u_oled_app|delay_cnt[15] ; oled_app_ctrl:u_oled_app|delay_cnt[16] ; clk          ; clk         ; 1.000        ; -0.078     ; 3.893      ;
; -2.973 ; oled_app_ctrl:u_oled_app|delay_cnt[15] ; oled_app_ctrl:u_oled_app|delay_cnt[18] ; clk          ; clk         ; 1.000        ; -0.078     ; 3.893      ;
; -2.973 ; oled_app_ctrl:u_oled_app|delay_cnt[15] ; oled_app_ctrl:u_oled_app|delay_cnt[19] ; clk          ; clk         ; 1.000        ; -0.078     ; 3.893      ;
; -2.973 ; oled_app_ctrl:u_oled_app|delay_cnt[15] ; oled_app_ctrl:u_oled_app|delay_cnt[20] ; clk          ; clk         ; 1.000        ; -0.078     ; 3.893      ;
; -2.973 ; oled_app_ctrl:u_oled_app|delay_cnt[15] ; oled_app_ctrl:u_oled_app|delay_cnt[21] ; clk          ; clk         ; 1.000        ; -0.078     ; 3.893      ;
; -2.973 ; oled_app_ctrl:u_oled_app|delay_cnt[15] ; oled_app_ctrl:u_oled_app|delay_cnt[25] ; clk          ; clk         ; 1.000        ; -0.078     ; 3.893      ;
; -2.973 ; oled_app_ctrl:u_oled_app|delay_cnt[15] ; oled_app_ctrl:u_oled_app|delay_cnt[23] ; clk          ; clk         ; 1.000        ; -0.078     ; 3.893      ;
; -2.973 ; oled_app_ctrl:u_oled_app|delay_cnt[15] ; oled_app_ctrl:u_oled_app|delay_cnt[24] ; clk          ; clk         ; 1.000        ; -0.078     ; 3.893      ;
; -2.973 ; oled_app_ctrl:u_oled_app|delay_cnt[15] ; oled_app_ctrl:u_oled_app|delay_cnt[26] ; clk          ; clk         ; 1.000        ; -0.078     ; 3.893      ;
; -2.973 ; oled_app_ctrl:u_oled_app|delay_cnt[15] ; oled_app_ctrl:u_oled_app|delay_cnt[27] ; clk          ; clk         ; 1.000        ; -0.078     ; 3.893      ;
; -2.973 ; oled_app_ctrl:u_oled_app|delay_cnt[15] ; oled_app_ctrl:u_oled_app|delay_cnt[29] ; clk          ; clk         ; 1.000        ; -0.078     ; 3.893      ;
; -2.973 ; oled_app_ctrl:u_oled_app|delay_cnt[15] ; oled_app_ctrl:u_oled_app|delay_cnt[28] ; clk          ; clk         ; 1.000        ; -0.078     ; 3.893      ;
; -2.973 ; oled_app_ctrl:u_oled_app|delay_cnt[15] ; oled_app_ctrl:u_oled_app|delay_cnt[30] ; clk          ; clk         ; 1.000        ; -0.078     ; 3.893      ;
; -2.968 ; oled_app_ctrl:u_oled_app|delay_cnt[23] ; oled_app_ctrl:u_oled_app|delay_cnt[31] ; clk          ; clk         ; 1.000        ; -0.080     ; 3.886      ;
; -2.968 ; oled_app_ctrl:u_oled_app|delay_cnt[23] ; oled_app_ctrl:u_oled_app|delay_cnt[22] ; clk          ; clk         ; 1.000        ; -0.080     ; 3.886      ;
; -2.968 ; oled_app_ctrl:u_oled_app|delay_cnt[23] ; oled_app_ctrl:u_oled_app|delay_cnt[16] ; clk          ; clk         ; 1.000        ; -0.080     ; 3.886      ;
; -2.968 ; oled_app_ctrl:u_oled_app|delay_cnt[23] ; oled_app_ctrl:u_oled_app|delay_cnt[18] ; clk          ; clk         ; 1.000        ; -0.080     ; 3.886      ;
; -2.968 ; oled_app_ctrl:u_oled_app|delay_cnt[23] ; oled_app_ctrl:u_oled_app|delay_cnt[19] ; clk          ; clk         ; 1.000        ; -0.080     ; 3.886      ;
; -2.968 ; oled_app_ctrl:u_oled_app|delay_cnt[23] ; oled_app_ctrl:u_oled_app|delay_cnt[20] ; clk          ; clk         ; 1.000        ; -0.080     ; 3.886      ;
; -2.968 ; oled_app_ctrl:u_oled_app|delay_cnt[23] ; oled_app_ctrl:u_oled_app|delay_cnt[21] ; clk          ; clk         ; 1.000        ; -0.080     ; 3.886      ;
; -2.968 ; oled_app_ctrl:u_oled_app|delay_cnt[23] ; oled_app_ctrl:u_oled_app|delay_cnt[25] ; clk          ; clk         ; 1.000        ; -0.080     ; 3.886      ;
; -2.968 ; oled_app_ctrl:u_oled_app|delay_cnt[23] ; oled_app_ctrl:u_oled_app|delay_cnt[23] ; clk          ; clk         ; 1.000        ; -0.080     ; 3.886      ;
+--------+----------------------------------------+----------------------------------------+--------------+-------------+--------------+------------+------------+


+-----------------------------------------------------------------------------------------------------------------------------------------------------------------------------------------------------------------------+
; Slow 1200mV 85C Model Hold: 'clk'                                                                                                                                                                                     ;
+-------+--------------------------------------------------------------------+--------------------------------------------------------------------+--------------+-------------+--------------+------------+------------+
; Slack ; From Node                                                          ; To Node                                                            ; Launch Clock ; Latch Clock ; Relationship ; Clock Skew ; Data Delay ;
+-------+--------------------------------------------------------------------+--------------------------------------------------------------------+--------------+-------------+--------------+------------+------------+
; 0.386 ; i2c_control:u_i2c_ctrl|i2c_bit_shift:i2c_bit_shift|state.WR_DATA   ; i2c_control:u_i2c_ctrl|i2c_bit_shift:i2c_bit_shift|state.WR_DATA   ; clk          ; clk         ; 0.000        ; 0.097      ; 0.669      ;
; 0.386 ; i2c_control:u_i2c_ctrl|i2c_bit_shift:i2c_bit_shift|state.CHECK_ACK ; i2c_control:u_i2c_ctrl|i2c_bit_shift:i2c_bit_shift|state.CHECK_ACK ; clk          ; clk         ; 0.000        ; 0.097      ; 0.669      ;
; 0.386 ; i2c_control:u_i2c_ctrl|i2c_bit_shift:i2c_bit_shift|state.GEN_ACK   ; i2c_control:u_i2c_ctrl|i2c_bit_shift:i2c_bit_shift|state.GEN_ACK   ; clk          ; clk         ; 0.000        ; 0.097      ; 0.669      ;
; 0.386 ; i2c_control:u_i2c_ctrl|i2c_bit_shift:i2c_bit_shift|state.RD_DATA   ; i2c_control:u_i2c_ctrl|i2c_bit_shift:i2c_bit_shift|state.RD_DATA   ; clk          ; clk         ; 0.000        ; 0.097      ; 0.669      ;
; 0.386 ; oled_app_ctrl:u_oled_app|state.TEST_DATA                           ; oled_app_ctrl:u_oled_app|state.TEST_DATA                           ; clk          ; clk         ; 0.000        ; 0.097      ; 0.669      ;
; 0.402 ; i2c_control:u_i2c_ctrl|Cmd[3]                                      ; i2c_control:u_i2c_ctrl|Cmd[3]                                      ; clk          ; clk         ; 0.000        ; 0.081      ; 0.669      ;
; 0.402 ; i2c_control:u_i2c_ctrl|cnt[0]                                      ; i2c_control:u_i2c_ctrl|cnt[0]                                      ; clk          ; clk         ; 0.000        ; 0.081      ; 0.669      ;
; 0.402 ; i2c_control:u_i2c_ctrl|state.WAIT_WR_DONE                          ; i2c_control:u_i2c_ctrl|state.WAIT_WR_DONE                          ; clk          ; clk         ; 0.000        ; 0.081      ; 0.669      ;
; 0.403 ; i2c_control:u_i2c_ctrl|i2c_bit_shift:i2c_bit_shift|state.GEN_STO   ; i2c_control:u_i2c_ctrl|i2c_bit_shift:i2c_bit_shift|state.GEN_STO   ; clk          ; clk         ; 0.000        ; 0.080      ; 0.669      ;
; 0.403 ; i2c_control:u_i2c_ctrl|i2c_bit_shift:i2c_bit_shift|state.GEN_STA   ; i2c_control:u_i2c_ctrl|i2c_bit_shift:i2c_bit_shift|state.GEN_STA   ; clk          ; clk         ; 0.000        ; 0.080      ; 0.669      ;
; 0.403 ; i2c_control:u_i2c_ctrl|i2c_bit_shift:i2c_bit_shift|en_div_cnt      ; i2c_control:u_i2c_ctrl|i2c_bit_shift:i2c_bit_shift|en_div_cnt      ; clk          ; clk         ; 0.000        ; 0.080      ; 0.669      ;
; 0.403 ; i2c_control:u_i2c_ctrl|state.WAIT_RD_DONE                          ; i2c_control:u_i2c_ctrl|state.WAIT_RD_DONE                          ; clk          ; clk         ; 0.000        ; 0.080      ; 0.669      ;
; 0.403 ; oled_app_ctrl:u_oled_app|state.INIT                                ; oled_app_ctrl:u_oled_app|state.INIT                                ; clk          ; clk         ; 0.000        ; 0.080      ; 0.669      ;
; 0.403 ; oled_app_ctrl:u_oled_app|state.CLEAR                               ; oled_app_ctrl:u_oled_app|state.CLEAR                               ; clk          ; clk         ; 0.000        ; 0.080      ; 0.669      ;
; 0.403 ; oled_app_ctrl:u_oled_app|state.IDLE                                ; oled_app_ctrl:u_oled_app|state.IDLE                                ; clk          ; clk         ; 0.000        ; 0.080      ; 0.669      ;
; 0.403 ; oled_app_ctrl:u_oled_app|state.DONE                                ; oled_app_ctrl:u_oled_app|state.DONE                                ; clk          ; clk         ; 0.000        ; 0.080      ; 0.669      ;
; 0.403 ; oled_app_ctrl:u_oled_app|clear_cnt[0]                              ; oled_app_ctrl:u_oled_app|clear_cnt[0]                              ; clk          ; clk         ; 0.000        ; 0.080      ; 0.669      ;
; 0.403 ; i2c_control:u_i2c_ctrl|RW_Done                                     ; i2c_control:u_i2c_ctrl|RW_Done                                     ; clk          ; clk         ; 0.000        ; 0.080      ; 0.669      ;
; 0.428 ; i2c_control:u_i2c_ctrl|i2c_bit_shift:i2c_bit_shift|div_cnt[19]     ; i2c_control:u_i2c_ctrl|i2c_bit_shift:i2c_bit_shift|div_cnt[19]     ; clk          ; clk         ; 0.000        ; 0.080      ; 0.694      ;
; 0.449 ; oled_app_ctrl:u_oled_app|clear_cnt[12]                             ; oled_app_ctrl:u_oled_app|clear_cnt[12]                             ; clk          ; clk         ; 0.000        ; 0.080      ; 0.715      ;
; 0.458 ; i2c_control:u_i2c_ctrl|i2c_bit_shift:i2c_bit_shift|cnt[4]          ; i2c_control:u_i2c_ctrl|i2c_bit_shift:i2c_bit_shift|cnt[4]          ; clk          ; clk         ; 0.000        ; 0.080      ; 0.724      ;
; 0.465 ; oled_app_ctrl:u_oled_app|state.DONE                                ; oled_app_ctrl:u_oled_app|state.TEST_DATA                           ; clk          ; clk         ; 0.000        ; 0.510      ; 1.161      ;
; 0.474 ; i2c_control:u_i2c_ctrl|state.IDLE                                  ; i2c_control:u_i2c_ctrl|RW_Done                                     ; clk          ; clk         ; 0.000        ; 0.080      ; 0.740      ;
; 0.475 ; i2c_control:u_i2c_ctrl|state.WAIT_WR_DONE                          ; i2c_control:u_i2c_ctrl|state.WR_REG_DONE                           ; clk          ; clk         ; 0.000        ; 0.081      ; 0.742      ;
; 0.543 ; i2c_control:u_i2c_ctrl|i2c_bit_shift:i2c_bit_shift|div_cnt[2]      ; i2c_control:u_i2c_ctrl|i2c_bit_shift:i2c_bit_shift|div_cnt[3]      ; clk          ; clk         ; 0.000        ; 0.511      ; 1.240      ;
; 0.576 ; i2c_control:u_i2c_ctrl|cnt[2]                                      ; i2c_control:u_i2c_ctrl|state.WR_REG_DONE                           ; clk          ; clk         ; 0.000        ; 0.081      ; 0.843      ;
; 0.608 ; i2c_control:u_i2c_ctrl|state.WR_REG                                ; i2c_control:u_i2c_ctrl|Go                                          ; clk          ; clk         ; 0.000        ; 0.080      ; 0.874      ;
; 0.626 ; i2c_control:u_i2c_ctrl|i2c_bit_shift:i2c_bit_shift|div_cnt[3]      ; i2c_control:u_i2c_ctrl|i2c_bit_shift:i2c_bit_shift|div_cnt[3]      ; clk          ; clk         ; 0.000        ; 0.098      ; 0.910      ;
; 0.633 ; oled_app_ctrl:u_oled_app|delay_cnt[3]                              ; oled_app_ctrl:u_oled_app|delay_cnt[3]                              ; clk          ; clk         ; 0.000        ; 0.080      ; 0.899      ;
; 0.634 ; oled_app_ctrl:u_oled_app|delay_cnt[5]                              ; oled_app_ctrl:u_oled_app|delay_cnt[5]                              ; clk          ; clk         ; 0.000        ; 0.080      ; 0.900      ;
; 0.635 ; oled_app_ctrl:u_oled_app|clear_cnt[6]                              ; oled_app_ctrl:u_oled_app|clear_cnt[6]                              ; clk          ; clk         ; 0.000        ; 0.080      ; 0.901      ;
; 0.635 ; oled_app_ctrl:u_oled_app|delay_cnt[1]                              ; oled_app_ctrl:u_oled_app|delay_cnt[1]                              ; clk          ; clk         ; 0.000        ; 0.080      ; 0.901      ;
; 0.636 ; oled_app_ctrl:u_oled_app|clear_cnt[2]                              ; oled_app_ctrl:u_oled_app|clear_cnt[2]                              ; clk          ; clk         ; 0.000        ; 0.080      ; 0.902      ;
; 0.636 ; oled_app_ctrl:u_oled_app|clear_cnt[3]                              ; oled_app_ctrl:u_oled_app|clear_cnt[3]                              ; clk          ; clk         ; 0.000        ; 0.080      ; 0.902      ;
; 0.636 ; oled_app_ctrl:u_oled_app|delay_cnt[6]                              ; oled_app_ctrl:u_oled_app|delay_cnt[6]                              ; clk          ; clk         ; 0.000        ; 0.080      ; 0.902      ;
; 0.637 ; oled_app_ctrl:u_oled_app|clear_cnt[4]                              ; oled_app_ctrl:u_oled_app|clear_cnt[4]                              ; clk          ; clk         ; 0.000        ; 0.080      ; 0.903      ;
; 0.637 ; oled_app_ctrl:u_oled_app|clear_cnt[5]                              ; oled_app_ctrl:u_oled_app|clear_cnt[5]                              ; clk          ; clk         ; 0.000        ; 0.080      ; 0.903      ;
; 0.638 ; oled_app_ctrl:u_oled_app|clear_cnt[8]                              ; oled_app_ctrl:u_oled_app|clear_cnt[8]                              ; clk          ; clk         ; 0.000        ; 0.080      ; 0.904      ;
; 0.638 ; oled_app_ctrl:u_oled_app|delay_cnt[2]                              ; oled_app_ctrl:u_oled_app|delay_cnt[2]                              ; clk          ; clk         ; 0.000        ; 0.080      ; 0.904      ;
; 0.638 ; i2c_control:u_i2c_ctrl|state.WR_REG                                ; i2c_control:u_i2c_ctrl|state.WAIT_WR_DONE                          ; clk          ; clk         ; 0.000        ; 0.081      ; 0.905      ;
; 0.638 ; i2c_control:u_i2c_ctrl|state.RD_REG                                ; i2c_control:u_i2c_ctrl|state.WAIT_RD_DONE                          ; clk          ; clk         ; 0.000        ; 0.080      ; 0.904      ;
; 0.639 ; oled_app_ctrl:u_oled_app|delay_cnt[4]                              ; oled_app_ctrl:u_oled_app|delay_cnt[4]                              ; clk          ; clk         ; 0.000        ; 0.080      ; 0.905      ;
; 0.641 ; i2c_control:u_i2c_ctrl|i2c_bit_shift:i2c_bit_shift|div_cnt[13]     ; i2c_control:u_i2c_ctrl|i2c_bit_shift:i2c_bit_shift|div_cnt[13]     ; clk          ; clk         ; 0.000        ; 0.080      ; 0.907      ;
; 0.641 ; oled_app_ctrl:u_oled_app|clear_cnt[7]                              ; oled_app_ctrl:u_oled_app|clear_cnt[7]                              ; clk          ; clk         ; 0.000        ; 0.080      ; 0.907      ;
; 0.641 ; oled_app_ctrl:u_oled_app|clear_cnt[9]                              ; oled_app_ctrl:u_oled_app|clear_cnt[9]                              ; clk          ; clk         ; 0.000        ; 0.080      ; 0.907      ;
; 0.642 ; i2c_control:u_i2c_ctrl|i2c_bit_shift:i2c_bit_shift|div_cnt[11]     ; i2c_control:u_i2c_ctrl|i2c_bit_shift:i2c_bit_shift|div_cnt[11]     ; clk          ; clk         ; 0.000        ; 0.080      ; 0.908      ;
; 0.642 ; oled_app_ctrl:u_oled_app|step[5]                                   ; oled_app_ctrl:u_oled_app|step[5]                                   ; clk          ; clk         ; 0.000        ; 0.080      ; 0.908      ;
; 0.645 ; i2c_control:u_i2c_ctrl|i2c_bit_shift:i2c_bit_shift|div_cnt[1]      ; i2c_control:u_i2c_ctrl|i2c_bit_shift:i2c_bit_shift|div_cnt[1]      ; clk          ; clk         ; 0.000        ; 0.080      ; 0.911      ;
; 0.645 ; i2c_control:u_i2c_ctrl|i2c_bit_shift:i2c_bit_shift|div_cnt[10]     ; i2c_control:u_i2c_ctrl|i2c_bit_shift:i2c_bit_shift|div_cnt[10]     ; clk          ; clk         ; 0.000        ; 0.080      ; 0.911      ;
; 0.645 ; i2c_control:u_i2c_ctrl|i2c_bit_shift:i2c_bit_shift|div_cnt[16]     ; i2c_control:u_i2c_ctrl|i2c_bit_shift:i2c_bit_shift|div_cnt[16]     ; clk          ; clk         ; 0.000        ; 0.080      ; 0.911      ;
; 0.646 ; i2c_control:u_i2c_ctrl|i2c_bit_shift:i2c_bit_shift|div_cnt[17]     ; i2c_control:u_i2c_ctrl|i2c_bit_shift:i2c_bit_shift|div_cnt[17]     ; clk          ; clk         ; 0.000        ; 0.080      ; 0.912      ;
; 0.647 ; i2c_control:u_i2c_ctrl|i2c_bit_shift:i2c_bit_shift|div_cnt[2]      ; i2c_control:u_i2c_ctrl|i2c_bit_shift:i2c_bit_shift|div_cnt[2]      ; clk          ; clk         ; 0.000        ; 0.080      ; 0.913      ;
; 0.647 ; i2c_control:u_i2c_ctrl|i2c_bit_shift:i2c_bit_shift|div_cnt[14]     ; i2c_control:u_i2c_ctrl|i2c_bit_shift:i2c_bit_shift|div_cnt[14]     ; clk          ; clk         ; 0.000        ; 0.080      ; 0.913      ;
; 0.649 ; i2c_control:u_i2c_ctrl|i2c_bit_shift:i2c_bit_shift|div_cnt[18]     ; i2c_control:u_i2c_ctrl|i2c_bit_shift:i2c_bit_shift|div_cnt[18]     ; clk          ; clk         ; 0.000        ; 0.080      ; 0.915      ;
; 0.652 ; oled_app_ctrl:u_oled_app|clear_cnt[1]                              ; oled_app_ctrl:u_oled_app|clear_cnt[1]                              ; clk          ; clk         ; 0.000        ; 0.080      ; 0.918      ;
; 0.652 ; i2c_control:u_i2c_ctrl|i2c_bit_shift:i2c_bit_shift|div_cnt[1]      ; i2c_control:u_i2c_ctrl|i2c_bit_shift:i2c_bit_shift|div_cnt[3]      ; clk          ; clk         ; 0.000        ; 0.511      ; 1.349      ;
; 0.655 ; oled_app_ctrl:u_oled_app|delay_cnt[13]                             ; oled_app_ctrl:u_oled_app|delay_cnt[13]                             ; clk          ; clk         ; 0.000        ; 0.080      ; 0.921      ;
; 0.655 ; oled_app_ctrl:u_oled_app|delay_cnt[15]                             ; oled_app_ctrl:u_oled_app|delay_cnt[15]                             ; clk          ; clk         ; 0.000        ; 0.080      ; 0.921      ;
; 0.656 ; oled_app_ctrl:u_oled_app|delay_cnt[11]                             ; oled_app_ctrl:u_oled_app|delay_cnt[11]                             ; clk          ; clk         ; 0.000        ; 0.080      ; 0.922      ;
; 0.656 ; oled_app_ctrl:u_oled_app|delay_cnt[19]                             ; oled_app_ctrl:u_oled_app|delay_cnt[19]                             ; clk          ; clk         ; 0.000        ; 0.080      ; 0.922      ;
; 0.656 ; oled_app_ctrl:u_oled_app|delay_cnt[21]                             ; oled_app_ctrl:u_oled_app|delay_cnt[21]                             ; clk          ; clk         ; 0.000        ; 0.080      ; 0.922      ;
; 0.656 ; oled_app_ctrl:u_oled_app|delay_cnt[29]                             ; oled_app_ctrl:u_oled_app|delay_cnt[29]                             ; clk          ; clk         ; 0.000        ; 0.080      ; 0.922      ;
; 0.656 ; oled_app_ctrl:u_oled_app|clear_cnt[0]                              ; oled_app_ctrl:u_oled_app|clear_cnt[1]                              ; clk          ; clk         ; 0.000        ; 0.080      ; 0.922      ;
; 0.657 ; i2c_control:u_i2c_ctrl|i2c_bit_shift:i2c_bit_shift|div_cnt[15]     ; i2c_control:u_i2c_ctrl|i2c_bit_shift:i2c_bit_shift|div_cnt[15]     ; clk          ; clk         ; 0.000        ; 0.080      ; 0.923      ;
; 0.657 ; oled_app_ctrl:u_oled_app|delay_cnt[27]                             ; oled_app_ctrl:u_oled_app|delay_cnt[27]                             ; clk          ; clk         ; 0.000        ; 0.080      ; 0.923      ;
; 0.658 ; oled_app_ctrl:u_oled_app|delay_cnt[31]                             ; oled_app_ctrl:u_oled_app|delay_cnt[31]                             ; clk          ; clk         ; 0.000        ; 0.080      ; 0.924      ;
; 0.658 ; oled_app_ctrl:u_oled_app|delay_cnt[22]                             ; oled_app_ctrl:u_oled_app|delay_cnt[22]                             ; clk          ; clk         ; 0.000        ; 0.080      ; 0.924      ;
; 0.658 ; oled_app_ctrl:u_oled_app|delay_cnt[7]                              ; oled_app_ctrl:u_oled_app|delay_cnt[7]                              ; clk          ; clk         ; 0.000        ; 0.080      ; 0.924      ;
; 0.658 ; oled_app_ctrl:u_oled_app|delay_cnt[9]                              ; oled_app_ctrl:u_oled_app|delay_cnt[9]                              ; clk          ; clk         ; 0.000        ; 0.080      ; 0.924      ;
; 0.659 ; i2c_control:u_i2c_ctrl|i2c_bit_shift:i2c_bit_shift|div_cnt[0]      ; i2c_control:u_i2c_ctrl|i2c_bit_shift:i2c_bit_shift|div_cnt[0]      ; clk          ; clk         ; 0.000        ; 0.098      ; 0.943      ;
; 0.659 ; oled_app_ctrl:u_oled_app|delay_cnt[25]                             ; oled_app_ctrl:u_oled_app|delay_cnt[25]                             ; clk          ; clk         ; 0.000        ; 0.080      ; 0.925      ;
; 0.659 ; oled_app_ctrl:u_oled_app|delay_cnt[23]                             ; oled_app_ctrl:u_oled_app|delay_cnt[23]                             ; clk          ; clk         ; 0.000        ; 0.080      ; 0.925      ;
; 0.660 ; oled_app_ctrl:u_oled_app|delay_cnt[0]                              ; oled_app_ctrl:u_oled_app|delay_cnt[0]                              ; clk          ; clk         ; 0.000        ; 0.080      ; 0.926      ;
; 0.660 ; oled_app_ctrl:u_oled_app|delay_cnt[14]                             ; oled_app_ctrl:u_oled_app|delay_cnt[14]                             ; clk          ; clk         ; 0.000        ; 0.080      ; 0.926      ;
; 0.660 ; oled_app_ctrl:u_oled_app|delay_cnt[16]                             ; oled_app_ctrl:u_oled_app|delay_cnt[16]                             ; clk          ; clk         ; 0.000        ; 0.080      ; 0.926      ;
; 0.661 ; i2c_control:u_i2c_ctrl|i2c_bit_shift:i2c_bit_shift|div_cnt[4]      ; i2c_control:u_i2c_ctrl|i2c_bit_shift:i2c_bit_shift|div_cnt[4]      ; clk          ; clk         ; 0.000        ; 0.080      ; 0.927      ;
; 0.661 ; i2c_control:u_i2c_ctrl|i2c_bit_shift:i2c_bit_shift|div_cnt[12]     ; i2c_control:u_i2c_ctrl|i2c_bit_shift:i2c_bit_shift|div_cnt[12]     ; clk          ; clk         ; 0.000        ; 0.080      ; 0.927      ;
; 0.661 ; oled_app_ctrl:u_oled_app|delay_cnt[8]                              ; oled_app_ctrl:u_oled_app|delay_cnt[8]                              ; clk          ; clk         ; 0.000        ; 0.080      ; 0.927      ;
; 0.661 ; oled_app_ctrl:u_oled_app|delay_cnt[10]                             ; oled_app_ctrl:u_oled_app|delay_cnt[10]                             ; clk          ; clk         ; 0.000        ; 0.080      ; 0.927      ;
; 0.661 ; oled_app_ctrl:u_oled_app|delay_cnt[12]                             ; oled_app_ctrl:u_oled_app|delay_cnt[12]                             ; clk          ; clk         ; 0.000        ; 0.080      ; 0.927      ;
; 0.661 ; oled_app_ctrl:u_oled_app|delay_cnt[18]                             ; oled_app_ctrl:u_oled_app|delay_cnt[18]                             ; clk          ; clk         ; 0.000        ; 0.080      ; 0.927      ;
; 0.661 ; oled_app_ctrl:u_oled_app|delay_cnt[20]                             ; oled_app_ctrl:u_oled_app|delay_cnt[20]                             ; clk          ; clk         ; 0.000        ; 0.080      ; 0.927      ;
; 0.662 ; oled_app_ctrl:u_oled_app|delay_cnt[24]                             ; oled_app_ctrl:u_oled_app|delay_cnt[24]                             ; clk          ; clk         ; 0.000        ; 0.080      ; 0.928      ;
; 0.662 ; oled_app_ctrl:u_oled_app|delay_cnt[26]                             ; oled_app_ctrl:u_oled_app|delay_cnt[26]                             ; clk          ; clk         ; 0.000        ; 0.080      ; 0.928      ;
; 0.662 ; oled_app_ctrl:u_oled_app|delay_cnt[28]                             ; oled_app_ctrl:u_oled_app|delay_cnt[28]                             ; clk          ; clk         ; 0.000        ; 0.080      ; 0.928      ;
; 0.662 ; oled_app_ctrl:u_oled_app|delay_cnt[30]                             ; oled_app_ctrl:u_oled_app|delay_cnt[30]                             ; clk          ; clk         ; 0.000        ; 0.080      ; 0.928      ;
; 0.663 ; i2c_control:u_i2c_ctrl|cnt[2]                                      ; i2c_control:u_i2c_ctrl|state.RD_REG                                ; clk          ; clk         ; 0.000        ; 0.081      ; 0.930      ;
; 0.666 ; oled_app_ctrl:u_oled_app|clear_cnt[11]                             ; oled_app_ctrl:u_oled_app|clear_cnt[11]                             ; clk          ; clk         ; 0.000        ; 0.080      ; 0.932      ;
; 0.667 ; oled_app_ctrl:u_oled_app|clear_cnt[10]                             ; oled_app_ctrl:u_oled_app|clear_cnt[10]                             ; clk          ; clk         ; 0.000        ; 0.080      ; 0.933      ;
; 0.674 ; i2c_control:u_i2c_ctrl|cnt[2]                                      ; i2c_control:u_i2c_ctrl|state.RD_REG_DONE                           ; clk          ; clk         ; 0.000        ; 0.081      ; 0.941      ;
; 0.680 ; i2c_control:u_i2c_ctrl|i2c_bit_shift:i2c_bit_shift|cnt[1]          ; i2c_control:u_i2c_ctrl|i2c_bit_shift:i2c_bit_shift|cnt[1]          ; clk          ; clk         ; 0.000        ; 0.080      ; 0.946      ;
; 0.681 ; oled_app_ctrl:u_oled_app|state.IDLE                                ; oled_app_ctrl:u_oled_app|state.TEST_DATA                           ; clk          ; clk         ; 0.000        ; 0.510      ; 1.377      ;
; 0.692 ; i2c_control:u_i2c_ctrl|i2c_bit_shift:i2c_bit_shift|cnt[3]          ; i2c_control:u_i2c_ctrl|i2c_bit_shift:i2c_bit_shift|cnt[3]          ; clk          ; clk         ; 0.000        ; 0.080      ; 0.958      ;
; 0.696 ; i2c_control:u_i2c_ctrl|i2c_bit_shift:i2c_bit_shift|cnt[2]          ; i2c_control:u_i2c_ctrl|i2c_bit_shift:i2c_bit_shift|cnt[2]          ; clk          ; clk         ; 0.000        ; 0.080      ; 0.962      ;
; 0.698 ; oled_app_ctrl:u_oled_app|step[4]                                   ; oled_app_ctrl:u_oled_app|step[4]                                   ; clk          ; clk         ; 0.000        ; 0.080      ; 0.964      ;
; 0.699 ; oled_app_ctrl:u_oled_app|step[3]                                   ; oled_app_ctrl:u_oled_app|step[3]                                   ; clk          ; clk         ; 0.000        ; 0.080      ; 0.965      ;
; 0.702 ; oled_app_ctrl:u_oled_app|step[1]                                   ; oled_app_ctrl:u_oled_app|step[1]                                   ; clk          ; clk         ; 0.000        ; 0.080      ; 0.968      ;
; 0.706 ; i2c_control:u_i2c_ctrl|state.WAIT_WR_DONE                          ; i2c_control:u_i2c_ctrl|cnt[1]                                      ; clk          ; clk         ; 0.000        ; 0.081      ; 0.973      ;
; 0.715 ; i2c_control:u_i2c_ctrl|i2c_bit_shift:i2c_bit_shift|cnt[0]          ; i2c_control:u_i2c_ctrl|i2c_bit_shift:i2c_bit_shift|cnt[0]          ; clk          ; clk         ; 0.000        ; 0.080      ; 0.981      ;
; 0.715 ; oled_app_ctrl:u_oled_app|step[2]                                   ; oled_app_ctrl:u_oled_app|step[2]                                   ; clk          ; clk         ; 0.000        ; 0.080      ; 0.981      ;
+-------+--------------------------------------------------------------------+--------------------------------------------------------------------+--------------+-------------+--------------+------------+------------+


-----------------------------------------------
; Slow 1200mV 85C Model Metastability Summary ;
-----------------------------------------------
No synchronizer chains to report.


+-----------------------------------------------------------------------------------------------------------+
; Slow 1200mV 0C Model Fmax Summary                                                                         ;
+------------+-----------------+------------+---------------------------------------------------------------+
; Fmax       ; Restricted Fmax ; Clock Name ; Note                                                          ;
+------------+-----------------+------------+---------------------------------------------------------------+
; 256.02 MHz ; 250.0 MHz       ; clk        ; limit due to minimum period restriction (max I/O toggle rate) ;
+------------+-----------------+------------+---------------------------------------------------------------+
This panel reports FMAX for every clock in the design, regardless of the user-specified clock periods.  FMAX is only computed for paths where the source and destination registers or ports are driven by the same clock.  Paths of different clocks, including generated clocks, are ignored.  For paths between a clock and its inversion, FMAX is computed as if the rising and falling edges are scaled along with FMAX, such that the duty cycle (in terms of a percentage) is maintained. Altera recommends that you always use clock constraints and other slack reports for sign-off analysis.


+------------------------------------+
; Slow 1200mV 0C Model Setup Summary ;
+-------+--------+-------------------+
; Clock ; Slack  ; End Point TNS     ;
+-------+--------+-------------------+
; clk   ; -2.906 ; -257.632          ;
+-------+--------+-------------------+


+-----------------------------------+
; Slow 1200mV 0C Model Hold Summary ;
+-------+-------+-------------------+
; Clock ; Slack ; End Point TNS     ;
+-------+-------+-------------------+
; clk   ; 0.338 ; 0.000             ;
+-------+-------+-------------------+


-----------------------------------------
; Slow 1200mV 0C Model Recovery Summary ;
-----------------------------------------
No paths to report.


----------------------------------------
; Slow 1200mV 0C Model Removal Summary ;
----------------------------------------
No paths to report.


+--------------------------------------------------+
; Slow 1200mV 0C Model Minimum Pulse Width Summary ;
+-------+--------+---------------------------------+
; Clock ; Slack  ; End Point TNS                   ;
+-------+--------+---------------------------------+
; clk   ; -3.000 ; -166.195                        ;
+-------+--------+---------------------------------+


+----------------------------------------------------------------------------------------------------------------------------------------------------------------+
; Slow 1200mV 0C Model Setup: 'clk'                                                                                                                              ;
+--------+----------------------------------------+----------------------------------------+--------------+-------------+--------------+------------+------------+
; Slack  ; From Node                              ; To Node                                ; Launch Clock ; Latch Clock ; Relationship ; Clock Skew ; Data Delay ;
+--------+----------------------------------------+----------------------------------------+--------------+-------------+--------------+------------+------------+
; -2.906 ; oled_app_ctrl:u_oled_app|delay_cnt[21] ; oled_app_ctrl:u_oled_app|state.INIT    ; clk          ; clk         ; 1.000        ; -0.080     ; 3.825      ;
; -2.885 ; oled_app_ctrl:u_oled_app|delay_cnt[21] ; oled_app_ctrl:u_oled_app|state.CLEAR   ; clk          ; clk         ; 1.000        ; -0.080     ; 3.804      ;
; -2.872 ; oled_app_ctrl:u_oled_app|delay_cnt[21] ; oled_app_ctrl:u_oled_app|delay_cnt[31] ; clk          ; clk         ; 1.000        ; -0.072     ; 3.799      ;
; -2.872 ; oled_app_ctrl:u_oled_app|delay_cnt[21] ; oled_app_ctrl:u_oled_app|delay_cnt[22] ; clk          ; clk         ; 1.000        ; -0.072     ; 3.799      ;
; -2.872 ; oled_app_ctrl:u_oled_app|delay_cnt[21] ; oled_app_ctrl:u_oled_app|delay_cnt[16] ; clk          ; clk         ; 1.000        ; -0.072     ; 3.799      ;
; -2.872 ; oled_app_ctrl:u_oled_app|delay_cnt[21] ; oled_app_ctrl:u_oled_app|delay_cnt[18] ; clk          ; clk         ; 1.000        ; -0.072     ; 3.799      ;
; -2.872 ; oled_app_ctrl:u_oled_app|delay_cnt[21] ; oled_app_ctrl:u_oled_app|delay_cnt[19] ; clk          ; clk         ; 1.000        ; -0.072     ; 3.799      ;
; -2.872 ; oled_app_ctrl:u_oled_app|delay_cnt[21] ; oled_app_ctrl:u_oled_app|delay_cnt[20] ; clk          ; clk         ; 1.000        ; -0.072     ; 3.799      ;
; -2.872 ; oled_app_ctrl:u_oled_app|delay_cnt[21] ; oled_app_ctrl:u_oled_app|delay_cnt[21] ; clk          ; clk         ; 1.000        ; -0.072     ; 3.799      ;
; -2.872 ; oled_app_ctrl:u_oled_app|delay_cnt[21] ; oled_app_ctrl:u_oled_app|delay_cnt[25] ; clk          ; clk         ; 1.000        ; -0.072     ; 3.799      ;
; -2.872 ; oled_app_ctrl:u_oled_app|delay_cnt[21] ; oled_app_ctrl:u_oled_app|delay_cnt[23] ; clk          ; clk         ; 1.000        ; -0.072     ; 3.799      ;
; -2.872 ; oled_app_ctrl:u_oled_app|delay_cnt[21] ; oled_app_ctrl:u_oled_app|delay_cnt[24] ; clk          ; clk         ; 1.000        ; -0.072     ; 3.799      ;
; -2.872 ; oled_app_ctrl:u_oled_app|delay_cnt[21] ; oled_app_ctrl:u_oled_app|delay_cnt[26] ; clk          ; clk         ; 1.000        ; -0.072     ; 3.799      ;
; -2.872 ; oled_app_ctrl:u_oled_app|delay_cnt[21] ; oled_app_ctrl:u_oled_app|delay_cnt[27] ; clk          ; clk         ; 1.000        ; -0.072     ; 3.799      ;
; -2.872 ; oled_app_ctrl:u_oled_app|delay_cnt[21] ; oled_app_ctrl:u_oled_app|delay_cnt[29] ; clk          ; clk         ; 1.000        ; -0.072     ; 3.799      ;
; -2.872 ; oled_app_ctrl:u_oled_app|delay_cnt[21] ; oled_app_ctrl:u_oled_app|delay_cnt[28] ; clk          ; clk         ; 1.000        ; -0.072     ; 3.799      ;
; -2.872 ; oled_app_ctrl:u_oled_app|delay_cnt[21] ; oled_app_ctrl:u_oled_app|delay_cnt[30] ; clk          ; clk         ; 1.000        ; -0.072     ; 3.799      ;
; -2.797 ; oled_app_ctrl:u_oled_app|delay_cnt[19] ; oled_app_ctrl:u_oled_app|state.INIT    ; clk          ; clk         ; 1.000        ; -0.080     ; 3.716      ;
; -2.781 ; oled_app_ctrl:u_oled_app|delay_cnt[20] ; oled_app_ctrl:u_oled_app|state.INIT    ; clk          ; clk         ; 1.000        ; -0.080     ; 3.700      ;
; -2.776 ; oled_app_ctrl:u_oled_app|delay_cnt[19] ; oled_app_ctrl:u_oled_app|state.CLEAR   ; clk          ; clk         ; 1.000        ; -0.080     ; 3.695      ;
; -2.763 ; oled_app_ctrl:u_oled_app|delay_cnt[19] ; oled_app_ctrl:u_oled_app|delay_cnt[31] ; clk          ; clk         ; 1.000        ; -0.072     ; 3.690      ;
; -2.763 ; oled_app_ctrl:u_oled_app|delay_cnt[19] ; oled_app_ctrl:u_oled_app|delay_cnt[22] ; clk          ; clk         ; 1.000        ; -0.072     ; 3.690      ;
; -2.763 ; oled_app_ctrl:u_oled_app|delay_cnt[19] ; oled_app_ctrl:u_oled_app|delay_cnt[16] ; clk          ; clk         ; 1.000        ; -0.072     ; 3.690      ;
; -2.763 ; oled_app_ctrl:u_oled_app|delay_cnt[19] ; oled_app_ctrl:u_oled_app|delay_cnt[18] ; clk          ; clk         ; 1.000        ; -0.072     ; 3.690      ;
; -2.763 ; oled_app_ctrl:u_oled_app|delay_cnt[19] ; oled_app_ctrl:u_oled_app|delay_cnt[19] ; clk          ; clk         ; 1.000        ; -0.072     ; 3.690      ;
; -2.763 ; oled_app_ctrl:u_oled_app|delay_cnt[19] ; oled_app_ctrl:u_oled_app|delay_cnt[20] ; clk          ; clk         ; 1.000        ; -0.072     ; 3.690      ;
; -2.763 ; oled_app_ctrl:u_oled_app|delay_cnt[19] ; oled_app_ctrl:u_oled_app|delay_cnt[21] ; clk          ; clk         ; 1.000        ; -0.072     ; 3.690      ;
; -2.763 ; oled_app_ctrl:u_oled_app|delay_cnt[19] ; oled_app_ctrl:u_oled_app|delay_cnt[25] ; clk          ; clk         ; 1.000        ; -0.072     ; 3.690      ;
; -2.763 ; oled_app_ctrl:u_oled_app|delay_cnt[19] ; oled_app_ctrl:u_oled_app|delay_cnt[23] ; clk          ; clk         ; 1.000        ; -0.072     ; 3.690      ;
; -2.763 ; oled_app_ctrl:u_oled_app|delay_cnt[19] ; oled_app_ctrl:u_oled_app|delay_cnt[24] ; clk          ; clk         ; 1.000        ; -0.072     ; 3.690      ;
; -2.763 ; oled_app_ctrl:u_oled_app|delay_cnt[19] ; oled_app_ctrl:u_oled_app|delay_cnt[26] ; clk          ; clk         ; 1.000        ; -0.072     ; 3.690      ;
; -2.763 ; oled_app_ctrl:u_oled_app|delay_cnt[19] ; oled_app_ctrl:u_oled_app|delay_cnt[27] ; clk          ; clk         ; 1.000        ; -0.072     ; 3.690      ;
; -2.763 ; oled_app_ctrl:u_oled_app|delay_cnt[19] ; oled_app_ctrl:u_oled_app|delay_cnt[29] ; clk          ; clk         ; 1.000        ; -0.072     ; 3.690      ;
; -2.763 ; oled_app_ctrl:u_oled_app|delay_cnt[19] ; oled_app_ctrl:u_oled_app|delay_cnt[28] ; clk          ; clk         ; 1.000        ; -0.072     ; 3.690      ;
; -2.763 ; oled_app_ctrl:u_oled_app|delay_cnt[19] ; oled_app_ctrl:u_oled_app|delay_cnt[30] ; clk          ; clk         ; 1.000        ; -0.072     ; 3.690      ;
; -2.760 ; oled_app_ctrl:u_oled_app|delay_cnt[20] ; oled_app_ctrl:u_oled_app|state.CLEAR   ; clk          ; clk         ; 1.000        ; -0.080     ; 3.679      ;
; -2.747 ; oled_app_ctrl:u_oled_app|delay_cnt[20] ; oled_app_ctrl:u_oled_app|delay_cnt[31] ; clk          ; clk         ; 1.000        ; -0.072     ; 3.674      ;
; -2.747 ; oled_app_ctrl:u_oled_app|delay_cnt[20] ; oled_app_ctrl:u_oled_app|delay_cnt[22] ; clk          ; clk         ; 1.000        ; -0.072     ; 3.674      ;
; -2.747 ; oled_app_ctrl:u_oled_app|delay_cnt[20] ; oled_app_ctrl:u_oled_app|delay_cnt[16] ; clk          ; clk         ; 1.000        ; -0.072     ; 3.674      ;
; -2.747 ; oled_app_ctrl:u_oled_app|delay_cnt[20] ; oled_app_ctrl:u_oled_app|delay_cnt[18] ; clk          ; clk         ; 1.000        ; -0.072     ; 3.674      ;
; -2.747 ; oled_app_ctrl:u_oled_app|delay_cnt[20] ; oled_app_ctrl:u_oled_app|delay_cnt[19] ; clk          ; clk         ; 1.000        ; -0.072     ; 3.674      ;
; -2.747 ; oled_app_ctrl:u_oled_app|delay_cnt[20] ; oled_app_ctrl:u_oled_app|delay_cnt[20] ; clk          ; clk         ; 1.000        ; -0.072     ; 3.674      ;
; -2.747 ; oled_app_ctrl:u_oled_app|delay_cnt[20] ; oled_app_ctrl:u_oled_app|delay_cnt[21] ; clk          ; clk         ; 1.000        ; -0.072     ; 3.674      ;
; -2.747 ; oled_app_ctrl:u_oled_app|delay_cnt[20] ; oled_app_ctrl:u_oled_app|delay_cnt[25] ; clk          ; clk         ; 1.000        ; -0.072     ; 3.674      ;
; -2.747 ; oled_app_ctrl:u_oled_app|delay_cnt[20] ; oled_app_ctrl:u_oled_app|delay_cnt[23] ; clk          ; clk         ; 1.000        ; -0.072     ; 3.674      ;
; -2.747 ; oled_app_ctrl:u_oled_app|delay_cnt[20] ; oled_app_ctrl:u_oled_app|delay_cnt[24] ; clk          ; clk         ; 1.000        ; -0.072     ; 3.674      ;
; -2.747 ; oled_app_ctrl:u_oled_app|delay_cnt[20] ; oled_app_ctrl:u_oled_app|delay_cnt[26] ; clk          ; clk         ; 1.000        ; -0.072     ; 3.674      ;
; -2.747 ; oled_app_ctrl:u_oled_app|delay_cnt[20] ; oled_app_ctrl:u_oled_app|delay_cnt[27] ; clk          ; clk         ; 1.000        ; -0.072     ; 3.674      ;
; -2.747 ; oled_app_ctrl:u_oled_app|delay_cnt[20] ; oled_app_ctrl:u_oled_app|delay_cnt[29] ; clk          ; clk         ; 1.000        ; -0.072     ; 3.674      ;
; -2.747 ; oled_app_ctrl:u_oled_app|delay_cnt[20] ; oled_app_ctrl:u_oled_app|delay_cnt[28] ; clk          ; clk         ; 1.000        ; -0.072     ; 3.674      ;
; -2.747 ; oled_app_ctrl:u_oled_app|delay_cnt[20] ; oled_app_ctrl:u_oled_app|delay_cnt[30] ; clk          ; clk         ; 1.000        ; -0.072     ; 3.674      ;
; -2.720 ; oled_app_ctrl:u_oled_app|delay_cnt[21] ; oled_app_ctrl:u_oled_app|state.IDLE    ; clk          ; clk         ; 1.000        ; -0.080     ; 3.639      ;
; -2.708 ; oled_app_ctrl:u_oled_app|delay_cnt[12] ; oled_app_ctrl:u_oled_app|state.INIT    ; clk          ; clk         ; 1.000        ; -0.077     ; 3.630      ;
; -2.687 ; oled_app_ctrl:u_oled_app|delay_cnt[12] ; oled_app_ctrl:u_oled_app|state.CLEAR   ; clk          ; clk         ; 1.000        ; -0.077     ; 3.609      ;
; -2.680 ; oled_app_ctrl:u_oled_app|delay_cnt[23] ; oled_app_ctrl:u_oled_app|state.INIT    ; clk          ; clk         ; 1.000        ; -0.080     ; 3.599      ;
; -2.674 ; oled_app_ctrl:u_oled_app|delay_cnt[12] ; oled_app_ctrl:u_oled_app|delay_cnt[31] ; clk          ; clk         ; 1.000        ; -0.069     ; 3.604      ;
; -2.674 ; oled_app_ctrl:u_oled_app|delay_cnt[12] ; oled_app_ctrl:u_oled_app|delay_cnt[22] ; clk          ; clk         ; 1.000        ; -0.069     ; 3.604      ;
; -2.674 ; oled_app_ctrl:u_oled_app|delay_cnt[12] ; oled_app_ctrl:u_oled_app|delay_cnt[16] ; clk          ; clk         ; 1.000        ; -0.069     ; 3.604      ;
; -2.674 ; oled_app_ctrl:u_oled_app|delay_cnt[12] ; oled_app_ctrl:u_oled_app|delay_cnt[18] ; clk          ; clk         ; 1.000        ; -0.069     ; 3.604      ;
; -2.674 ; oled_app_ctrl:u_oled_app|delay_cnt[12] ; oled_app_ctrl:u_oled_app|delay_cnt[19] ; clk          ; clk         ; 1.000        ; -0.069     ; 3.604      ;
; -2.674 ; oled_app_ctrl:u_oled_app|delay_cnt[12] ; oled_app_ctrl:u_oled_app|delay_cnt[20] ; clk          ; clk         ; 1.000        ; -0.069     ; 3.604      ;
; -2.674 ; oled_app_ctrl:u_oled_app|delay_cnt[12] ; oled_app_ctrl:u_oled_app|delay_cnt[21] ; clk          ; clk         ; 1.000        ; -0.069     ; 3.604      ;
; -2.674 ; oled_app_ctrl:u_oled_app|delay_cnt[12] ; oled_app_ctrl:u_oled_app|delay_cnt[25] ; clk          ; clk         ; 1.000        ; -0.069     ; 3.604      ;
; -2.674 ; oled_app_ctrl:u_oled_app|delay_cnt[12] ; oled_app_ctrl:u_oled_app|delay_cnt[23] ; clk          ; clk         ; 1.000        ; -0.069     ; 3.604      ;
; -2.674 ; oled_app_ctrl:u_oled_app|delay_cnt[12] ; oled_app_ctrl:u_oled_app|delay_cnt[24] ; clk          ; clk         ; 1.000        ; -0.069     ; 3.604      ;
; -2.674 ; oled_app_ctrl:u_oled_app|delay_cnt[12] ; oled_app_ctrl:u_oled_app|delay_cnt[26] ; clk          ; clk         ; 1.000        ; -0.069     ; 3.604      ;
; -2.674 ; oled_app_ctrl:u_oled_app|delay_cnt[12] ; oled_app_ctrl:u_oled_app|delay_cnt[27] ; clk          ; clk         ; 1.000        ; -0.069     ; 3.604      ;
; -2.674 ; oled_app_ctrl:u_oled_app|delay_cnt[12] ; oled_app_ctrl:u_oled_app|delay_cnt[29] ; clk          ; clk         ; 1.000        ; -0.069     ; 3.604      ;
; -2.674 ; oled_app_ctrl:u_oled_app|delay_cnt[12] ; oled_app_ctrl:u_oled_app|delay_cnt[28] ; clk          ; clk         ; 1.000        ; -0.069     ; 3.604      ;
; -2.674 ; oled_app_ctrl:u_oled_app|delay_cnt[12] ; oled_app_ctrl:u_oled_app|delay_cnt[30] ; clk          ; clk         ; 1.000        ; -0.069     ; 3.604      ;
; -2.659 ; oled_app_ctrl:u_oled_app|delay_cnt[23] ; oled_app_ctrl:u_oled_app|state.CLEAR   ; clk          ; clk         ; 1.000        ; -0.080     ; 3.578      ;
; -2.646 ; oled_app_ctrl:u_oled_app|delay_cnt[23] ; oled_app_ctrl:u_oled_app|delay_cnt[31] ; clk          ; clk         ; 1.000        ; -0.072     ; 3.573      ;
; -2.646 ; oled_app_ctrl:u_oled_app|delay_cnt[23] ; oled_app_ctrl:u_oled_app|delay_cnt[22] ; clk          ; clk         ; 1.000        ; -0.072     ; 3.573      ;
; -2.646 ; oled_app_ctrl:u_oled_app|delay_cnt[23] ; oled_app_ctrl:u_oled_app|delay_cnt[16] ; clk          ; clk         ; 1.000        ; -0.072     ; 3.573      ;
; -2.646 ; oled_app_ctrl:u_oled_app|delay_cnt[23] ; oled_app_ctrl:u_oled_app|delay_cnt[18] ; clk          ; clk         ; 1.000        ; -0.072     ; 3.573      ;
; -2.646 ; oled_app_ctrl:u_oled_app|delay_cnt[23] ; oled_app_ctrl:u_oled_app|delay_cnt[19] ; clk          ; clk         ; 1.000        ; -0.072     ; 3.573      ;
; -2.646 ; oled_app_ctrl:u_oled_app|delay_cnt[23] ; oled_app_ctrl:u_oled_app|delay_cnt[20] ; clk          ; clk         ; 1.000        ; -0.072     ; 3.573      ;
; -2.646 ; oled_app_ctrl:u_oled_app|delay_cnt[23] ; oled_app_ctrl:u_oled_app|delay_cnt[21] ; clk          ; clk         ; 1.000        ; -0.072     ; 3.573      ;
; -2.646 ; oled_app_ctrl:u_oled_app|delay_cnt[23] ; oled_app_ctrl:u_oled_app|delay_cnt[25] ; clk          ; clk         ; 1.000        ; -0.072     ; 3.573      ;
; -2.646 ; oled_app_ctrl:u_oled_app|delay_cnt[23] ; oled_app_ctrl:u_oled_app|delay_cnt[23] ; clk          ; clk         ; 1.000        ; -0.072     ; 3.573      ;
; -2.646 ; oled_app_ctrl:u_oled_app|delay_cnt[23] ; oled_app_ctrl:u_oled_app|delay_cnt[24] ; clk          ; clk         ; 1.000        ; -0.072     ; 3.573      ;
; -2.646 ; oled_app_ctrl:u_oled_app|delay_cnt[23] ; oled_app_ctrl:u_oled_app|delay_cnt[26] ; clk          ; clk         ; 1.000        ; -0.072     ; 3.573      ;
; -2.646 ; oled_app_ctrl:u_oled_app|delay_cnt[23] ; oled_app_ctrl:u_oled_app|delay_cnt[27] ; clk          ; clk         ; 1.000        ; -0.072     ; 3.573      ;
; -2.646 ; oled_app_ctrl:u_oled_app|delay_cnt[23] ; oled_app_ctrl:u_oled_app|delay_cnt[29] ; clk          ; clk         ; 1.000        ; -0.072     ; 3.573      ;
; -2.646 ; oled_app_ctrl:u_oled_app|delay_cnt[23] ; oled_app_ctrl:u_oled_app|delay_cnt[28] ; clk          ; clk         ; 1.000        ; -0.072     ; 3.573      ;
; -2.646 ; oled_app_ctrl:u_oled_app|delay_cnt[23] ; oled_app_ctrl:u_oled_app|delay_cnt[30] ; clk          ; clk         ; 1.000        ; -0.072     ; 3.573      ;
; -2.626 ; oled_app_ctrl:u_oled_app|delay_cnt[15] ; oled_app_ctrl:u_oled_app|state.INIT    ; clk          ; clk         ; 1.000        ; -0.077     ; 3.548      ;
; -2.622 ; oled_app_ctrl:u_oled_app|delay_cnt[13] ; oled_app_ctrl:u_oled_app|state.INIT    ; clk          ; clk         ; 1.000        ; -0.077     ; 3.544      ;
; -2.611 ; oled_app_ctrl:u_oled_app|delay_cnt[19] ; oled_app_ctrl:u_oled_app|state.IDLE    ; clk          ; clk         ; 1.000        ; -0.080     ; 3.530      ;
; -2.605 ; oled_app_ctrl:u_oled_app|delay_cnt[15] ; oled_app_ctrl:u_oled_app|state.CLEAR   ; clk          ; clk         ; 1.000        ; -0.077     ; 3.527      ;
; -2.601 ; oled_app_ctrl:u_oled_app|delay_cnt[13] ; oled_app_ctrl:u_oled_app|state.CLEAR   ; clk          ; clk         ; 1.000        ; -0.077     ; 3.523      ;
; -2.595 ; oled_app_ctrl:u_oled_app|delay_cnt[20] ; oled_app_ctrl:u_oled_app|state.IDLE    ; clk          ; clk         ; 1.000        ; -0.080     ; 3.514      ;
; -2.592 ; oled_app_ctrl:u_oled_app|delay_cnt[15] ; oled_app_ctrl:u_oled_app|delay_cnt[31] ; clk          ; clk         ; 1.000        ; -0.069     ; 3.522      ;
; -2.592 ; oled_app_ctrl:u_oled_app|delay_cnt[15] ; oled_app_ctrl:u_oled_app|delay_cnt[22] ; clk          ; clk         ; 1.000        ; -0.069     ; 3.522      ;
; -2.592 ; oled_app_ctrl:u_oled_app|delay_cnt[15] ; oled_app_ctrl:u_oled_app|delay_cnt[16] ; clk          ; clk         ; 1.000        ; -0.069     ; 3.522      ;
; -2.592 ; oled_app_ctrl:u_oled_app|delay_cnt[15] ; oled_app_ctrl:u_oled_app|delay_cnt[18] ; clk          ; clk         ; 1.000        ; -0.069     ; 3.522      ;
; -2.592 ; oled_app_ctrl:u_oled_app|delay_cnt[15] ; oled_app_ctrl:u_oled_app|delay_cnt[19] ; clk          ; clk         ; 1.000        ; -0.069     ; 3.522      ;
; -2.592 ; oled_app_ctrl:u_oled_app|delay_cnt[15] ; oled_app_ctrl:u_oled_app|delay_cnt[20] ; clk          ; clk         ; 1.000        ; -0.069     ; 3.522      ;
; -2.592 ; oled_app_ctrl:u_oled_app|delay_cnt[15] ; oled_app_ctrl:u_oled_app|delay_cnt[21] ; clk          ; clk         ; 1.000        ; -0.069     ; 3.522      ;
; -2.592 ; oled_app_ctrl:u_oled_app|delay_cnt[15] ; oled_app_ctrl:u_oled_app|delay_cnt[25] ; clk          ; clk         ; 1.000        ; -0.069     ; 3.522      ;
+--------+----------------------------------------+----------------------------------------+--------------+-------------+--------------+------------+------------+


+-----------------------------------------------------------------------------------------------------------------------------------------------------------------------------------------------------------------------+
; Slow 1200mV 0C Model Hold: 'clk'                                                                                                                                                                                      ;
+-------+--------------------------------------------------------------------+--------------------------------------------------------------------+--------------+-------------+--------------+------------+------------+
; Slack ; From Node                                                          ; To Node                                                            ; Launch Clock ; Latch Clock ; Relationship ; Clock Skew ; Data Delay ;
+-------+--------------------------------------------------------------------+--------------------------------------------------------------------+--------------+-------------+--------------+------------+------------+
; 0.338 ; oled_app_ctrl:u_oled_app|state.TEST_DATA                           ; oled_app_ctrl:u_oled_app|state.TEST_DATA                           ; clk          ; clk         ; 0.000        ; 0.088      ; 0.597      ;
; 0.339 ; i2c_control:u_i2c_ctrl|i2c_bit_shift:i2c_bit_shift|state.WR_DATA   ; i2c_control:u_i2c_ctrl|i2c_bit_shift:i2c_bit_shift|state.WR_DATA   ; clk          ; clk         ; 0.000        ; 0.087      ; 0.597      ;
; 0.339 ; i2c_control:u_i2c_ctrl|i2c_bit_shift:i2c_bit_shift|state.CHECK_ACK ; i2c_control:u_i2c_ctrl|i2c_bit_shift:i2c_bit_shift|state.CHECK_ACK ; clk          ; clk         ; 0.000        ; 0.087      ; 0.597      ;
; 0.339 ; i2c_control:u_i2c_ctrl|i2c_bit_shift:i2c_bit_shift|state.GEN_ACK   ; i2c_control:u_i2c_ctrl|i2c_bit_shift:i2c_bit_shift|state.GEN_ACK   ; clk          ; clk         ; 0.000        ; 0.087      ; 0.597      ;
; 0.339 ; i2c_control:u_i2c_ctrl|i2c_bit_shift:i2c_bit_shift|state.RD_DATA   ; i2c_control:u_i2c_ctrl|i2c_bit_shift:i2c_bit_shift|state.RD_DATA   ; clk          ; clk         ; 0.000        ; 0.087      ; 0.597      ;
; 0.354 ; i2c_control:u_i2c_ctrl|i2c_bit_shift:i2c_bit_shift|state.GEN_STO   ; i2c_control:u_i2c_ctrl|i2c_bit_shift:i2c_bit_shift|state.GEN_STO   ; clk          ; clk         ; 0.000        ; 0.072      ; 0.597      ;
; 0.354 ; i2c_control:u_i2c_ctrl|i2c_bit_shift:i2c_bit_shift|state.GEN_STA   ; i2c_control:u_i2c_ctrl|i2c_bit_shift:i2c_bit_shift|state.GEN_STA   ; clk          ; clk         ; 0.000        ; 0.072      ; 0.597      ;
; 0.354 ; i2c_control:u_i2c_ctrl|i2c_bit_shift:i2c_bit_shift|en_div_cnt      ; i2c_control:u_i2c_ctrl|i2c_bit_shift:i2c_bit_shift|en_div_cnt      ; clk          ; clk         ; 0.000        ; 0.072      ; 0.597      ;
; 0.354 ; i2c_control:u_i2c_ctrl|Cmd[3]                                      ; i2c_control:u_i2c_ctrl|Cmd[3]                                      ; clk          ; clk         ; 0.000        ; 0.072      ; 0.597      ;
; 0.354 ; i2c_control:u_i2c_ctrl|state.WAIT_RD_DONE                          ; i2c_control:u_i2c_ctrl|state.WAIT_RD_DONE                          ; clk          ; clk         ; 0.000        ; 0.072      ; 0.597      ;
; 0.354 ; i2c_control:u_i2c_ctrl|cnt[0]                                      ; i2c_control:u_i2c_ctrl|cnt[0]                                      ; clk          ; clk         ; 0.000        ; 0.072      ; 0.597      ;
; 0.354 ; i2c_control:u_i2c_ctrl|state.WAIT_WR_DONE                          ; i2c_control:u_i2c_ctrl|state.WAIT_WR_DONE                          ; clk          ; clk         ; 0.000        ; 0.072      ; 0.597      ;
; 0.354 ; oled_app_ctrl:u_oled_app|state.INIT                                ; oled_app_ctrl:u_oled_app|state.INIT                                ; clk          ; clk         ; 0.000        ; 0.072      ; 0.597      ;
; 0.354 ; oled_app_ctrl:u_oled_app|state.CLEAR                               ; oled_app_ctrl:u_oled_app|state.CLEAR                               ; clk          ; clk         ; 0.000        ; 0.072      ; 0.597      ;
; 0.354 ; oled_app_ctrl:u_oled_app|state.IDLE                                ; oled_app_ctrl:u_oled_app|state.IDLE                                ; clk          ; clk         ; 0.000        ; 0.072      ; 0.597      ;
; 0.354 ; oled_app_ctrl:u_oled_app|state.DONE                                ; oled_app_ctrl:u_oled_app|state.DONE                                ; clk          ; clk         ; 0.000        ; 0.072      ; 0.597      ;
; 0.354 ; i2c_control:u_i2c_ctrl|RW_Done                                     ; i2c_control:u_i2c_ctrl|RW_Done                                     ; clk          ; clk         ; 0.000        ; 0.072      ; 0.597      ;
; 0.355 ; oled_app_ctrl:u_oled_app|clear_cnt[0]                              ; oled_app_ctrl:u_oled_app|clear_cnt[0]                              ; clk          ; clk         ; 0.000        ; 0.071      ; 0.597      ;
; 0.387 ; i2c_control:u_i2c_ctrl|i2c_bit_shift:i2c_bit_shift|div_cnt[19]     ; i2c_control:u_i2c_ctrl|i2c_bit_shift:i2c_bit_shift|div_cnt[19]     ; clk          ; clk         ; 0.000        ; 0.072      ; 0.630      ;
; 0.406 ; oled_app_ctrl:u_oled_app|clear_cnt[12]                             ; oled_app_ctrl:u_oled_app|clear_cnt[12]                             ; clk          ; clk         ; 0.000        ; 0.071      ; 0.648      ;
; 0.413 ; i2c_control:u_i2c_ctrl|i2c_bit_shift:i2c_bit_shift|cnt[4]          ; i2c_control:u_i2c_ctrl|i2c_bit_shift:i2c_bit_shift|cnt[4]          ; clk          ; clk         ; 0.000        ; 0.072      ; 0.656      ;
; 0.421 ; oled_app_ctrl:u_oled_app|state.DONE                                ; oled_app_ctrl:u_oled_app|state.TEST_DATA                           ; clk          ; clk         ; 0.000        ; 0.468      ; 1.060      ;
; 0.438 ; i2c_control:u_i2c_ctrl|state.WAIT_WR_DONE                          ; i2c_control:u_i2c_ctrl|state.WR_REG_DONE                           ; clk          ; clk         ; 0.000        ; 0.072      ; 0.681      ;
; 0.439 ; i2c_control:u_i2c_ctrl|state.IDLE                                  ; i2c_control:u_i2c_ctrl|RW_Done                                     ; clk          ; clk         ; 0.000        ; 0.072      ; 0.682      ;
; 0.484 ; i2c_control:u_i2c_ctrl|i2c_bit_shift:i2c_bit_shift|div_cnt[2]      ; i2c_control:u_i2c_ctrl|i2c_bit_shift:i2c_bit_shift|div_cnt[3]      ; clk          ; clk         ; 0.000        ; 0.467      ; 1.122      ;
; 0.521 ; i2c_control:u_i2c_ctrl|cnt[2]                                      ; i2c_control:u_i2c_ctrl|state.WR_REG_DONE                           ; clk          ; clk         ; 0.000        ; 0.072      ; 0.764      ;
; 0.555 ; i2c_control:u_i2c_ctrl|state.WR_REG                                ; i2c_control:u_i2c_ctrl|Go                                          ; clk          ; clk         ; 0.000        ; 0.072      ; 0.798      ;
; 0.573 ; i2c_control:u_i2c_ctrl|i2c_bit_shift:i2c_bit_shift|div_cnt[3]      ; i2c_control:u_i2c_ctrl|i2c_bit_shift:i2c_bit_shift|div_cnt[3]      ; clk          ; clk         ; 0.000        ; 0.088      ; 0.832      ;
; 0.578 ; oled_app_ctrl:u_oled_app|delay_cnt[3]                              ; oled_app_ctrl:u_oled_app|delay_cnt[3]                              ; clk          ; clk         ; 0.000        ; 0.072      ; 0.821      ;
; 0.579 ; oled_app_ctrl:u_oled_app|delay_cnt[5]                              ; oled_app_ctrl:u_oled_app|delay_cnt[5]                              ; clk          ; clk         ; 0.000        ; 0.072      ; 0.822      ;
; 0.579 ; i2c_control:u_i2c_ctrl|state.WR_REG                                ; i2c_control:u_i2c_ctrl|state.WAIT_WR_DONE                          ; clk          ; clk         ; 0.000        ; 0.073      ; 0.823      ;
; 0.580 ; oled_app_ctrl:u_oled_app|delay_cnt[6]                              ; oled_app_ctrl:u_oled_app|delay_cnt[6]                              ; clk          ; clk         ; 0.000        ; 0.072      ; 0.823      ;
; 0.581 ; oled_app_ctrl:u_oled_app|clear_cnt[3]                              ; oled_app_ctrl:u_oled_app|clear_cnt[3]                              ; clk          ; clk         ; 0.000        ; 0.071      ; 0.823      ;
; 0.581 ; oled_app_ctrl:u_oled_app|clear_cnt[6]                              ; oled_app_ctrl:u_oled_app|clear_cnt[6]                              ; clk          ; clk         ; 0.000        ; 0.071      ; 0.823      ;
; 0.581 ; oled_app_ctrl:u_oled_app|delay_cnt[1]                              ; oled_app_ctrl:u_oled_app|delay_cnt[1]                              ; clk          ; clk         ; 0.000        ; 0.072      ; 0.824      ;
; 0.581 ; i2c_control:u_i2c_ctrl|i2c_bit_shift:i2c_bit_shift|div_cnt[1]      ; i2c_control:u_i2c_ctrl|i2c_bit_shift:i2c_bit_shift|div_cnt[3]      ; clk          ; clk         ; 0.000        ; 0.467      ; 1.219      ;
; 0.582 ; oled_app_ctrl:u_oled_app|clear_cnt[5]                              ; oled_app_ctrl:u_oled_app|clear_cnt[5]                              ; clk          ; clk         ; 0.000        ; 0.071      ; 0.824      ;
; 0.583 ; oled_app_ctrl:u_oled_app|clear_cnt[2]                              ; oled_app_ctrl:u_oled_app|clear_cnt[2]                              ; clk          ; clk         ; 0.000        ; 0.071      ; 0.825      ;
; 0.583 ; oled_app_ctrl:u_oled_app|delay_cnt[2]                              ; oled_app_ctrl:u_oled_app|delay_cnt[2]                              ; clk          ; clk         ; 0.000        ; 0.072      ; 0.826      ;
; 0.584 ; oled_app_ctrl:u_oled_app|clear_cnt[4]                              ; oled_app_ctrl:u_oled_app|clear_cnt[4]                              ; clk          ; clk         ; 0.000        ; 0.071      ; 0.826      ;
; 0.584 ; oled_app_ctrl:u_oled_app|delay_cnt[4]                              ; oled_app_ctrl:u_oled_app|delay_cnt[4]                              ; clk          ; clk         ; 0.000        ; 0.072      ; 0.827      ;
; 0.585 ; oled_app_ctrl:u_oled_app|clear_cnt[8]                              ; oled_app_ctrl:u_oled_app|clear_cnt[8]                              ; clk          ; clk         ; 0.000        ; 0.071      ; 0.827      ;
; 0.586 ; i2c_control:u_i2c_ctrl|i2c_bit_shift:i2c_bit_shift|div_cnt[13]     ; i2c_control:u_i2c_ctrl|i2c_bit_shift:i2c_bit_shift|div_cnt[13]     ; clk          ; clk         ; 0.000        ; 0.072      ; 0.829      ;
; 0.587 ; i2c_control:u_i2c_ctrl|i2c_bit_shift:i2c_bit_shift|div_cnt[11]     ; i2c_control:u_i2c_ctrl|i2c_bit_shift:i2c_bit_shift|div_cnt[11]     ; clk          ; clk         ; 0.000        ; 0.072      ; 0.830      ;
; 0.587 ; oled_app_ctrl:u_oled_app|clear_cnt[7]                              ; oled_app_ctrl:u_oled_app|clear_cnt[7]                              ; clk          ; clk         ; 0.000        ; 0.071      ; 0.829      ;
; 0.587 ; oled_app_ctrl:u_oled_app|clear_cnt[9]                              ; oled_app_ctrl:u_oled_app|clear_cnt[9]                              ; clk          ; clk         ; 0.000        ; 0.071      ; 0.829      ;
; 0.588 ; i2c_control:u_i2c_ctrl|i2c_bit_shift:i2c_bit_shift|div_cnt[16]     ; i2c_control:u_i2c_ctrl|i2c_bit_shift:i2c_bit_shift|div_cnt[16]     ; clk          ; clk         ; 0.000        ; 0.072      ; 0.831      ;
; 0.588 ; oled_app_ctrl:u_oled_app|step[5]                                   ; oled_app_ctrl:u_oled_app|step[5]                                   ; clk          ; clk         ; 0.000        ; 0.071      ; 0.830      ;
; 0.589 ; i2c_control:u_i2c_ctrl|i2c_bit_shift:i2c_bit_shift|div_cnt[10]     ; i2c_control:u_i2c_ctrl|i2c_bit_shift:i2c_bit_shift|div_cnt[10]     ; clk          ; clk         ; 0.000        ; 0.072      ; 0.832      ;
; 0.591 ; i2c_control:u_i2c_ctrl|i2c_bit_shift:i2c_bit_shift|div_cnt[1]      ; i2c_control:u_i2c_ctrl|i2c_bit_shift:i2c_bit_shift|div_cnt[1]      ; clk          ; clk         ; 0.000        ; 0.071      ; 0.833      ;
; 0.591 ; i2c_control:u_i2c_ctrl|i2c_bit_shift:i2c_bit_shift|div_cnt[14]     ; i2c_control:u_i2c_ctrl|i2c_bit_shift:i2c_bit_shift|div_cnt[14]     ; clk          ; clk         ; 0.000        ; 0.072      ; 0.834      ;
; 0.591 ; i2c_control:u_i2c_ctrl|i2c_bit_shift:i2c_bit_shift|div_cnt[17]     ; i2c_control:u_i2c_ctrl|i2c_bit_shift:i2c_bit_shift|div_cnt[17]     ; clk          ; clk         ; 0.000        ; 0.072      ; 0.834      ;
; 0.592 ; i2c_control:u_i2c_ctrl|i2c_bit_shift:i2c_bit_shift|div_cnt[2]      ; i2c_control:u_i2c_ctrl|i2c_bit_shift:i2c_bit_shift|div_cnt[2]      ; clk          ; clk         ; 0.000        ; 0.071      ; 0.834      ;
; 0.593 ; i2c_control:u_i2c_ctrl|i2c_bit_shift:i2c_bit_shift|div_cnt[18]     ; i2c_control:u_i2c_ctrl|i2c_bit_shift:i2c_bit_shift|div_cnt[18]     ; clk          ; clk         ; 0.000        ; 0.072      ; 0.836      ;
; 0.594 ; i2c_control:u_i2c_ctrl|state.RD_REG                                ; i2c_control:u_i2c_ctrl|state.WAIT_RD_DONE                          ; clk          ; clk         ; 0.000        ; 0.071      ; 0.836      ;
; 0.598 ; oled_app_ctrl:u_oled_app|delay_cnt[13]                             ; oled_app_ctrl:u_oled_app|delay_cnt[13]                             ; clk          ; clk         ; 0.000        ; 0.072      ; 0.841      ;
; 0.598 ; oled_app_ctrl:u_oled_app|delay_cnt[15]                             ; oled_app_ctrl:u_oled_app|delay_cnt[15]                             ; clk          ; clk         ; 0.000        ; 0.072      ; 0.841      ;
; 0.599 ; oled_app_ctrl:u_oled_app|delay_cnt[11]                             ; oled_app_ctrl:u_oled_app|delay_cnt[11]                             ; clk          ; clk         ; 0.000        ; 0.072      ; 0.842      ;
; 0.599 ; oled_app_ctrl:u_oled_app|delay_cnt[19]                             ; oled_app_ctrl:u_oled_app|delay_cnt[19]                             ; clk          ; clk         ; 0.000        ; 0.072      ; 0.842      ;
; 0.599 ; oled_app_ctrl:u_oled_app|delay_cnt[21]                             ; oled_app_ctrl:u_oled_app|delay_cnt[21]                             ; clk          ; clk         ; 0.000        ; 0.072      ; 0.842      ;
; 0.599 ; oled_app_ctrl:u_oled_app|delay_cnt[29]                             ; oled_app_ctrl:u_oled_app|delay_cnt[29]                             ; clk          ; clk         ; 0.000        ; 0.072      ; 0.842      ;
; 0.600 ; i2c_control:u_i2c_ctrl|i2c_bit_shift:i2c_bit_shift|div_cnt[15]     ; i2c_control:u_i2c_ctrl|i2c_bit_shift:i2c_bit_shift|div_cnt[15]     ; clk          ; clk         ; 0.000        ; 0.072      ; 0.843      ;
; 0.600 ; oled_app_ctrl:u_oled_app|clear_cnt[1]                              ; oled_app_ctrl:u_oled_app|clear_cnt[1]                              ; clk          ; clk         ; 0.000        ; 0.071      ; 0.842      ;
; 0.600 ; oled_app_ctrl:u_oled_app|delay_cnt[31]                             ; oled_app_ctrl:u_oled_app|delay_cnt[31]                             ; clk          ; clk         ; 0.000        ; 0.072      ; 0.843      ;
; 0.600 ; oled_app_ctrl:u_oled_app|delay_cnt[27]                             ; oled_app_ctrl:u_oled_app|delay_cnt[27]                             ; clk          ; clk         ; 0.000        ; 0.072      ; 0.843      ;
; 0.601 ; oled_app_ctrl:u_oled_app|delay_cnt[22]                             ; oled_app_ctrl:u_oled_app|delay_cnt[22]                             ; clk          ; clk         ; 0.000        ; 0.072      ; 0.844      ;
; 0.602 ; oled_app_ctrl:u_oled_app|delay_cnt[7]                              ; oled_app_ctrl:u_oled_app|delay_cnt[7]                              ; clk          ; clk         ; 0.000        ; 0.072      ; 0.845      ;
; 0.602 ; oled_app_ctrl:u_oled_app|delay_cnt[9]                              ; oled_app_ctrl:u_oled_app|delay_cnt[9]                              ; clk          ; clk         ; 0.000        ; 0.072      ; 0.845      ;
; 0.603 ; i2c_control:u_i2c_ctrl|i2c_bit_shift:i2c_bit_shift|div_cnt[0]      ; i2c_control:u_i2c_ctrl|i2c_bit_shift:i2c_bit_shift|div_cnt[0]      ; clk          ; clk         ; 0.000        ; 0.088      ; 0.862      ;
; 0.603 ; oled_app_ctrl:u_oled_app|delay_cnt[14]                             ; oled_app_ctrl:u_oled_app|delay_cnt[14]                             ; clk          ; clk         ; 0.000        ; 0.072      ; 0.846      ;
; 0.603 ; oled_app_ctrl:u_oled_app|delay_cnt[16]                             ; oled_app_ctrl:u_oled_app|delay_cnt[16]                             ; clk          ; clk         ; 0.000        ; 0.072      ; 0.846      ;
; 0.603 ; oled_app_ctrl:u_oled_app|delay_cnt[25]                             ; oled_app_ctrl:u_oled_app|delay_cnt[25]                             ; clk          ; clk         ; 0.000        ; 0.072      ; 0.846      ;
; 0.603 ; oled_app_ctrl:u_oled_app|delay_cnt[23]                             ; oled_app_ctrl:u_oled_app|delay_cnt[23]                             ; clk          ; clk         ; 0.000        ; 0.072      ; 0.846      ;
; 0.604 ; i2c_control:u_i2c_ctrl|i2c_bit_shift:i2c_bit_shift|div_cnt[12]     ; i2c_control:u_i2c_ctrl|i2c_bit_shift:i2c_bit_shift|div_cnt[12]     ; clk          ; clk         ; 0.000        ; 0.072      ; 0.847      ;
; 0.604 ; oled_app_ctrl:u_oled_app|delay_cnt[0]                              ; oled_app_ctrl:u_oled_app|delay_cnt[0]                              ; clk          ; clk         ; 0.000        ; 0.072      ; 0.847      ;
; 0.604 ; oled_app_ctrl:u_oled_app|delay_cnt[8]                              ; oled_app_ctrl:u_oled_app|delay_cnt[8]                              ; clk          ; clk         ; 0.000        ; 0.072      ; 0.847      ;
; 0.604 ; oled_app_ctrl:u_oled_app|delay_cnt[10]                             ; oled_app_ctrl:u_oled_app|delay_cnt[10]                             ; clk          ; clk         ; 0.000        ; 0.072      ; 0.847      ;
; 0.604 ; oled_app_ctrl:u_oled_app|delay_cnt[12]                             ; oled_app_ctrl:u_oled_app|delay_cnt[12]                             ; clk          ; clk         ; 0.000        ; 0.072      ; 0.847      ;
; 0.604 ; oled_app_ctrl:u_oled_app|delay_cnt[18]                             ; oled_app_ctrl:u_oled_app|delay_cnt[18]                             ; clk          ; clk         ; 0.000        ; 0.072      ; 0.847      ;
; 0.604 ; oled_app_ctrl:u_oled_app|delay_cnt[20]                             ; oled_app_ctrl:u_oled_app|delay_cnt[20]                             ; clk          ; clk         ; 0.000        ; 0.072      ; 0.847      ;
; 0.604 ; oled_app_ctrl:u_oled_app|delay_cnt[30]                             ; oled_app_ctrl:u_oled_app|delay_cnt[30]                             ; clk          ; clk         ; 0.000        ; 0.072      ; 0.847      ;
; 0.604 ; oled_app_ctrl:u_oled_app|clear_cnt[0]                              ; oled_app_ctrl:u_oled_app|clear_cnt[1]                              ; clk          ; clk         ; 0.000        ; 0.071      ; 0.846      ;
; 0.605 ; oled_app_ctrl:u_oled_app|delay_cnt[24]                             ; oled_app_ctrl:u_oled_app|delay_cnt[24]                             ; clk          ; clk         ; 0.000        ; 0.072      ; 0.848      ;
; 0.605 ; oled_app_ctrl:u_oled_app|delay_cnt[26]                             ; oled_app_ctrl:u_oled_app|delay_cnt[26]                             ; clk          ; clk         ; 0.000        ; 0.072      ; 0.848      ;
; 0.605 ; oled_app_ctrl:u_oled_app|delay_cnt[28]                             ; oled_app_ctrl:u_oled_app|delay_cnt[28]                             ; clk          ; clk         ; 0.000        ; 0.072      ; 0.848      ;
; 0.606 ; i2c_control:u_i2c_ctrl|i2c_bit_shift:i2c_bit_shift|div_cnt[4]      ; i2c_control:u_i2c_ctrl|i2c_bit_shift:i2c_bit_shift|div_cnt[4]      ; clk          ; clk         ; 0.000        ; 0.071      ; 0.848      ;
; 0.609 ; oled_app_ctrl:u_oled_app|clear_cnt[11]                             ; oled_app_ctrl:u_oled_app|clear_cnt[11]                             ; clk          ; clk         ; 0.000        ; 0.071      ; 0.851      ;
; 0.610 ; i2c_control:u_i2c_ctrl|cnt[2]                                      ; i2c_control:u_i2c_ctrl|state.RD_REG                                ; clk          ; clk         ; 0.000        ; 0.072      ; 0.853      ;
; 0.611 ; oled_app_ctrl:u_oled_app|clear_cnt[10]                             ; oled_app_ctrl:u_oled_app|clear_cnt[10]                             ; clk          ; clk         ; 0.000        ; 0.071      ; 0.853      ;
; 0.622 ; i2c_control:u_i2c_ctrl|i2c_bit_shift:i2c_bit_shift|cnt[1]          ; i2c_control:u_i2c_ctrl|i2c_bit_shift:i2c_bit_shift|cnt[1]          ; clk          ; clk         ; 0.000        ; 0.072      ; 0.865      ;
; 0.625 ; oled_app_ctrl:u_oled_app|state.IDLE                                ; oled_app_ctrl:u_oled_app|state.TEST_DATA                           ; clk          ; clk         ; 0.000        ; 0.468      ; 1.264      ;
; 0.627 ; i2c_control:u_i2c_ctrl|cnt[2]                                      ; i2c_control:u_i2c_ctrl|state.RD_REG_DONE                           ; clk          ; clk         ; 0.000        ; 0.072      ; 0.870      ;
; 0.631 ; i2c_control:u_i2c_ctrl|i2c_bit_shift:i2c_bit_shift|cnt[3]          ; i2c_control:u_i2c_ctrl|i2c_bit_shift:i2c_bit_shift|cnt[3]          ; clk          ; clk         ; 0.000        ; 0.072      ; 0.874      ;
; 0.634 ; i2c_control:u_i2c_ctrl|i2c_bit_shift:i2c_bit_shift|cnt[2]          ; i2c_control:u_i2c_ctrl|i2c_bit_shift:i2c_bit_shift|cnt[2]          ; clk          ; clk         ; 0.000        ; 0.072      ; 0.877      ;
; 0.636 ; oled_app_ctrl:u_oled_app|step[4]                                   ; oled_app_ctrl:u_oled_app|step[4]                                   ; clk          ; clk         ; 0.000        ; 0.071      ; 0.878      ;
; 0.641 ; oled_app_ctrl:u_oled_app|step[1]                                   ; oled_app_ctrl:u_oled_app|step[1]                                   ; clk          ; clk         ; 0.000        ; 0.071      ; 0.883      ;
; 0.643 ; oled_app_ctrl:u_oled_app|step[3]                                   ; oled_app_ctrl:u_oled_app|step[3]                                   ; clk          ; clk         ; 0.000        ; 0.071      ; 0.885      ;
; 0.647 ; i2c_control:u_i2c_ctrl|state.WAIT_WR_DONE                          ; i2c_control:u_i2c_ctrl|cnt[1]                                      ; clk          ; clk         ; 0.000        ; 0.072      ; 0.890      ;
; 0.652 ; i2c_control:u_i2c_ctrl|i2c_bit_shift:i2c_bit_shift|cnt[0]          ; i2c_control:u_i2c_ctrl|i2c_bit_shift:i2c_bit_shift|cnt[0]          ; clk          ; clk         ; 0.000        ; 0.072      ; 0.895      ;
; 0.652 ; oled_app_ctrl:u_oled_app|step[2]                                   ; oled_app_ctrl:u_oled_app|step[2]                                   ; clk          ; clk         ; 0.000        ; 0.071      ; 0.894      ;
+-------+--------------------------------------------------------------------+--------------------------------------------------------------------+--------------+-------------+--------------+------------+------------+


----------------------------------------------
; Slow 1200mV 0C Model Metastability Summary ;
----------------------------------------------
No synchronizer chains to report.


+------------------------------------+
; Fast 1200mV 0C Model Setup Summary ;
+-------+--------+-------------------+
; Clock ; Slack  ; End Point TNS     ;
+-------+--------+-------------------+
; clk   ; -1.115 ; -79.286           ;
+-------+--------+-------------------+


+-----------------------------------+
; Fast 1200mV 0C Model Hold Summary ;
+-------+-------+-------------------+
; Clock ; Slack ; End Point TNS     ;
+-------+-------+-------------------+
; clk   ; 0.173 ; 0.000             ;
+-------+-------+-------------------+


-----------------------------------------
; Fast 1200mV 0C Model Recovery Summary ;
-----------------------------------------
No paths to report.


----------------------------------------
; Fast 1200mV 0C Model Removal Summary ;
----------------------------------------
No paths to report.


+--------------------------------------------------+
; Fast 1200mV 0C Model Minimum Pulse Width Summary ;
+-------+--------+---------------------------------+
; Clock ; Slack  ; End Point TNS                   ;
+-------+--------+---------------------------------+
; clk   ; -3.000 ; -138.099                        ;
+-------+--------+---------------------------------+


+----------------------------------------------------------------------------------------------------------------------------------------------------------------+
; Fast 1200mV 0C Model Setup: 'clk'                                                                                                                              ;
+--------+----------------------------------------+----------------------------------------+--------------+-------------+--------------+------------+------------+
; Slack  ; From Node                              ; To Node                                ; Launch Clock ; Latch Clock ; Relationship ; Clock Skew ; Data Delay ;
+--------+----------------------------------------+----------------------------------------+--------------+-------------+--------------+------------+------------+
; -1.115 ; oled_app_ctrl:u_oled_app|delay_cnt[21] ; oled_app_ctrl:u_oled_app|state.INIT    ; clk          ; clk         ; 1.000        ; -0.048     ; 2.054      ;
; -1.079 ; oled_app_ctrl:u_oled_app|delay_cnt[20] ; oled_app_ctrl:u_oled_app|state.INIT    ; clk          ; clk         ; 1.000        ; -0.048     ; 2.018      ;
; -1.078 ; oled_app_ctrl:u_oled_app|delay_cnt[21] ; oled_app_ctrl:u_oled_app|state.CLEAR   ; clk          ; clk         ; 1.000        ; -0.048     ; 2.017      ;
; -1.073 ; oled_app_ctrl:u_oled_app|delay_cnt[21] ; oled_app_ctrl:u_oled_app|delay_cnt[31] ; clk          ; clk         ; 1.000        ; -0.042     ; 2.018      ;
; -1.073 ; oled_app_ctrl:u_oled_app|delay_cnt[21] ; oled_app_ctrl:u_oled_app|delay_cnt[22] ; clk          ; clk         ; 1.000        ; -0.042     ; 2.018      ;
; -1.073 ; oled_app_ctrl:u_oled_app|delay_cnt[21] ; oled_app_ctrl:u_oled_app|delay_cnt[16] ; clk          ; clk         ; 1.000        ; -0.042     ; 2.018      ;
; -1.073 ; oled_app_ctrl:u_oled_app|delay_cnt[21] ; oled_app_ctrl:u_oled_app|delay_cnt[18] ; clk          ; clk         ; 1.000        ; -0.042     ; 2.018      ;
; -1.073 ; oled_app_ctrl:u_oled_app|delay_cnt[21] ; oled_app_ctrl:u_oled_app|delay_cnt[19] ; clk          ; clk         ; 1.000        ; -0.042     ; 2.018      ;
; -1.073 ; oled_app_ctrl:u_oled_app|delay_cnt[21] ; oled_app_ctrl:u_oled_app|delay_cnt[20] ; clk          ; clk         ; 1.000        ; -0.042     ; 2.018      ;
; -1.073 ; oled_app_ctrl:u_oled_app|delay_cnt[21] ; oled_app_ctrl:u_oled_app|delay_cnt[21] ; clk          ; clk         ; 1.000        ; -0.042     ; 2.018      ;
; -1.073 ; oled_app_ctrl:u_oled_app|delay_cnt[21] ; oled_app_ctrl:u_oled_app|delay_cnt[25] ; clk          ; clk         ; 1.000        ; -0.042     ; 2.018      ;
; -1.073 ; oled_app_ctrl:u_oled_app|delay_cnt[21] ; oled_app_ctrl:u_oled_app|delay_cnt[23] ; clk          ; clk         ; 1.000        ; -0.042     ; 2.018      ;
; -1.073 ; oled_app_ctrl:u_oled_app|delay_cnt[21] ; oled_app_ctrl:u_oled_app|delay_cnt[24] ; clk          ; clk         ; 1.000        ; -0.042     ; 2.018      ;
; -1.073 ; oled_app_ctrl:u_oled_app|delay_cnt[21] ; oled_app_ctrl:u_oled_app|delay_cnt[26] ; clk          ; clk         ; 1.000        ; -0.042     ; 2.018      ;
; -1.073 ; oled_app_ctrl:u_oled_app|delay_cnt[21] ; oled_app_ctrl:u_oled_app|delay_cnt[27] ; clk          ; clk         ; 1.000        ; -0.042     ; 2.018      ;
; -1.073 ; oled_app_ctrl:u_oled_app|delay_cnt[21] ; oled_app_ctrl:u_oled_app|delay_cnt[29] ; clk          ; clk         ; 1.000        ; -0.042     ; 2.018      ;
; -1.073 ; oled_app_ctrl:u_oled_app|delay_cnt[21] ; oled_app_ctrl:u_oled_app|delay_cnt[28] ; clk          ; clk         ; 1.000        ; -0.042     ; 2.018      ;
; -1.073 ; oled_app_ctrl:u_oled_app|delay_cnt[21] ; oled_app_ctrl:u_oled_app|delay_cnt[30] ; clk          ; clk         ; 1.000        ; -0.042     ; 2.018      ;
; -1.072 ; oled_app_ctrl:u_oled_app|delay_cnt[19] ; oled_app_ctrl:u_oled_app|state.INIT    ; clk          ; clk         ; 1.000        ; -0.048     ; 2.011      ;
; -1.042 ; oled_app_ctrl:u_oled_app|delay_cnt[20] ; oled_app_ctrl:u_oled_app|state.CLEAR   ; clk          ; clk         ; 1.000        ; -0.048     ; 1.981      ;
; -1.037 ; oled_app_ctrl:u_oled_app|delay_cnt[20] ; oled_app_ctrl:u_oled_app|delay_cnt[31] ; clk          ; clk         ; 1.000        ; -0.042     ; 1.982      ;
; -1.037 ; oled_app_ctrl:u_oled_app|delay_cnt[20] ; oled_app_ctrl:u_oled_app|delay_cnt[22] ; clk          ; clk         ; 1.000        ; -0.042     ; 1.982      ;
; -1.037 ; oled_app_ctrl:u_oled_app|delay_cnt[20] ; oled_app_ctrl:u_oled_app|delay_cnt[16] ; clk          ; clk         ; 1.000        ; -0.042     ; 1.982      ;
; -1.037 ; oled_app_ctrl:u_oled_app|delay_cnt[20] ; oled_app_ctrl:u_oled_app|delay_cnt[18] ; clk          ; clk         ; 1.000        ; -0.042     ; 1.982      ;
; -1.037 ; oled_app_ctrl:u_oled_app|delay_cnt[20] ; oled_app_ctrl:u_oled_app|delay_cnt[19] ; clk          ; clk         ; 1.000        ; -0.042     ; 1.982      ;
; -1.037 ; oled_app_ctrl:u_oled_app|delay_cnt[20] ; oled_app_ctrl:u_oled_app|delay_cnt[20] ; clk          ; clk         ; 1.000        ; -0.042     ; 1.982      ;
; -1.037 ; oled_app_ctrl:u_oled_app|delay_cnt[20] ; oled_app_ctrl:u_oled_app|delay_cnt[21] ; clk          ; clk         ; 1.000        ; -0.042     ; 1.982      ;
; -1.037 ; oled_app_ctrl:u_oled_app|delay_cnt[20] ; oled_app_ctrl:u_oled_app|delay_cnt[25] ; clk          ; clk         ; 1.000        ; -0.042     ; 1.982      ;
; -1.037 ; oled_app_ctrl:u_oled_app|delay_cnt[20] ; oled_app_ctrl:u_oled_app|delay_cnt[23] ; clk          ; clk         ; 1.000        ; -0.042     ; 1.982      ;
; -1.037 ; oled_app_ctrl:u_oled_app|delay_cnt[20] ; oled_app_ctrl:u_oled_app|delay_cnt[24] ; clk          ; clk         ; 1.000        ; -0.042     ; 1.982      ;
; -1.037 ; oled_app_ctrl:u_oled_app|delay_cnt[20] ; oled_app_ctrl:u_oled_app|delay_cnt[26] ; clk          ; clk         ; 1.000        ; -0.042     ; 1.982      ;
; -1.037 ; oled_app_ctrl:u_oled_app|delay_cnt[20] ; oled_app_ctrl:u_oled_app|delay_cnt[27] ; clk          ; clk         ; 1.000        ; -0.042     ; 1.982      ;
; -1.037 ; oled_app_ctrl:u_oled_app|delay_cnt[20] ; oled_app_ctrl:u_oled_app|delay_cnt[29] ; clk          ; clk         ; 1.000        ; -0.042     ; 1.982      ;
; -1.037 ; oled_app_ctrl:u_oled_app|delay_cnt[20] ; oled_app_ctrl:u_oled_app|delay_cnt[28] ; clk          ; clk         ; 1.000        ; -0.042     ; 1.982      ;
; -1.037 ; oled_app_ctrl:u_oled_app|delay_cnt[20] ; oled_app_ctrl:u_oled_app|delay_cnt[30] ; clk          ; clk         ; 1.000        ; -0.042     ; 1.982      ;
; -1.035 ; oled_app_ctrl:u_oled_app|delay_cnt[19] ; oled_app_ctrl:u_oled_app|state.CLEAR   ; clk          ; clk         ; 1.000        ; -0.048     ; 1.974      ;
; -1.030 ; oled_app_ctrl:u_oled_app|delay_cnt[19] ; oled_app_ctrl:u_oled_app|delay_cnt[31] ; clk          ; clk         ; 1.000        ; -0.042     ; 1.975      ;
; -1.030 ; oled_app_ctrl:u_oled_app|delay_cnt[19] ; oled_app_ctrl:u_oled_app|delay_cnt[22] ; clk          ; clk         ; 1.000        ; -0.042     ; 1.975      ;
; -1.030 ; oled_app_ctrl:u_oled_app|delay_cnt[19] ; oled_app_ctrl:u_oled_app|delay_cnt[16] ; clk          ; clk         ; 1.000        ; -0.042     ; 1.975      ;
; -1.030 ; oled_app_ctrl:u_oled_app|delay_cnt[19] ; oled_app_ctrl:u_oled_app|delay_cnt[18] ; clk          ; clk         ; 1.000        ; -0.042     ; 1.975      ;
; -1.030 ; oled_app_ctrl:u_oled_app|delay_cnt[19] ; oled_app_ctrl:u_oled_app|delay_cnt[19] ; clk          ; clk         ; 1.000        ; -0.042     ; 1.975      ;
; -1.030 ; oled_app_ctrl:u_oled_app|delay_cnt[19] ; oled_app_ctrl:u_oled_app|delay_cnt[20] ; clk          ; clk         ; 1.000        ; -0.042     ; 1.975      ;
; -1.030 ; oled_app_ctrl:u_oled_app|delay_cnt[19] ; oled_app_ctrl:u_oled_app|delay_cnt[21] ; clk          ; clk         ; 1.000        ; -0.042     ; 1.975      ;
; -1.030 ; oled_app_ctrl:u_oled_app|delay_cnt[19] ; oled_app_ctrl:u_oled_app|delay_cnt[25] ; clk          ; clk         ; 1.000        ; -0.042     ; 1.975      ;
; -1.030 ; oled_app_ctrl:u_oled_app|delay_cnt[19] ; oled_app_ctrl:u_oled_app|delay_cnt[23] ; clk          ; clk         ; 1.000        ; -0.042     ; 1.975      ;
; -1.030 ; oled_app_ctrl:u_oled_app|delay_cnt[19] ; oled_app_ctrl:u_oled_app|delay_cnt[24] ; clk          ; clk         ; 1.000        ; -0.042     ; 1.975      ;
; -1.030 ; oled_app_ctrl:u_oled_app|delay_cnt[19] ; oled_app_ctrl:u_oled_app|delay_cnt[26] ; clk          ; clk         ; 1.000        ; -0.042     ; 1.975      ;
; -1.030 ; oled_app_ctrl:u_oled_app|delay_cnt[19] ; oled_app_ctrl:u_oled_app|delay_cnt[27] ; clk          ; clk         ; 1.000        ; -0.042     ; 1.975      ;
; -1.030 ; oled_app_ctrl:u_oled_app|delay_cnt[19] ; oled_app_ctrl:u_oled_app|delay_cnt[29] ; clk          ; clk         ; 1.000        ; -0.042     ; 1.975      ;
; -1.030 ; oled_app_ctrl:u_oled_app|delay_cnt[19] ; oled_app_ctrl:u_oled_app|delay_cnt[28] ; clk          ; clk         ; 1.000        ; -0.042     ; 1.975      ;
; -1.030 ; oled_app_ctrl:u_oled_app|delay_cnt[19] ; oled_app_ctrl:u_oled_app|delay_cnt[30] ; clk          ; clk         ; 1.000        ; -0.042     ; 1.975      ;
; -1.026 ; oled_app_ctrl:u_oled_app|delay_cnt[21] ; oled_app_ctrl:u_oled_app|state.IDLE    ; clk          ; clk         ; 1.000        ; -0.048     ; 1.965      ;
; -1.015 ; oled_app_ctrl:u_oled_app|delay_cnt[23] ; oled_app_ctrl:u_oled_app|state.INIT    ; clk          ; clk         ; 1.000        ; -0.048     ; 1.954      ;
; -0.993 ; oled_app_ctrl:u_oled_app|delay_cnt[12] ; oled_app_ctrl:u_oled_app|state.INIT    ; clk          ; clk         ; 1.000        ; -0.045     ; 1.935      ;
; -0.990 ; oled_app_ctrl:u_oled_app|delay_cnt[20] ; oled_app_ctrl:u_oled_app|state.IDLE    ; clk          ; clk         ; 1.000        ; -0.048     ; 1.929      ;
; -0.983 ; oled_app_ctrl:u_oled_app|delay_cnt[19] ; oled_app_ctrl:u_oled_app|state.IDLE    ; clk          ; clk         ; 1.000        ; -0.048     ; 1.922      ;
; -0.978 ; oled_app_ctrl:u_oled_app|delay_cnt[23] ; oled_app_ctrl:u_oled_app|state.CLEAR   ; clk          ; clk         ; 1.000        ; -0.048     ; 1.917      ;
; -0.973 ; oled_app_ctrl:u_oled_app|delay_cnt[23] ; oled_app_ctrl:u_oled_app|delay_cnt[31] ; clk          ; clk         ; 1.000        ; -0.042     ; 1.918      ;
; -0.973 ; oled_app_ctrl:u_oled_app|delay_cnt[23] ; oled_app_ctrl:u_oled_app|delay_cnt[22] ; clk          ; clk         ; 1.000        ; -0.042     ; 1.918      ;
; -0.973 ; oled_app_ctrl:u_oled_app|delay_cnt[23] ; oled_app_ctrl:u_oled_app|delay_cnt[16] ; clk          ; clk         ; 1.000        ; -0.042     ; 1.918      ;
; -0.973 ; oled_app_ctrl:u_oled_app|delay_cnt[23] ; oled_app_ctrl:u_oled_app|delay_cnt[18] ; clk          ; clk         ; 1.000        ; -0.042     ; 1.918      ;
; -0.973 ; oled_app_ctrl:u_oled_app|delay_cnt[23] ; oled_app_ctrl:u_oled_app|delay_cnt[19] ; clk          ; clk         ; 1.000        ; -0.042     ; 1.918      ;
; -0.973 ; oled_app_ctrl:u_oled_app|delay_cnt[23] ; oled_app_ctrl:u_oled_app|delay_cnt[20] ; clk          ; clk         ; 1.000        ; -0.042     ; 1.918      ;
; -0.973 ; oled_app_ctrl:u_oled_app|delay_cnt[23] ; oled_app_ctrl:u_oled_app|delay_cnt[21] ; clk          ; clk         ; 1.000        ; -0.042     ; 1.918      ;
; -0.973 ; oled_app_ctrl:u_oled_app|delay_cnt[23] ; oled_app_ctrl:u_oled_app|delay_cnt[25] ; clk          ; clk         ; 1.000        ; -0.042     ; 1.918      ;
; -0.973 ; oled_app_ctrl:u_oled_app|delay_cnt[23] ; oled_app_ctrl:u_oled_app|delay_cnt[23] ; clk          ; clk         ; 1.000        ; -0.042     ; 1.918      ;
; -0.973 ; oled_app_ctrl:u_oled_app|delay_cnt[23] ; oled_app_ctrl:u_oled_app|delay_cnt[24] ; clk          ; clk         ; 1.000        ; -0.042     ; 1.918      ;
; -0.973 ; oled_app_ctrl:u_oled_app|delay_cnt[23] ; oled_app_ctrl:u_oled_app|delay_cnt[26] ; clk          ; clk         ; 1.000        ; -0.042     ; 1.918      ;
; -0.973 ; oled_app_ctrl:u_oled_app|delay_cnt[23] ; oled_app_ctrl:u_oled_app|delay_cnt[27] ; clk          ; clk         ; 1.000        ; -0.042     ; 1.918      ;
; -0.973 ; oled_app_ctrl:u_oled_app|delay_cnt[23] ; oled_app_ctrl:u_oled_app|delay_cnt[29] ; clk          ; clk         ; 1.000        ; -0.042     ; 1.918      ;
; -0.973 ; oled_app_ctrl:u_oled_app|delay_cnt[23] ; oled_app_ctrl:u_oled_app|delay_cnt[28] ; clk          ; clk         ; 1.000        ; -0.042     ; 1.918      ;
; -0.973 ; oled_app_ctrl:u_oled_app|delay_cnt[23] ; oled_app_ctrl:u_oled_app|delay_cnt[30] ; clk          ; clk         ; 1.000        ; -0.042     ; 1.918      ;
; -0.973 ; oled_app_ctrl:u_oled_app|delay_cnt[15] ; oled_app_ctrl:u_oled_app|state.INIT    ; clk          ; clk         ; 1.000        ; -0.045     ; 1.915      ;
; -0.969 ; oled_app_ctrl:u_oled_app|delay_cnt[13] ; oled_app_ctrl:u_oled_app|state.INIT    ; clk          ; clk         ; 1.000        ; -0.045     ; 1.911      ;
; -0.956 ; oled_app_ctrl:u_oled_app|delay_cnt[12] ; oled_app_ctrl:u_oled_app|state.CLEAR   ; clk          ; clk         ; 1.000        ; -0.045     ; 1.898      ;
; -0.951 ; oled_app_ctrl:u_oled_app|delay_cnt[12] ; oled_app_ctrl:u_oled_app|delay_cnt[31] ; clk          ; clk         ; 1.000        ; -0.039     ; 1.899      ;
; -0.951 ; oled_app_ctrl:u_oled_app|delay_cnt[12] ; oled_app_ctrl:u_oled_app|delay_cnt[22] ; clk          ; clk         ; 1.000        ; -0.039     ; 1.899      ;
; -0.951 ; oled_app_ctrl:u_oled_app|delay_cnt[12] ; oled_app_ctrl:u_oled_app|delay_cnt[16] ; clk          ; clk         ; 1.000        ; -0.039     ; 1.899      ;
; -0.951 ; oled_app_ctrl:u_oled_app|delay_cnt[12] ; oled_app_ctrl:u_oled_app|delay_cnt[18] ; clk          ; clk         ; 1.000        ; -0.039     ; 1.899      ;
; -0.951 ; oled_app_ctrl:u_oled_app|delay_cnt[12] ; oled_app_ctrl:u_oled_app|delay_cnt[19] ; clk          ; clk         ; 1.000        ; -0.039     ; 1.899      ;
; -0.951 ; oled_app_ctrl:u_oled_app|delay_cnt[12] ; oled_app_ctrl:u_oled_app|delay_cnt[20] ; clk          ; clk         ; 1.000        ; -0.039     ; 1.899      ;
; -0.951 ; oled_app_ctrl:u_oled_app|delay_cnt[12] ; oled_app_ctrl:u_oled_app|delay_cnt[21] ; clk          ; clk         ; 1.000        ; -0.039     ; 1.899      ;
; -0.951 ; oled_app_ctrl:u_oled_app|delay_cnt[12] ; oled_app_ctrl:u_oled_app|delay_cnt[25] ; clk          ; clk         ; 1.000        ; -0.039     ; 1.899      ;
; -0.951 ; oled_app_ctrl:u_oled_app|delay_cnt[12] ; oled_app_ctrl:u_oled_app|delay_cnt[23] ; clk          ; clk         ; 1.000        ; -0.039     ; 1.899      ;
; -0.951 ; oled_app_ctrl:u_oled_app|delay_cnt[12] ; oled_app_ctrl:u_oled_app|delay_cnt[24] ; clk          ; clk         ; 1.000        ; -0.039     ; 1.899      ;
; -0.951 ; oled_app_ctrl:u_oled_app|delay_cnt[12] ; oled_app_ctrl:u_oled_app|delay_cnt[26] ; clk          ; clk         ; 1.000        ; -0.039     ; 1.899      ;
; -0.951 ; oled_app_ctrl:u_oled_app|delay_cnt[12] ; oled_app_ctrl:u_oled_app|delay_cnt[27] ; clk          ; clk         ; 1.000        ; -0.039     ; 1.899      ;
; -0.951 ; oled_app_ctrl:u_oled_app|delay_cnt[12] ; oled_app_ctrl:u_oled_app|delay_cnt[29] ; clk          ; clk         ; 1.000        ; -0.039     ; 1.899      ;
; -0.951 ; oled_app_ctrl:u_oled_app|delay_cnt[12] ; oled_app_ctrl:u_oled_app|delay_cnt[28] ; clk          ; clk         ; 1.000        ; -0.039     ; 1.899      ;
; -0.951 ; oled_app_ctrl:u_oled_app|delay_cnt[12] ; oled_app_ctrl:u_oled_app|delay_cnt[30] ; clk          ; clk         ; 1.000        ; -0.039     ; 1.899      ;
; -0.940 ; oled_app_ctrl:u_oled_app|delay_cnt[22] ; oled_app_ctrl:u_oled_app|state.INIT    ; clk          ; clk         ; 1.000        ; -0.048     ; 1.879      ;
; -0.936 ; oled_app_ctrl:u_oled_app|delay_cnt[15] ; oled_app_ctrl:u_oled_app|state.CLEAR   ; clk          ; clk         ; 1.000        ; -0.045     ; 1.878      ;
; -0.932 ; oled_app_ctrl:u_oled_app|delay_cnt[13] ; oled_app_ctrl:u_oled_app|state.CLEAR   ; clk          ; clk         ; 1.000        ; -0.045     ; 1.874      ;
; -0.931 ; oled_app_ctrl:u_oled_app|delay_cnt[15] ; oled_app_ctrl:u_oled_app|delay_cnt[31] ; clk          ; clk         ; 1.000        ; -0.039     ; 1.879      ;
; -0.931 ; oled_app_ctrl:u_oled_app|delay_cnt[15] ; oled_app_ctrl:u_oled_app|delay_cnt[22] ; clk          ; clk         ; 1.000        ; -0.039     ; 1.879      ;
; -0.931 ; oled_app_ctrl:u_oled_app|delay_cnt[15] ; oled_app_ctrl:u_oled_app|delay_cnt[16] ; clk          ; clk         ; 1.000        ; -0.039     ; 1.879      ;
; -0.931 ; oled_app_ctrl:u_oled_app|delay_cnt[15] ; oled_app_ctrl:u_oled_app|delay_cnt[18] ; clk          ; clk         ; 1.000        ; -0.039     ; 1.879      ;
; -0.931 ; oled_app_ctrl:u_oled_app|delay_cnt[15] ; oled_app_ctrl:u_oled_app|delay_cnt[19] ; clk          ; clk         ; 1.000        ; -0.039     ; 1.879      ;
; -0.931 ; oled_app_ctrl:u_oled_app|delay_cnt[15] ; oled_app_ctrl:u_oled_app|delay_cnt[20] ; clk          ; clk         ; 1.000        ; -0.039     ; 1.879      ;
; -0.931 ; oled_app_ctrl:u_oled_app|delay_cnt[15] ; oled_app_ctrl:u_oled_app|delay_cnt[21] ; clk          ; clk         ; 1.000        ; -0.039     ; 1.879      ;
+--------+----------------------------------------+----------------------------------------+--------------+-------------+--------------+------------+------------+


+-----------------------------------------------------------------------------------------------------------------------------------------------------------------------------------------------------------------------+
; Fast 1200mV 0C Model Hold: 'clk'                                                                                                                                                                                      ;
+-------+--------------------------------------------------------------------+--------------------------------------------------------------------+--------------+-------------+--------------+------------+------------+
; Slack ; From Node                                                          ; To Node                                                            ; Launch Clock ; Latch Clock ; Relationship ; Clock Skew ; Data Delay ;
+-------+--------------------------------------------------------------------+--------------------------------------------------------------------+--------------+-------------+--------------+------------+------------+
; 0.173 ; i2c_control:u_i2c_ctrl|i2c_bit_shift:i2c_bit_shift|state.WR_DATA   ; i2c_control:u_i2c_ctrl|i2c_bit_shift:i2c_bit_shift|state.WR_DATA   ; clk          ; clk         ; 0.000        ; 0.050      ; 0.307      ;
; 0.173 ; i2c_control:u_i2c_ctrl|i2c_bit_shift:i2c_bit_shift|state.CHECK_ACK ; i2c_control:u_i2c_ctrl|i2c_bit_shift:i2c_bit_shift|state.CHECK_ACK ; clk          ; clk         ; 0.000        ; 0.050      ; 0.307      ;
; 0.173 ; i2c_control:u_i2c_ctrl|i2c_bit_shift:i2c_bit_shift|state.GEN_ACK   ; i2c_control:u_i2c_ctrl|i2c_bit_shift:i2c_bit_shift|state.GEN_ACK   ; clk          ; clk         ; 0.000        ; 0.050      ; 0.307      ;
; 0.173 ; i2c_control:u_i2c_ctrl|i2c_bit_shift:i2c_bit_shift|state.RD_DATA   ; i2c_control:u_i2c_ctrl|i2c_bit_shift:i2c_bit_shift|state.RD_DATA   ; clk          ; clk         ; 0.000        ; 0.050      ; 0.307      ;
; 0.174 ; oled_app_ctrl:u_oled_app|state.TEST_DATA                           ; oled_app_ctrl:u_oled_app|state.TEST_DATA                           ; clk          ; clk         ; 0.000        ; 0.049      ; 0.307      ;
; 0.181 ; i2c_control:u_i2c_ctrl|i2c_bit_shift:i2c_bit_shift|en_div_cnt      ; i2c_control:u_i2c_ctrl|i2c_bit_shift:i2c_bit_shift|en_div_cnt      ; clk          ; clk         ; 0.000        ; 0.042      ; 0.307      ;
; 0.181 ; i2c_control:u_i2c_ctrl|Cmd[3]                                      ; i2c_control:u_i2c_ctrl|Cmd[3]                                      ; clk          ; clk         ; 0.000        ; 0.042      ; 0.307      ;
; 0.181 ; i2c_control:u_i2c_ctrl|state.WAIT_RD_DONE                          ; i2c_control:u_i2c_ctrl|state.WAIT_RD_DONE                          ; clk          ; clk         ; 0.000        ; 0.042      ; 0.307      ;
; 0.181 ; i2c_control:u_i2c_ctrl|RW_Done                                     ; i2c_control:u_i2c_ctrl|RW_Done                                     ; clk          ; clk         ; 0.000        ; 0.042      ; 0.307      ;
; 0.182 ; i2c_control:u_i2c_ctrl|i2c_bit_shift:i2c_bit_shift|state.GEN_STO   ; i2c_control:u_i2c_ctrl|i2c_bit_shift:i2c_bit_shift|state.GEN_STO   ; clk          ; clk         ; 0.000        ; 0.041      ; 0.307      ;
; 0.182 ; i2c_control:u_i2c_ctrl|i2c_bit_shift:i2c_bit_shift|state.GEN_STA   ; i2c_control:u_i2c_ctrl|i2c_bit_shift:i2c_bit_shift|state.GEN_STA   ; clk          ; clk         ; 0.000        ; 0.041      ; 0.307      ;
; 0.182 ; i2c_control:u_i2c_ctrl|cnt[0]                                      ; i2c_control:u_i2c_ctrl|cnt[0]                                      ; clk          ; clk         ; 0.000        ; 0.041      ; 0.307      ;
; 0.182 ; i2c_control:u_i2c_ctrl|state.WAIT_WR_DONE                          ; i2c_control:u_i2c_ctrl|state.WAIT_WR_DONE                          ; clk          ; clk         ; 0.000        ; 0.041      ; 0.307      ;
; 0.182 ; oled_app_ctrl:u_oled_app|state.INIT                                ; oled_app_ctrl:u_oled_app|state.INIT                                ; clk          ; clk         ; 0.000        ; 0.041      ; 0.307      ;
; 0.182 ; oled_app_ctrl:u_oled_app|state.CLEAR                               ; oled_app_ctrl:u_oled_app|state.CLEAR                               ; clk          ; clk         ; 0.000        ; 0.041      ; 0.307      ;
; 0.182 ; oled_app_ctrl:u_oled_app|state.IDLE                                ; oled_app_ctrl:u_oled_app|state.IDLE                                ; clk          ; clk         ; 0.000        ; 0.041      ; 0.307      ;
; 0.182 ; oled_app_ctrl:u_oled_app|state.DONE                                ; oled_app_ctrl:u_oled_app|state.DONE                                ; clk          ; clk         ; 0.000        ; 0.041      ; 0.307      ;
; 0.182 ; oled_app_ctrl:u_oled_app|clear_cnt[0]                              ; oled_app_ctrl:u_oled_app|clear_cnt[0]                              ; clk          ; clk         ; 0.000        ; 0.041      ; 0.307      ;
; 0.192 ; i2c_control:u_i2c_ctrl|i2c_bit_shift:i2c_bit_shift|div_cnt[19]     ; i2c_control:u_i2c_ctrl|i2c_bit_shift:i2c_bit_shift|div_cnt[19]     ; clk          ; clk         ; 0.000        ; 0.042      ; 0.318      ;
; 0.204 ; oled_app_ctrl:u_oled_app|clear_cnt[12]                             ; oled_app_ctrl:u_oled_app|clear_cnt[12]                             ; clk          ; clk         ; 0.000        ; 0.041      ; 0.329      ;
; 0.205 ; oled_app_ctrl:u_oled_app|state.DONE                                ; oled_app_ctrl:u_oled_app|state.TEST_DATA                           ; clk          ; clk         ; 0.000        ; 0.243      ; 0.532      ;
; 0.207 ; i2c_control:u_i2c_ctrl|i2c_bit_shift:i2c_bit_shift|cnt[4]          ; i2c_control:u_i2c_ctrl|i2c_bit_shift:i2c_bit_shift|cnt[4]          ; clk          ; clk         ; 0.000        ; 0.042      ; 0.333      ;
; 0.213 ; i2c_control:u_i2c_ctrl|state.IDLE                                  ; i2c_control:u_i2c_ctrl|RW_Done                                     ; clk          ; clk         ; 0.000        ; 0.042      ; 0.339      ;
; 0.216 ; i2c_control:u_i2c_ctrl|state.WAIT_WR_DONE                          ; i2c_control:u_i2c_ctrl|state.WR_REG_DONE                           ; clk          ; clk         ; 0.000        ; 0.041      ; 0.341      ;
; 0.250 ; i2c_control:u_i2c_ctrl|i2c_bit_shift:i2c_bit_shift|div_cnt[2]      ; i2c_control:u_i2c_ctrl|i2c_bit_shift:i2c_bit_shift|div_cnt[3]      ; clk          ; clk         ; 0.000        ; 0.244      ; 0.578      ;
; 0.265 ; i2c_control:u_i2c_ctrl|cnt[2]                                      ; i2c_control:u_i2c_ctrl|state.WR_REG_DONE                           ; clk          ; clk         ; 0.000        ; 0.041      ; 0.390      ;
; 0.275 ; i2c_control:u_i2c_ctrl|state.WR_REG                                ; i2c_control:u_i2c_ctrl|Go                                          ; clk          ; clk         ; 0.000        ; 0.042      ; 0.401      ;
; 0.277 ; i2c_control:u_i2c_ctrl|state.RD_REG                                ; i2c_control:u_i2c_ctrl|state.WAIT_RD_DONE                          ; clk          ; clk         ; 0.000        ; 0.041      ; 0.402      ;
; 0.278 ; i2c_control:u_i2c_ctrl|state.WR_REG                                ; i2c_control:u_i2c_ctrl|state.WAIT_WR_DONE                          ; clk          ; clk         ; 0.000        ; 0.042      ; 0.404      ;
; 0.284 ; i2c_control:u_i2c_ctrl|i2c_bit_shift:i2c_bit_shift|div_cnt[3]      ; i2c_control:u_i2c_ctrl|i2c_bit_shift:i2c_bit_shift|div_cnt[3]      ; clk          ; clk         ; 0.000        ; 0.050      ; 0.418      ;
; 0.287 ; oled_app_ctrl:u_oled_app|delay_cnt[1]                              ; oled_app_ctrl:u_oled_app|delay_cnt[1]                              ; clk          ; clk         ; 0.000        ; 0.042      ; 0.413      ;
; 0.287 ; oled_app_ctrl:u_oled_app|delay_cnt[3]                              ; oled_app_ctrl:u_oled_app|delay_cnt[3]                              ; clk          ; clk         ; 0.000        ; 0.042      ; 0.413      ;
; 0.287 ; oled_app_ctrl:u_oled_app|delay_cnt[5]                              ; oled_app_ctrl:u_oled_app|delay_cnt[5]                              ; clk          ; clk         ; 0.000        ; 0.042      ; 0.413      ;
; 0.288 ; oled_app_ctrl:u_oled_app|delay_cnt[6]                              ; oled_app_ctrl:u_oled_app|delay_cnt[6]                              ; clk          ; clk         ; 0.000        ; 0.042      ; 0.414      ;
; 0.289 ; oled_app_ctrl:u_oled_app|clear_cnt[2]                              ; oled_app_ctrl:u_oled_app|clear_cnt[2]                              ; clk          ; clk         ; 0.000        ; 0.041      ; 0.414      ;
; 0.289 ; oled_app_ctrl:u_oled_app|clear_cnt[6]                              ; oled_app_ctrl:u_oled_app|clear_cnt[6]                              ; clk          ; clk         ; 0.000        ; 0.041      ; 0.414      ;
; 0.289 ; oled_app_ctrl:u_oled_app|delay_cnt[2]                              ; oled_app_ctrl:u_oled_app|delay_cnt[2]                              ; clk          ; clk         ; 0.000        ; 0.042      ; 0.415      ;
; 0.289 ; oled_app_ctrl:u_oled_app|delay_cnt[4]                              ; oled_app_ctrl:u_oled_app|delay_cnt[4]                              ; clk          ; clk         ; 0.000        ; 0.042      ; 0.415      ;
; 0.290 ; oled_app_ctrl:u_oled_app|clear_cnt[3]                              ; oled_app_ctrl:u_oled_app|clear_cnt[3]                              ; clk          ; clk         ; 0.000        ; 0.041      ; 0.415      ;
; 0.290 ; oled_app_ctrl:u_oled_app|clear_cnt[4]                              ; oled_app_ctrl:u_oled_app|clear_cnt[4]                              ; clk          ; clk         ; 0.000        ; 0.041      ; 0.415      ;
; 0.290 ; oled_app_ctrl:u_oled_app|clear_cnt[5]                              ; oled_app_ctrl:u_oled_app|clear_cnt[5]                              ; clk          ; clk         ; 0.000        ; 0.041      ; 0.415      ;
; 0.290 ; oled_app_ctrl:u_oled_app|clear_cnt[8]                              ; oled_app_ctrl:u_oled_app|clear_cnt[8]                              ; clk          ; clk         ; 0.000        ; 0.041      ; 0.415      ;
; 0.291 ; i2c_control:u_i2c_ctrl|i2c_bit_shift:i2c_bit_shift|div_cnt[11]     ; i2c_control:u_i2c_ctrl|i2c_bit_shift:i2c_bit_shift|div_cnt[11]     ; clk          ; clk         ; 0.000        ; 0.042      ; 0.417      ;
; 0.291 ; oled_app_ctrl:u_oled_app|clear_cnt[7]                              ; oled_app_ctrl:u_oled_app|clear_cnt[7]                              ; clk          ; clk         ; 0.000        ; 0.041      ; 0.416      ;
; 0.291 ; oled_app_ctrl:u_oled_app|clear_cnt[9]                              ; oled_app_ctrl:u_oled_app|clear_cnt[9]                              ; clk          ; clk         ; 0.000        ; 0.041      ; 0.416      ;
; 0.292 ; i2c_control:u_i2c_ctrl|i2c_bit_shift:i2c_bit_shift|div_cnt[10]     ; i2c_control:u_i2c_ctrl|i2c_bit_shift:i2c_bit_shift|div_cnt[10]     ; clk          ; clk         ; 0.000        ; 0.042      ; 0.418      ;
; 0.292 ; i2c_control:u_i2c_ctrl|i2c_bit_shift:i2c_bit_shift|div_cnt[13]     ; i2c_control:u_i2c_ctrl|i2c_bit_shift:i2c_bit_shift|div_cnt[13]     ; clk          ; clk         ; 0.000        ; 0.042      ; 0.418      ;
; 0.292 ; oled_app_ctrl:u_oled_app|step[5]                                   ; oled_app_ctrl:u_oled_app|step[5]                                   ; clk          ; clk         ; 0.000        ; 0.041      ; 0.417      ;
; 0.293 ; i2c_control:u_i2c_ctrl|i2c_bit_shift:i2c_bit_shift|div_cnt[16]     ; i2c_control:u_i2c_ctrl|i2c_bit_shift:i2c_bit_shift|div_cnt[16]     ; clk          ; clk         ; 0.000        ; 0.042      ; 0.419      ;
; 0.293 ; i2c_control:u_i2c_ctrl|i2c_bit_shift:i2c_bit_shift|div_cnt[17]     ; i2c_control:u_i2c_ctrl|i2c_bit_shift:i2c_bit_shift|div_cnt[17]     ; clk          ; clk         ; 0.000        ; 0.042      ; 0.419      ;
; 0.294 ; i2c_control:u_i2c_ctrl|i2c_bit_shift:i2c_bit_shift|div_cnt[1]      ; i2c_control:u_i2c_ctrl|i2c_bit_shift:i2c_bit_shift|div_cnt[1]      ; clk          ; clk         ; 0.000        ; 0.041      ; 0.419      ;
; 0.294 ; i2c_control:u_i2c_ctrl|i2c_bit_shift:i2c_bit_shift|div_cnt[18]     ; i2c_control:u_i2c_ctrl|i2c_bit_shift:i2c_bit_shift|div_cnt[18]     ; clk          ; clk         ; 0.000        ; 0.042      ; 0.420      ;
; 0.294 ; i2c_control:u_i2c_ctrl|i2c_bit_shift:i2c_bit_shift|div_cnt[14]     ; i2c_control:u_i2c_ctrl|i2c_bit_shift:i2c_bit_shift|div_cnt[14]     ; clk          ; clk         ; 0.000        ; 0.042      ; 0.420      ;
; 0.295 ; i2c_control:u_i2c_ctrl|i2c_bit_shift:i2c_bit_shift|div_cnt[2]      ; i2c_control:u_i2c_ctrl|i2c_bit_shift:i2c_bit_shift|div_cnt[2]      ; clk          ; clk         ; 0.000        ; 0.041      ; 0.420      ;
; 0.295 ; oled_app_ctrl:u_oled_app|clear_cnt[1]                              ; oled_app_ctrl:u_oled_app|clear_cnt[1]                              ; clk          ; clk         ; 0.000        ; 0.041      ; 0.420      ;
; 0.297 ; oled_app_ctrl:u_oled_app|delay_cnt[15]                             ; oled_app_ctrl:u_oled_app|delay_cnt[15]                             ; clk          ; clk         ; 0.000        ; 0.042      ; 0.423      ;
; 0.298 ; oled_app_ctrl:u_oled_app|delay_cnt[31]                             ; oled_app_ctrl:u_oled_app|delay_cnt[31]                             ; clk          ; clk         ; 0.000        ; 0.042      ; 0.424      ;
; 0.298 ; oled_app_ctrl:u_oled_app|delay_cnt[13]                             ; oled_app_ctrl:u_oled_app|delay_cnt[13]                             ; clk          ; clk         ; 0.000        ; 0.042      ; 0.424      ;
; 0.298 ; oled_app_ctrl:u_oled_app|clear_cnt[0]                              ; oled_app_ctrl:u_oled_app|clear_cnt[1]                              ; clk          ; clk         ; 0.000        ; 0.041      ; 0.423      ;
; 0.299 ; i2c_control:u_i2c_ctrl|i2c_bit_shift:i2c_bit_shift|div_cnt[15]     ; i2c_control:u_i2c_ctrl|i2c_bit_shift:i2c_bit_shift|div_cnt[15]     ; clk          ; clk         ; 0.000        ; 0.042      ; 0.425      ;
; 0.299 ; oled_app_ctrl:u_oled_app|delay_cnt[0]                              ; oled_app_ctrl:u_oled_app|delay_cnt[0]                              ; clk          ; clk         ; 0.000        ; 0.042      ; 0.425      ;
; 0.299 ; oled_app_ctrl:u_oled_app|delay_cnt[7]                              ; oled_app_ctrl:u_oled_app|delay_cnt[7]                              ; clk          ; clk         ; 0.000        ; 0.042      ; 0.425      ;
; 0.299 ; oled_app_ctrl:u_oled_app|delay_cnt[11]                             ; oled_app_ctrl:u_oled_app|delay_cnt[11]                             ; clk          ; clk         ; 0.000        ; 0.042      ; 0.425      ;
; 0.299 ; oled_app_ctrl:u_oled_app|delay_cnt[19]                             ; oled_app_ctrl:u_oled_app|delay_cnt[19]                             ; clk          ; clk         ; 0.000        ; 0.042      ; 0.425      ;
; 0.299 ; oled_app_ctrl:u_oled_app|delay_cnt[21]                             ; oled_app_ctrl:u_oled_app|delay_cnt[21]                             ; clk          ; clk         ; 0.000        ; 0.042      ; 0.425      ;
; 0.299 ; oled_app_ctrl:u_oled_app|delay_cnt[27]                             ; oled_app_ctrl:u_oled_app|delay_cnt[27]                             ; clk          ; clk         ; 0.000        ; 0.042      ; 0.425      ;
; 0.299 ; oled_app_ctrl:u_oled_app|delay_cnt[29]                             ; oled_app_ctrl:u_oled_app|delay_cnt[29]                             ; clk          ; clk         ; 0.000        ; 0.042      ; 0.425      ;
; 0.300 ; i2c_control:u_i2c_ctrl|i2c_bit_shift:i2c_bit_shift|div_cnt[0]      ; i2c_control:u_i2c_ctrl|i2c_bit_shift:i2c_bit_shift|div_cnt[0]      ; clk          ; clk         ; 0.000        ; 0.050      ; 0.434      ;
; 0.300 ; oled_app_ctrl:u_oled_app|delay_cnt[22]                             ; oled_app_ctrl:u_oled_app|delay_cnt[22]                             ; clk          ; clk         ; 0.000        ; 0.042      ; 0.426      ;
; 0.300 ; oled_app_ctrl:u_oled_app|delay_cnt[8]                              ; oled_app_ctrl:u_oled_app|delay_cnt[8]                              ; clk          ; clk         ; 0.000        ; 0.042      ; 0.426      ;
; 0.300 ; oled_app_ctrl:u_oled_app|delay_cnt[9]                              ; oled_app_ctrl:u_oled_app|delay_cnt[9]                              ; clk          ; clk         ; 0.000        ; 0.042      ; 0.426      ;
; 0.300 ; oled_app_ctrl:u_oled_app|delay_cnt[14]                             ; oled_app_ctrl:u_oled_app|delay_cnt[14]                             ; clk          ; clk         ; 0.000        ; 0.042      ; 0.426      ;
; 0.300 ; oled_app_ctrl:u_oled_app|delay_cnt[16]                             ; oled_app_ctrl:u_oled_app|delay_cnt[16]                             ; clk          ; clk         ; 0.000        ; 0.042      ; 0.426      ;
; 0.300 ; oled_app_ctrl:u_oled_app|delay_cnt[25]                             ; oled_app_ctrl:u_oled_app|delay_cnt[25]                             ; clk          ; clk         ; 0.000        ; 0.042      ; 0.426      ;
; 0.300 ; oled_app_ctrl:u_oled_app|delay_cnt[23]                             ; oled_app_ctrl:u_oled_app|delay_cnt[23]                             ; clk          ; clk         ; 0.000        ; 0.042      ; 0.426      ;
; 0.301 ; i2c_control:u_i2c_ctrl|i2c_bit_shift:i2c_bit_shift|div_cnt[12]     ; i2c_control:u_i2c_ctrl|i2c_bit_shift:i2c_bit_shift|div_cnt[12]     ; clk          ; clk         ; 0.000        ; 0.042      ; 0.427      ;
; 0.301 ; i2c_control:u_i2c_ctrl|cnt[2]                                      ; i2c_control:u_i2c_ctrl|state.RD_REG_DONE                           ; clk          ; clk         ; 0.000        ; 0.041      ; 0.426      ;
; 0.301 ; oled_app_ctrl:u_oled_app|delay_cnt[10]                             ; oled_app_ctrl:u_oled_app|delay_cnt[10]                             ; clk          ; clk         ; 0.000        ; 0.042      ; 0.427      ;
; 0.301 ; oled_app_ctrl:u_oled_app|delay_cnt[12]                             ; oled_app_ctrl:u_oled_app|delay_cnt[12]                             ; clk          ; clk         ; 0.000        ; 0.042      ; 0.427      ;
; 0.301 ; oled_app_ctrl:u_oled_app|delay_cnt[18]                             ; oled_app_ctrl:u_oled_app|delay_cnt[18]                             ; clk          ; clk         ; 0.000        ; 0.042      ; 0.427      ;
; 0.301 ; oled_app_ctrl:u_oled_app|delay_cnt[20]                             ; oled_app_ctrl:u_oled_app|delay_cnt[20]                             ; clk          ; clk         ; 0.000        ; 0.042      ; 0.427      ;
; 0.301 ; oled_app_ctrl:u_oled_app|delay_cnt[24]                             ; oled_app_ctrl:u_oled_app|delay_cnt[24]                             ; clk          ; clk         ; 0.000        ; 0.042      ; 0.427      ;
; 0.301 ; oled_app_ctrl:u_oled_app|delay_cnt[30]                             ; oled_app_ctrl:u_oled_app|delay_cnt[30]                             ; clk          ; clk         ; 0.000        ; 0.042      ; 0.427      ;
; 0.302 ; i2c_control:u_i2c_ctrl|i2c_bit_shift:i2c_bit_shift|div_cnt[4]      ; i2c_control:u_i2c_ctrl|i2c_bit_shift:i2c_bit_shift|div_cnt[4]      ; clk          ; clk         ; 0.000        ; 0.041      ; 0.427      ;
; 0.302 ; oled_app_ctrl:u_oled_app|delay_cnt[26]                             ; oled_app_ctrl:u_oled_app|delay_cnt[26]                             ; clk          ; clk         ; 0.000        ; 0.042      ; 0.428      ;
; 0.302 ; oled_app_ctrl:u_oled_app|delay_cnt[28]                             ; oled_app_ctrl:u_oled_app|delay_cnt[28]                             ; clk          ; clk         ; 0.000        ; 0.042      ; 0.428      ;
; 0.303 ; i2c_control:u_i2c_ctrl|i2c_bit_shift:i2c_bit_shift|div_cnt[1]      ; i2c_control:u_i2c_ctrl|i2c_bit_shift:i2c_bit_shift|div_cnt[3]      ; clk          ; clk         ; 0.000        ; 0.244      ; 0.631      ;
; 0.304 ; i2c_control:u_i2c_ctrl|cnt[2]                                      ; i2c_control:u_i2c_ctrl|state.RD_REG                                ; clk          ; clk         ; 0.000        ; 0.041      ; 0.429      ;
; 0.305 ; oled_app_ctrl:u_oled_app|clear_cnt[10]                             ; oled_app_ctrl:u_oled_app|clear_cnt[10]                             ; clk          ; clk         ; 0.000        ; 0.041      ; 0.430      ;
; 0.306 ; oled_app_ctrl:u_oled_app|clear_cnt[11]                             ; oled_app_ctrl:u_oled_app|clear_cnt[11]                             ; clk          ; clk         ; 0.000        ; 0.041      ; 0.431      ;
; 0.306 ; oled_app_ctrl:u_oled_app|state.IDLE                                ; oled_app_ctrl:u_oled_app|state.TEST_DATA                           ; clk          ; clk         ; 0.000        ; 0.243      ; 0.633      ;
; 0.313 ; i2c_control:u_i2c_ctrl|i2c_bit_shift:i2c_bit_shift|cnt[1]          ; i2c_control:u_i2c_ctrl|i2c_bit_shift:i2c_bit_shift|cnt[1]          ; clk          ; clk         ; 0.000        ; 0.042      ; 0.439      ;
; 0.318 ; i2c_control:u_i2c_ctrl|i2c_bit_shift:i2c_bit_shift|cnt[3]          ; i2c_control:u_i2c_ctrl|i2c_bit_shift:i2c_bit_shift|cnt[3]          ; clk          ; clk         ; 0.000        ; 0.042      ; 0.444      ;
; 0.320 ; i2c_control:u_i2c_ctrl|i2c_bit_shift:i2c_bit_shift|cnt[2]          ; i2c_control:u_i2c_ctrl|i2c_bit_shift:i2c_bit_shift|cnt[2]          ; clk          ; clk         ; 0.000        ; 0.042      ; 0.446      ;
; 0.322 ; oled_app_ctrl:u_oled_app|step[4]                                   ; oled_app_ctrl:u_oled_app|step[4]                                   ; clk          ; clk         ; 0.000        ; 0.041      ; 0.447      ;
; 0.327 ; i2c_control:u_i2c_ctrl|state.WAIT_WR_DONE                          ; i2c_control:u_i2c_ctrl|cnt[1]                                      ; clk          ; clk         ; 0.000        ; 0.041      ; 0.452      ;
; 0.327 ; oled_app_ctrl:u_oled_app|step[3]                                   ; oled_app_ctrl:u_oled_app|step[3]                                   ; clk          ; clk         ; 0.000        ; 0.041      ; 0.452      ;
; 0.328 ; oled_app_ctrl:u_oled_app|step[1]                                   ; oled_app_ctrl:u_oled_app|step[1]                                   ; clk          ; clk         ; 0.000        ; 0.041      ; 0.453      ;
; 0.330 ; i2c_control:u_i2c_ctrl|i2c_bit_shift:i2c_bit_shift|cnt[0]          ; i2c_control:u_i2c_ctrl|i2c_bit_shift:i2c_bit_shift|cnt[0]          ; clk          ; clk         ; 0.000        ; 0.042      ; 0.456      ;
; 0.332 ; oled_app_ctrl:u_oled_app|step[2]                                   ; oled_app_ctrl:u_oled_app|step[2]                                   ; clk          ; clk         ; 0.000        ; 0.041      ; 0.457      ;
+-------+--------------------------------------------------------------------+--------------------------------------------------------------------+--------------+-------------+--------------+------------+------------+


----------------------------------------------
; Fast 1200mV 0C Model Metastability Summary ;
----------------------------------------------
No synchronizer chains to report.


+--------------------------------------------------------------------------------+
; Multicorner Timing Analysis Summary                                            ;
+------------------+----------+-------+----------+---------+---------------------+
; Clock            ; Setup    ; Hold  ; Recovery ; Removal ; Minimum Pulse Width ;
+------------------+----------+-------+----------+---------+---------------------+
; Worst-case Slack ; -3.240   ; 0.173 ; N/A      ; N/A     ; -3.000              ;
;  clk             ; -3.240   ; 0.173 ; N/A      ; N/A     ; -3.000              ;
; Design-wide TNS  ; -292.91  ; 0.0   ; 0.0      ; 0.0     ; -166.195            ;
;  clk             ; -292.910 ; 0.000 ; N/A      ; N/A     ; -166.195            ;
+------------------+----------+-------+----------+---------+---------------------+


+------------------------------------------------------------------------------------------------------------------------------------------------------------------------------------------------------------------------------------------------------------------------------------------------------------------------------------------------------------------------------------------------------------------+
; Board Trace Model Assignments                                                                                                                                                                                                                                                                                                                                                                                    ;
+---------------+--------------+-------------------+-------------------------+-------------------------+---------------+---------------------+----------------+------------------+--------+------------------+------------------------+------------------------+--------------+---------------+-----------------+-------+---------------------+--------------------+---------------+-----------------+-------------+
; Pin           ; I/O Standard ; Near Tline Length ; Near Tline L per Length ; Near Tline C per Length ; Near Series R ; Near Differential R ; Near Pull-up R ; Near Pull-down R ; Near C ; Far Tline Length ; Far Tline L per Length ; Far Tline C per Length ; Far Series R ; Far Pull-up R ; Far Pull-down R ; Far C ; Termination Voltage ; Far Differential R ; EBD File Name ; EBD Signal Name ; EBD Far-end ;
+---------------+--------------+-------------------+-------------------------+-------------------------+---------------+---------------------+----------------+------------------+--------+------------------+------------------------+------------------------+--------------+---------------+-----------------+-------+---------------------+--------------------+---------------+-----------------+-------------+
; i2c_sclk      ; 3.3-V LVCMOS ; 0 in              ; 0 H/in                  ; 0 F/in                  ; short         ; -                   ; open           ; open             ; open   ; 0 in             ; 0 H/in                 ; 0 F/in                 ; short        ; open          ; open            ; open  ; 0 V                 ; -                  ; n/a           ; n/a             ; n/a         ;
; i2c_sdat      ; 3.3-V LVCMOS ; 0 in              ; 0 H/in                  ; 0 F/in                  ; short         ; -                   ; open           ; open             ; open   ; 0 in             ; 0 H/in                 ; 0 F/in                 ; short        ; open          ; open            ; open  ; 0 V                 ; -                  ; n/a           ; n/a             ; n/a         ;
; ~ALTERA_DCLK~ ; 2.5 V        ; 0 in              ; 0 H/in                  ; 0 F/in                  ; short         ; -                   ; open           ; open             ; open   ; 0 in             ; 0 H/in                 ; 0 F/in                 ; short        ; open          ; open            ; open  ; 0 V                 ; -                  ; n/a           ; n/a             ; n/a         ;
; ~ALTERA_nCEO~ ; 2.5 V        ; 0 in              ; 0 H/in                  ; 0 F/in                  ; short         ; -                   ; open           ; open             ; open   ; 0 in             ; 0 H/in                 ; 0 F/in                 ; short        ; open          ; open            ; open  ; 0 V                 ; -                  ; n/a           ; n/a             ; n/a         ;
+---------------+--------------+-------------------+-------------------------+-------------------------+---------------+---------------------+----------------+------------------+--------+------------------+------------------------+------------------------+--------------+---------------+-----------------+-------+---------------------+--------------------+---------------+-----------------+-------------+


+----------------------------------------------------------------------------+
; Input Transition Times                                                     ;
+-------------------------+--------------+-----------------+-----------------+
; Pin                     ; I/O Standard ; 10-90 Rise Time ; 90-10 Fall Time ;
+-------------------------+--------------+-----------------+-----------------+
; i2c_sdat                ; 3.3-V LVCMOS ; 2640 ps         ; 2640 ps         ;
; clk                     ; 2.5 V        ; 2000 ps         ; 2000 ps         ;
; rst_n                   ; 2.5 V        ; 2000 ps         ; 2000 ps         ;
; ~ALTERA_ASDO_DATA1~     ; 2.5 V        ; 2000 ps         ; 2000 ps         ;
; ~ALTERA_FLASH_nCE_nCSO~ ; 2.5 V        ; 2000 ps         ; 2000 ps         ;
; ~ALTERA_DATA0~          ; 2.5 V        ; 2000 ps         ; 2000 ps         ;
+-------------------------+--------------+-----------------+-----------------+


+--------------------------------------------------------------------------------------------------------------------------------------------------------------------------------------------------------------------------------------------------------------------------------------------------------------------------------------------------------------------------------------------------------------------------------------------------------------------------------------------------------------------------------------------------------------------------------------------------------------------------------------------------------------------------------------------+
; Signal Integrity Metrics (Slow 1200mv 0c Model)                                                                                                                                                                                                                                                                                                                                                                                                                                                                                                                                                                                                                                            ;
+---------------+--------------+---------------------+---------------------+------------------------------+------------------------------+---------------------+---------------------+--------------------------------------+--------------------------------------+-----------------------------+-----------------------------+----------------------------+----------------------------+-----------------------------+-----------------------------+--------------------+--------------------+-------------------------------------+-------------------------------------+----------------------------+----------------------------+---------------------------+---------------------------+
; Pin           ; I/O Standard ; Board Delay on Rise ; Board Delay on Fall ; Steady State Voh at FPGA Pin ; Steady State Vol at FPGA Pin ; Voh Max at FPGA Pin ; Vol Min at FPGA Pin ; Ringback Voltage on Rise at FPGA Pin ; Ringback Voltage on Fall at FPGA Pin ; 10-90 Rise Time at FPGA Pin ; 90-10 Fall Time at FPGA Pin ; Monotonic Rise at FPGA Pin ; Monotonic Fall at FPGA Pin ; Steady State Voh at Far-end ; Steady State Vol at Far-end ; Voh Max at Far-end ; Vol Min at Far-end ; Ringback Voltage on Rise at Far-end ; Ringback Voltage on Fall at Far-end ; 10-90 Rise Time at Far-end ; 90-10 Fall Time at Far-end ; Monotonic Rise at Far-end ; Monotonic Fall at Far-end ;
+---------------+--------------+---------------------+---------------------+------------------------------+------------------------------+---------------------+---------------------+--------------------------------------+--------------------------------------+-----------------------------+-----------------------------+----------------------------+----------------------------+-----------------------------+-----------------------------+--------------------+--------------------+-------------------------------------+-------------------------------------+----------------------------+----------------------------+---------------------------+---------------------------+
; i2c_sclk      ; 3.3-V LVCMOS ; 0 s                 ; 0 s                 ; 3.08 V                       ; 2.52e-08 V                   ; 3.1 V               ; -0.0331 V           ; 0.122 V                              ; 0.234 V                              ; 7.05e-10 s                  ; 6.68e-10 s                  ; Yes                        ; Yes                        ; 3.08 V                      ; 2.52e-08 V                  ; 3.1 V              ; -0.0331 V          ; 0.122 V                             ; 0.234 V                             ; 7.05e-10 s                 ; 6.68e-10 s                 ; Yes                       ; Yes                       ;
; i2c_sdat      ; 3.3-V LVCMOS ; 0 s                 ; 0 s                 ; 3.08 V                       ; 2.52e-08 V                   ; 3.1 V               ; -0.0331 V           ; 0.122 V                              ; 0.234 V                              ; 7.05e-10 s                  ; 6.68e-10 s                  ; Yes                        ; Yes                        ; 3.08 V                      ; 2.52e-08 V                  ; 3.1 V              ; -0.0331 V          ; 0.122 V                             ; 0.234 V                             ; 7.05e-10 s                 ; 6.68e-10 s                 ; Yes                       ; Yes                       ;
; ~ALTERA_DCLK~ ; 2.5 V        ; 0 s                 ; 0 s                 ; 2.32 V                       ; 2.67e-09 V                   ; 2.38 V              ; -0.0485 V           ; 0.167 V                              ; 0.096 V                              ; 2.95e-10 s                  ; 2.73e-10 s                  ; Yes                        ; Yes                        ; 2.32 V                      ; 2.67e-09 V                  ; 2.38 V             ; -0.0485 V          ; 0.167 V                             ; 0.096 V                             ; 2.95e-10 s                 ; 2.73e-10 s                 ; Yes                       ; Yes                       ;
; ~ALTERA_nCEO~ ; 2.5 V        ; 0 s                 ; 0 s                 ; 2.32 V                       ; 4.18e-09 V                   ; 2.38 V              ; -0.00483 V          ; 0.152 V                              ; 0.012 V                              ; 4.81e-10 s                  ; 6.29e-10 s                  ; Yes                        ; Yes                        ; 2.32 V                      ; 4.18e-09 V                  ; 2.38 V             ; -0.00483 V         ; 0.152 V                             ; 0.012 V                             ; 4.81e-10 s                 ; 6.29e-10 s                 ; Yes                       ; Yes                       ;
+---------------+--------------+---------------------+---------------------+------------------------------+------------------------------+---------------------+---------------------+--------------------------------------+--------------------------------------+-----------------------------+-----------------------------+----------------------------+----------------------------+-----------------------------+-----------------------------+--------------------+--------------------+-------------------------------------+-------------------------------------+----------------------------+----------------------------+---------------------------+---------------------------+


+--------------------------------------------------------------------------------------------------------------------------------------------------------------------------------------------------------------------------------------------------------------------------------------------------------------------------------------------------------------------------------------------------------------------------------------------------------------------------------------------------------------------------------------------------------------------------------------------------------------------------------------------------------------------------------------------+
; Signal Integrity Metrics (Slow 1200mv 85c Model)                                                                                                                                                                                                                                                                                                                                                                                                                                                                                                                                                                                                                                           ;
+---------------+--------------+---------------------+---------------------+------------------------------+------------------------------+---------------------+---------------------+--------------------------------------+--------------------------------------+-----------------------------+-----------------------------+----------------------------+----------------------------+-----------------------------+-----------------------------+--------------------+--------------------+-------------------------------------+-------------------------------------+----------------------------+----------------------------+---------------------------+---------------------------+
; Pin           ; I/O Standard ; Board Delay on Rise ; Board Delay on Fall ; Steady State Voh at FPGA Pin ; Steady State Vol at FPGA Pin ; Voh Max at FPGA Pin ; Vol Min at FPGA Pin ; Ringback Voltage on Rise at FPGA Pin ; Ringback Voltage on Fall at FPGA Pin ; 10-90 Rise Time at FPGA Pin ; 90-10 Fall Time at FPGA Pin ; Monotonic Rise at FPGA Pin ; Monotonic Fall at FPGA Pin ; Steady State Voh at Far-end ; Steady State Vol at Far-end ; Voh Max at Far-end ; Vol Min at Far-end ; Ringback Voltage on Rise at Far-end ; Ringback Voltage on Fall at Far-end ; 10-90 Rise Time at Far-end ; 90-10 Fall Time at Far-end ; Monotonic Rise at Far-end ; Monotonic Fall at Far-end ;
+---------------+--------------+---------------------+---------------------+------------------------------+------------------------------+---------------------+---------------------+--------------------------------------+--------------------------------------+-----------------------------+-----------------------------+----------------------------+----------------------------+-----------------------------+-----------------------------+--------------------+--------------------+-------------------------------------+-------------------------------------+----------------------------+----------------------------+---------------------------+---------------------------+
; i2c_sclk      ; 3.3-V LVCMOS ; 0 s                 ; 0 s                 ; 3.08 V                       ; 3.03e-06 V                   ; 3.09 V              ; -0.0153 V           ; 0.06 V                               ; 0.116 V                              ; 8.84e-10 s                  ; 8.65e-10 s                  ; Yes                        ; Yes                        ; 3.08 V                      ; 3.03e-06 V                  ; 3.09 V             ; -0.0153 V          ; 0.06 V                              ; 0.116 V                             ; 8.84e-10 s                 ; 8.65e-10 s                 ; Yes                       ; Yes                       ;
; i2c_sdat      ; 3.3-V LVCMOS ; 0 s                 ; 0 s                 ; 3.08 V                       ; 3.03e-06 V                   ; 3.09 V              ; -0.0153 V           ; 0.06 V                               ; 0.116 V                              ; 8.84e-10 s                  ; 8.65e-10 s                  ; Yes                        ; Yes                        ; 3.08 V                      ; 3.03e-06 V                  ; 3.09 V             ; -0.0153 V          ; 0.06 V                              ; 0.116 V                             ; 8.84e-10 s                 ; 8.65e-10 s                 ; Yes                       ; Yes                       ;
; ~ALTERA_DCLK~ ; 2.5 V        ; 0 s                 ; 0 s                 ; 2.32 V                       ; 3.75e-07 V                   ; 2.35 V              ; -0.0109 V           ; 0.084 V                              ; 0.027 V                              ; 4.31e-10 s                  ; 3.61e-10 s                  ; Yes                        ; Yes                        ; 2.32 V                      ; 3.75e-07 V                  ; 2.35 V             ; -0.0109 V          ; 0.084 V                             ; 0.027 V                             ; 4.31e-10 s                 ; 3.61e-10 s                 ; Yes                       ; Yes                       ;
; ~ALTERA_nCEO~ ; 2.5 V        ; 0 s                 ; 0 s                 ; 2.32 V                       ; 6.15e-07 V                   ; 2.35 V              ; -0.00712 V          ; 0.093 V                              ; 0.02 V                               ; 6.21e-10 s                  ; 7.9e-10 s                   ; Yes                        ; Yes                        ; 2.32 V                      ; 6.15e-07 V                  ; 2.35 V             ; -0.00712 V         ; 0.093 V                             ; 0.02 V                              ; 6.21e-10 s                 ; 7.9e-10 s                  ; Yes                       ; Yes                       ;
+---------------+--------------+---------------------+---------------------+------------------------------+------------------------------+---------------------+---------------------+--------------------------------------+--------------------------------------+-----------------------------+-----------------------------+----------------------------+----------------------------+-----------------------------+-----------------------------+--------------------+--------------------+-------------------------------------+-------------------------------------+----------------------------+----------------------------+---------------------------+---------------------------+


+--------------------------------------------------------------------------------------------------------------------------------------------------------------------------------------------------------------------------------------------------------------------------------------------------------------------------------------------------------------------------------------------------------------------------------------------------------------------------------------------------------------------------------------------------------------------------------------------------------------------------------------------------------------------------------------------+
; Signal Integrity Metrics (Fast 1200mv 0c Model)                                                                                                                                                                                                                                                                                                                                                                                                                                                                                                                                                                                                                                            ;
+---------------+--------------+---------------------+---------------------+------------------------------+------------------------------+---------------------+---------------------+--------------------------------------+--------------------------------------+-----------------------------+-----------------------------+----------------------------+----------------------------+-----------------------------+-----------------------------+--------------------+--------------------+-------------------------------------+-------------------------------------+----------------------------+----------------------------+---------------------------+---------------------------+
; Pin           ; I/O Standard ; Board Delay on Rise ; Board Delay on Fall ; Steady State Voh at FPGA Pin ; Steady State Vol at FPGA Pin ; Voh Max at FPGA Pin ; Vol Min at FPGA Pin ; Ringback Voltage on Rise at FPGA Pin ; Ringback Voltage on Fall at FPGA Pin ; 10-90 Rise Time at FPGA Pin ; 90-10 Fall Time at FPGA Pin ; Monotonic Rise at FPGA Pin ; Monotonic Fall at FPGA Pin ; Steady State Voh at Far-end ; Steady State Vol at Far-end ; Voh Max at Far-end ; Vol Min at Far-end ; Ringback Voltage on Rise at Far-end ; Ringback Voltage on Fall at Far-end ; 10-90 Rise Time at Far-end ; 90-10 Fall Time at Far-end ; Monotonic Rise at Far-end ; Monotonic Fall at Far-end ;
+---------------+--------------+---------------------+---------------------+------------------------------+------------------------------+---------------------+---------------------+--------------------------------------+--------------------------------------+-----------------------------+-----------------------------+----------------------------+----------------------------+-----------------------------+-----------------------------+--------------------+--------------------+-------------------------------------+-------------------------------------+----------------------------+----------------------------+---------------------------+---------------------------+
; i2c_sclk      ; 3.3-V LVCMOS ; 0 s                 ; 0 s                 ; 3.46 V                       ; 2.95e-07 V                   ; 3.52 V              ; -0.0582 V           ; 0.201 V                              ; 0.186 V                              ; 6.35e-10 s                  ; 6.31e-10 s                  ; No                         ; No                         ; 3.46 V                      ; 2.95e-07 V                  ; 3.52 V             ; -0.0582 V          ; 0.201 V                             ; 0.186 V                             ; 6.35e-10 s                 ; 6.31e-10 s                 ; No                        ; No                        ;
; i2c_sdat      ; 3.3-V LVCMOS ; 0 s                 ; 0 s                 ; 3.46 V                       ; 2.95e-07 V                   ; 3.52 V              ; -0.0582 V           ; 0.201 V                              ; 0.186 V                              ; 6.35e-10 s                  ; 6.31e-10 s                  ; No                         ; No                         ; 3.46 V                      ; 2.95e-07 V                  ; 3.52 V             ; -0.0582 V          ; 0.201 V                             ; 0.186 V                             ; 6.35e-10 s                 ; 6.31e-10 s                 ; No                        ; No                        ;
; ~ALTERA_DCLK~ ; 2.5 V        ; 0 s                 ; 0 s                 ; 2.62 V                       ; 2.22e-08 V                   ; 2.74 V              ; -0.06 V             ; 0.158 V                              ; 0.08 V                               ; 2.68e-10 s                  ; 2.19e-10 s                  ; Yes                        ; Yes                        ; 2.62 V                      ; 2.22e-08 V                  ; 2.74 V             ; -0.06 V            ; 0.158 V                             ; 0.08 V                              ; 2.68e-10 s                 ; 2.19e-10 s                 ; Yes                       ; Yes                       ;
; ~ALTERA_nCEO~ ; 2.5 V        ; 0 s                 ; 0 s                 ; 2.62 V                       ; 3.54e-08 V                   ; 2.7 V               ; -0.00943 V          ; 0.276 V                              ; 0.035 V                              ; 3.19e-10 s                  ; 4.99e-10 s                  ; No                         ; Yes                        ; 2.62 V                      ; 3.54e-08 V                  ; 2.7 V              ; -0.00943 V         ; 0.276 V                             ; 0.035 V                             ; 3.19e-10 s                 ; 4.99e-10 s                 ; No                        ; Yes                       ;
+---------------+--------------+---------------------+---------------------+------------------------------+------------------------------+---------------------+---------------------+--------------------------------------+--------------------------------------+-----------------------------+-----------------------------+----------------------------+----------------------------+-----------------------------+-----------------------------+--------------------+--------------------+-------------------------------------+-------------------------------------+----------------------------+----------------------------+---------------------------+---------------------------+


+-------------------------------------------------------------------+
; Setup Transfers                                                   ;
+------------+----------+----------+----------+----------+----------+
; From Clock ; To Clock ; RR Paths ; FR Paths ; RF Paths ; FF Paths ;
+------------+----------+----------+----------+----------+----------+
; clk        ; clk      ; 4051     ; 0        ; 0        ; 0        ;
+------------+----------+----------+----------+----------+----------+
Entries labeled "false path" only account for clock-to-clock false paths and not path-based false paths. As a result, actual path counts may be lower than reported.


+-------------------------------------------------------------------+
; Hold Transfers                                                    ;
+------------+----------+----------+----------+----------+----------+
; From Clock ; To Clock ; RR Paths ; FR Paths ; RF Paths ; FF Paths ;
+------------+----------+----------+----------+----------+----------+
; clk        ; clk      ; 4051     ; 0        ; 0        ; 0        ;
+------------+----------+----------+----------+----------+----------+
Entries labeled "false path" only account for clock-to-clock false paths and not path-based false paths. As a result, actual path counts may be lower than reported.


---------------
; Report TCCS ;
---------------
No dedicated SERDES Transmitter circuitry present in device or used in design


---------------
; Report RSKM ;
---------------
No non-DPA dedicated SERDES Receiver circuitry present in device or used in design


+------------------------------------------------+
; Unconstrained Paths Summary                    ;
+---------------------------------+-------+------+
; Property                        ; Setup ; Hold ;
+---------------------------------+-------+------+
; Illegal Clocks                  ; 0     ; 0    ;
; Unconstrained Clocks            ; 0     ; 0    ;
; Unconstrained Input Ports       ; 1     ; 1    ;
; Unconstrained Input Port Paths  ; 127   ; 127  ;
; Unconstrained Output Ports      ; 2     ; 2    ;
; Unconstrained Output Port Paths ; 3     ; 3    ;
+---------------------------------+-------+------+


+-------------------------------------+
; Clock Status Summary                ;
+--------+-------+------+-------------+
; Target ; Clock ; Type ; Status      ;
+--------+-------+------+-------------+
; clk    ; clk   ; Base ; Constrained ;
+--------+-------+------+-------------+


+---------------------------------------------------------------------------------------------------+
; Unconstrained Input Ports                                                                         ;
+------------+--------------------------------------------------------------------------------------+
; Input Port ; Comment                                                                              ;
+------------+--------------------------------------------------------------------------------------+
; rst_n      ; No input delay, min/max delays, false-path exceptions, or max skew assignments found ;
+------------+--------------------------------------------------------------------------------------+


+-----------------------------------------------------------------------------------------------------+
; Unconstrained Output Ports                                                                          ;
+-------------+---------------------------------------------------------------------------------------+
; Output Port ; Comment                                                                               ;
+-------------+---------------------------------------------------------------------------------------+
; i2c_sclk    ; No output delay, min/max delays, false-path exceptions, or max skew assignments found ;
; i2c_sdat    ; No output delay, min/max delays, false-path exceptions, or max skew assignments found ;
+-------------+---------------------------------------------------------------------------------------+


+---------------------------------------------------------------------------------------------------+
; Unconstrained Input Ports                                                                         ;
+------------+--------------------------------------------------------------------------------------+
; Input Port ; Comment                                                                              ;
+------------+--------------------------------------------------------------------------------------+
; rst_n      ; No input delay, min/max delays, false-path exceptions, or max skew assignments found ;
+------------+--------------------------------------------------------------------------------------+


+-----------------------------------------------------------------------------------------------------+
; Unconstrained Output Ports                                                                          ;
+-------------+---------------------------------------------------------------------------------------+
; Output Port ; Comment                                                                               ;
+-------------+---------------------------------------------------------------------------------------+
; i2c_sclk    ; No output delay, min/max delays, false-path exceptions, or max skew assignments found ;
; i2c_sdat    ; No output delay, min/max delays, false-path exceptions, or max skew assignments found ;
+-------------+---------------------------------------------------------------------------------------+


+--------------------------+
; Timing Analyzer Messages ;
+--------------------------+
Info: *******************************************************************
Info: Running Quartus Prime Timing Analyzer
    Info: Version 18.0.0 Build 614 04/24/2018 SJ Standard Edition
    Info: Processing started: Sun Dec 21 19:09:51 2025
Info: Command: quartus_sta IIC -c IIC
Info: qsta_default_script.tcl version: #2
Warning (18236): Number of processors has not been specified which may cause overloading on shared machines.  Set the global assignment NUM_PARALLEL_PROCESSORS in your QSF to an appropriate value for best performance.
Info (20030): Parallel compilation is enabled and will use 16 of the 16 processors detected
Info (21077): Low junction temperature is 0 degrees C
Info (21077): High junction temperature is 85 degrees C
Critical Warning (332012): Synopsys Design Constraints File file not found: 'IIC.sdc'. A Synopsys Design Constraints File is required by the Timing Analyzer to get proper timing constraints. Without it, the Compiler will not properly optimize the design.
Info (332142): No user constrained base clocks found in the design. Calling "derive_clocks -period 1.0"
Info (332105): Deriving Clocks
    Info (332105): create_clock -period 1.000 -name clk clk
Info (332143): No user constrained clock uncertainty found in the design. Calling "derive_clock_uncertainty"
Info (332123): Deriving Clock Uncertainty. Please refer to report_sdc in the Timing Analyzer to see clock uncertainties.
Info: Found TIMING_ANALYZER_REPORT_SCRIPT_INCLUDE_DEFAULT_ANALYSIS = ON
Info: Analyzing Slow 1200mV 85C Model
Critical Warning (332148): Timing requirements not met
    Info (11105): For recommendations on closing timing, run Report Timing Closure Recommendations in the Timing Analyzer.
Info (332146): Worst-case setup slack is -3.240
    Info (332119):     Slack       End Point TNS Clock 
    Info (332119): ========= =================== =====================
    Info (332119):    -3.240            -292.910 clk 
Info (332146): Worst-case hold slack is 0.386
    Info (332119):     Slack       End Point TNS Clock 
    Info (332119): ========= =================== =====================
    Info (332119):     0.386               0.000 clk 
Info (332140): No Recovery paths to report
Info (332140): No Removal paths to report
Info (332146): Worst-case minimum pulse width slack is -3.000
    Info (332119):     Slack       End Point TNS Clock 
    Info (332119): ========= =================== =====================
    Info (332119):    -3.000            -166.195 clk 
Info: Analyzing Slow 1200mV 0C Model
Info (334003): Started post-fitting delay annotation
Info (334004): Delay annotation completed successfully
Info (332123): Deriving Clock Uncertainty. Please refer to report_sdc in the Timing Analyzer to see clock uncertainties.
Critical Warning (332148): Timing requirements not met
    Info (11105): For recommendations on closing timing, run Report Timing Closure Recommendations in the Timing Analyzer.
Info (332146): Worst-case setup slack is -2.906
    Info (332119):     Slack       End Point TNS Clock 
    Info (332119): ========= =================== =====================
    Info (332119):    -2.906            -257.632 clk 
Info (332146): Worst-case hold slack is 0.338
    Info (332119):     Slack       End Point TNS Clock 
    Info (332119): ========= =================== =====================
    Info (332119):     0.338               0.000 clk 
Info (332140): No Recovery paths to report
Info (332140): No Removal paths to report
Info (332146): Worst-case minimum pulse width slack is -3.000
    Info (332119):     Slack       End Point TNS Clock 
    Info (332119): ========= =================== =====================
    Info (332119):    -3.000            -166.195 clk 
Info: Analyzing Fast 1200mV 0C Model
Info (332123): Deriving Clock Uncertainty. Please refer to report_sdc in the Timing Analyzer to see clock uncertainties.
Critical Warning (332148): Timing requirements not met
    Info (11105): For recommendations on closing timing, run Report Timing Closure Recommendations in the Timing Analyzer.
Info (332146): Worst-case setup slack is -1.115
    Info (332119):     Slack       End Point TNS Clock 
    Info (332119): ========= =================== =====================
    Info (332119):    -1.115             -79.286 clk 
Info (332146): Worst-case hold slack is 0.173
    Info (332119):     Slack       End Point TNS Clock 
    Info (332119): ========= =================== =====================
    Info (332119):     0.173               0.000 clk 
Info (332140): No Recovery paths to report
Info (332140): No Removal paths to report
Info (332146): Worst-case minimum pulse width slack is -3.000
    Info (332119):     Slack       End Point TNS Clock 
    Info (332119): ========= =================== =====================
    Info (332119):    -3.000            -138.099 clk 
Info (332102): Design is not fully constrained for setup requirements
Info (332102): Design is not fully constrained for hold requirements
Info: Quartus Prime Timing Analyzer was successful. 0 errors, 5 warnings
    Info: Peak virtual memory: 5002 megabytes
    Info: Processing ended: Sun Dec 21 19:09:52 2025
    Info: Elapsed time: 00:00:01
    Info: Total CPU time (on all processors): 00:00:01


