Timing Analyzer report for Uart1
Thu Oct 16 12:36:25 2025
Quartus Prime Version 24.1std.0 Build 1077 03/04/2025 SC Lite Edition


---------------------
; Table of Contents ;
---------------------
  1. Legal Notice
  2. Timing Analyzer Summary
  3. Parallel Compilation
  4. Clocks
  5. Slow 1200mV 85C Model Fmax Summary
  6. Timing Closure Recommendations
  7. Slow 1200mV 85C Model Setup Summary
  8. Slow 1200mV 85C Model Hold Summary
  9. Slow 1200mV 85C Model Recovery Summary
 10. Slow 1200mV 85C Model Removal Summary
 11. Slow 1200mV 85C Model Minimum Pulse Width Summary
 12. Slow 1200mV 85C Model Setup: 'clk'
 13. Slow 1200mV 85C Model Hold: 'clk'
 14. Slow 1200mV 85C Model Metastability Summary
 15. Slow 1200mV 0C Model Fmax Summary
 16. Slow 1200mV 0C Model Setup Summary
 17. Slow 1200mV 0C Model Hold Summary
 18. Slow 1200mV 0C Model Recovery Summary
 19. Slow 1200mV 0C Model Removal Summary
 20. Slow 1200mV 0C Model Minimum Pulse Width Summary
 21. Slow 1200mV 0C Model Setup: 'clk'
 22. Slow 1200mV 0C Model Hold: 'clk'
 23. Slow 1200mV 0C Model Metastability Summary
 24. Fast 1200mV 0C Model Setup Summary
 25. Fast 1200mV 0C Model Hold Summary
 26. Fast 1200mV 0C Model Recovery Summary
 27. Fast 1200mV 0C Model Removal Summary
 28. Fast 1200mV 0C Model Minimum Pulse Width Summary
 29. Fast 1200mV 0C Model Setup: 'clk'
 30. Fast 1200mV 0C Model Hold: 'clk'
 31. Fast 1200mV 0C Model Metastability Summary
 32. Multicorner Timing Analysis Summary
 33. Board Trace Model Assignments
 34. Input Transition Times
 35. Signal Integrity Metrics (Slow 1200mv 0c Model)
 36. Signal Integrity Metrics (Slow 1200mv 85c Model)
 37. Signal Integrity Metrics (Fast 1200mv 0c Model)
 38. Setup Transfers
 39. Hold Transfers
 40. Report TCCS
 41. Report RSKM
 42. Unconstrained Paths Summary
 43. Clock Status Summary
 44. Unconstrained Input Ports
 45. Unconstrained Output Ports
 46. Unconstrained Input Ports
 47. Unconstrained Output Ports
 48. Timing Analyzer Messages



----------------
; Legal Notice ;
----------------
Copyright (C) 2025  Altera Corporation. All rights reserved.
Your use of Altera Corporation's design tools, logic functions 
and other software and tools, and any partner logic 
functions, and any output files from any of the foregoing 
(including device programming or simulation files), and any 
associated documentation or information are expressly subject 
to the terms and conditions of the Altera Program License 
Subscription Agreement, the Altera Quartus Prime License Agreement,
the Altera IP License Agreement, or other applicable license
agreement, including, without limitation, that your use is for
the sole purpose of programming logic devices manufactured by
Altera and sold by Altera or its authorized distributors.  Please
refer to the Altera Software License Subscription Agreements 
on the Quartus Prime software download page.



+---------------------------------------------------------------------------------+
; Timing Analyzer Summary                                                         ;
+-----------------------+---------------------------------------------------------+
; Quartus Prime Version ; Version 24.1std.0 Build 1077 03/04/2025 SC Lite Edition ;
; Timing Analyzer       ; Legacy Timing Analyzer                                  ;
; Revision Name         ; Uart1                                                   ;
; Device Family         ; Cyclone IV E                                            ;
; Device Name           ; EP4CE115F29C7                                           ;
; Timing Models         ; Final                                                   ;
; Delay Model           ; Combined                                                ;
; Rise/Fall Delays      ; Enabled                                                 ;
+-----------------------+---------------------------------------------------------+


+------------------------------------------+
; Parallel Compilation                     ;
+----------------------------+-------------+
; Processors                 ; Number      ;
+----------------------------+-------------+
; Number detected on machine ; 24          ;
; Maximum allowed            ; 16          ;
;                            ;             ;
; Average used               ; 1.06        ;
; Maximum used               ; 16          ;
;                            ;             ;
; Usage by Processor         ; % Time Used ;
;     Processor 1            ; 100.0%      ;
;     Processors 2-16        ;   0.4%      ;
+----------------------------+-------------+


+---------------------------------------------------------------------------------------------------------------------------------------------------------------------------------+
; Clocks                                                                                                                                                                          ;
+------------+------+--------+------------+-------+-------+------------+-----------+-------------+-------+--------+-----------+------------+----------+--------+--------+---------+
; Clock Name ; Type ; Period ; Frequency  ; Rise  ; Fall  ; Duty Cycle ; Divide by ; Multiply by ; Phase ; Offset ; Edge List ; Edge Shift ; Inverted ; Master ; Source ; Targets ;
+------------+------+--------+------------+-------+-------+------------+-----------+-------------+-------+--------+-----------+------------+----------+--------+--------+---------+
; clk        ; Base ; 1.000  ; 1000.0 MHz ; 0.000 ; 0.500 ;            ;           ;             ;       ;        ;           ;            ;          ;        ;        ; { clk } ;
+------------+------+--------+------------+-------+-------+------------+-----------+-------------+-------+--------+-----------+------------+----------+--------+--------+---------+


+-----------------------------------------------------------------------------------------------------------+
; Slow 1200mV 85C Model Fmax Summary                                                                        ;
+------------+-----------------+------------+---------------------------------------------------------------+
; Fmax       ; Restricted Fmax ; Clock Name ; Note                                                          ;
+------------+-----------------+------------+---------------------------------------------------------------+
; 255.89 MHz ; 250.0 MHz       ; clk        ; limit due to minimum period restriction (max I/O toggle rate) ;
+------------+-----------------+------------+---------------------------------------------------------------+
This panel reports FMAX for every clock in the design, regardless of the user-specified clock periods.  FMAX is only computed for paths where the source and destination registers or ports are driven by the same clock.  Paths of different clocks, including generated clocks, are ignored.  For paths between a clock and its inversion, FMAX is computed as if the rising and falling edges are scaled along with FMAX, such that the duty cycle (in terms of a percentage) is maintained. Altera recommends that you always use clock constraints and other slack reports for sign-off analysis.


----------------------------------
; Timing Closure Recommendations ;
----------------------------------
HTML report is unavailable in plain text report export.


+-------------------------------------+
; Slow 1200mV 85C Model Setup Summary ;
+-------+--------+--------------------+
; Clock ; Slack  ; End Point TNS      ;
+-------+--------+--------------------+
; clk   ; -2.908 ; -146.315           ;
+-------+--------+--------------------+


+------------------------------------+
; Slow 1200mV 85C Model Hold Summary ;
+-------+-------+--------------------+
; Clock ; Slack ; End Point TNS      ;
+-------+-------+--------------------+
; clk   ; 0.385 ; 0.000              ;
+-------+-------+--------------------+


------------------------------------------
; Slow 1200mV 85C Model Recovery Summary ;
------------------------------------------
No paths to report.


-----------------------------------------
; Slow 1200mV 85C Model Removal Summary ;
-----------------------------------------
No paths to report.


+---------------------------------------------------+
; Slow 1200mV 85C Model Minimum Pulse Width Summary ;
+-------+--------+----------------------------------+
; Clock ; Slack  ; End Point TNS                    ;
+-------+--------+----------------------------------+
; clk   ; -3.000 ; -74.960                          ;
+-------+--------+----------------------------------+


+------------------------------------------------------------------------------------------------------------------+
; Slow 1200mV 85C Model Setup: 'clk'                                                                               ;
+--------+----------------+------------------+--------------+-------------+--------------+------------+------------+
; Slack  ; From Node      ; To Node          ; Launch Clock ; Latch Clock ; Relationship ; Clock Skew ; Data Delay ;
+--------+----------------+------------------+--------------+-------------+--------------+------------+------------+
; -2.908 ; bps_cnt[2]     ; r_data[1][2]     ; clk          ; clk         ; 1.000        ; -0.083     ; 3.823      ;
; -2.908 ; bps_cnt[2]     ; r_data[1][1]     ; clk          ; clk         ; 1.000        ; -0.083     ; 3.823      ;
; -2.908 ; bps_cnt[2]     ; r_data[1][0]     ; clk          ; clk         ; 1.000        ; -0.083     ; 3.823      ;
; -2.874 ; bps_cnt[3]     ; r_data[6][2]     ; clk          ; clk         ; 1.000        ; -0.079     ; 3.793      ;
; -2.874 ; bps_cnt[3]     ; r_data[6][1]     ; clk          ; clk         ; 1.000        ; -0.079     ; 3.793      ;
; -2.874 ; bps_cnt[3]     ; r_data[6][0]     ; clk          ; clk         ; 1.000        ; -0.079     ; 3.793      ;
; -2.855 ; bps_cnt[5]     ; r_data[1][2]     ; clk          ; clk         ; 1.000        ; -0.083     ; 3.770      ;
; -2.855 ; bps_cnt[5]     ; r_data[1][1]     ; clk          ; clk         ; 1.000        ; -0.083     ; 3.770      ;
; -2.855 ; bps_cnt[5]     ; r_data[1][0]     ; clk          ; clk         ; 1.000        ; -0.083     ; 3.770      ;
; -2.854 ; clk_div_16x[5] ; byte_out[6]~reg0 ; clk          ; clk         ; 1.000        ; -0.078     ; 3.774      ;
; -2.854 ; clk_div_16x[5] ; byte_out[5]~reg0 ; clk          ; clk         ; 1.000        ; -0.078     ; 3.774      ;
; -2.854 ; clk_div_16x[5] ; byte_out[4]~reg0 ; clk          ; clk         ; 1.000        ; -0.078     ; 3.774      ;
; -2.854 ; clk_div_16x[5] ; byte_out[3]~reg0 ; clk          ; clk         ; 1.000        ; -0.078     ; 3.774      ;
; -2.837 ; bps_cnt[7]     ; byte_out[6]~reg0 ; clk          ; clk         ; 1.000        ; -0.079     ; 3.756      ;
; -2.837 ; bps_cnt[7]     ; byte_out[5]~reg0 ; clk          ; clk         ; 1.000        ; -0.079     ; 3.756      ;
; -2.837 ; bps_cnt[7]     ; byte_out[4]~reg0 ; clk          ; clk         ; 1.000        ; -0.079     ; 3.756      ;
; -2.837 ; bps_cnt[7]     ; byte_out[3]~reg0 ; clk          ; clk         ; 1.000        ; -0.079     ; 3.756      ;
; -2.836 ; clk_div_16x[5] ; bps_cnt[6]       ; clk          ; clk         ; 1.000        ; -0.080     ; 3.754      ;
; -2.836 ; clk_div_16x[5] ; bps_cnt[7]       ; clk          ; clk         ; 1.000        ; -0.080     ; 3.754      ;
; -2.836 ; clk_div_16x[5] ; bps_cnt[0]       ; clk          ; clk         ; 1.000        ; -0.080     ; 3.754      ;
; -2.836 ; clk_div_16x[5] ; bps_cnt[1]       ; clk          ; clk         ; 1.000        ; -0.080     ; 3.754      ;
; -2.836 ; clk_div_16x[5] ; bps_cnt[2]       ; clk          ; clk         ; 1.000        ; -0.080     ; 3.754      ;
; -2.836 ; clk_div_16x[5] ; bps_cnt[3]       ; clk          ; clk         ; 1.000        ; -0.080     ; 3.754      ;
; -2.836 ; clk_div_16x[5] ; bps_cnt[4]       ; clk          ; clk         ; 1.000        ; -0.080     ; 3.754      ;
; -2.836 ; clk_div_16x[5] ; bps_cnt[5]       ; clk          ; clk         ; 1.000        ; -0.080     ; 3.754      ;
; -2.836 ; clk_div_16x[1] ; byte_out[6]~reg0 ; clk          ; clk         ; 1.000        ; -0.078     ; 3.756      ;
; -2.836 ; clk_div_16x[1] ; byte_out[5]~reg0 ; clk          ; clk         ; 1.000        ; -0.078     ; 3.756      ;
; -2.836 ; clk_div_16x[1] ; byte_out[4]~reg0 ; clk          ; clk         ; 1.000        ; -0.078     ; 3.756      ;
; -2.836 ; clk_div_16x[1] ; byte_out[3]~reg0 ; clk          ; clk         ; 1.000        ; -0.078     ; 3.756      ;
; -2.830 ; bps_cnt[0]     ; byte_out[6]~reg0 ; clk          ; clk         ; 1.000        ; -0.079     ; 3.749      ;
; -2.830 ; bps_cnt[0]     ; byte_out[5]~reg0 ; clk          ; clk         ; 1.000        ; -0.079     ; 3.749      ;
; -2.830 ; bps_cnt[0]     ; byte_out[4]~reg0 ; clk          ; clk         ; 1.000        ; -0.079     ; 3.749      ;
; -2.830 ; bps_cnt[0]     ; byte_out[3]~reg0 ; clk          ; clk         ; 1.000        ; -0.079     ; 3.749      ;
; -2.825 ; bps_cnt[5]     ; byte_out[6]~reg0 ; clk          ; clk         ; 1.000        ; -0.079     ; 3.744      ;
; -2.825 ; bps_cnt[5]     ; byte_out[5]~reg0 ; clk          ; clk         ; 1.000        ; -0.079     ; 3.744      ;
; -2.825 ; bps_cnt[5]     ; byte_out[4]~reg0 ; clk          ; clk         ; 1.000        ; -0.079     ; 3.744      ;
; -2.825 ; bps_cnt[5]     ; byte_out[3]~reg0 ; clk          ; clk         ; 1.000        ; -0.079     ; 3.744      ;
; -2.821 ; bps_cnt[3]     ; byte_out[6]~reg0 ; clk          ; clk         ; 1.000        ; -0.079     ; 3.740      ;
; -2.821 ; bps_cnt[3]     ; byte_out[5]~reg0 ; clk          ; clk         ; 1.000        ; -0.079     ; 3.740      ;
; -2.821 ; bps_cnt[3]     ; byte_out[4]~reg0 ; clk          ; clk         ; 1.000        ; -0.079     ; 3.740      ;
; -2.821 ; bps_cnt[3]     ; byte_out[3]~reg0 ; clk          ; clk         ; 1.000        ; -0.079     ; 3.740      ;
; -2.811 ; clk_div_16x[6] ; byte_out[6]~reg0 ; clk          ; clk         ; 1.000        ; -0.078     ; 3.731      ;
; -2.811 ; clk_div_16x[6] ; byte_out[5]~reg0 ; clk          ; clk         ; 1.000        ; -0.078     ; 3.731      ;
; -2.811 ; clk_div_16x[6] ; byte_out[4]~reg0 ; clk          ; clk         ; 1.000        ; -0.078     ; 3.731      ;
; -2.811 ; clk_div_16x[6] ; byte_out[3]~reg0 ; clk          ; clk         ; 1.000        ; -0.078     ; 3.731      ;
; -2.805 ; bps_cnt[0]     ; r_data[6][2]     ; clk          ; clk         ; 1.000        ; -0.079     ; 3.724      ;
; -2.805 ; bps_cnt[0]     ; r_data[6][1]     ; clk          ; clk         ; 1.000        ; -0.079     ; 3.724      ;
; -2.805 ; bps_cnt[0]     ; r_data[6][0]     ; clk          ; clk         ; 1.000        ; -0.079     ; 3.724      ;
; -2.796 ; clk_div_16x[5] ; r_data[6][2]     ; clk          ; clk         ; 1.000        ; -0.078     ; 3.716      ;
; -2.796 ; clk_div_16x[5] ; r_data[6][1]     ; clk          ; clk         ; 1.000        ; -0.078     ; 3.716      ;
; -2.796 ; clk_div_16x[5] ; r_data[6][0]     ; clk          ; clk         ; 1.000        ; -0.078     ; 3.716      ;
; -2.796 ; clk_div_16x[5] ; r_data[0][2]     ; clk          ; clk         ; 1.000        ; -0.080     ; 3.714      ;
; -2.796 ; clk_div_16x[5] ; r_data[0][1]     ; clk          ; clk         ; 1.000        ; -0.080     ; 3.714      ;
; -2.796 ; clk_div_16x[5] ; r_data[0][0]     ; clk          ; clk         ; 1.000        ; -0.080     ; 3.714      ;
; -2.793 ; clk_div_16x[6] ; bps_cnt[6]       ; clk          ; clk         ; 1.000        ; -0.080     ; 3.711      ;
; -2.793 ; clk_div_16x[6] ; bps_cnt[7]       ; clk          ; clk         ; 1.000        ; -0.080     ; 3.711      ;
; -2.793 ; clk_div_16x[6] ; bps_cnt[0]       ; clk          ; clk         ; 1.000        ; -0.080     ; 3.711      ;
; -2.793 ; clk_div_16x[6] ; bps_cnt[1]       ; clk          ; clk         ; 1.000        ; -0.080     ; 3.711      ;
; -2.793 ; clk_div_16x[6] ; bps_cnt[2]       ; clk          ; clk         ; 1.000        ; -0.080     ; 3.711      ;
; -2.793 ; clk_div_16x[6] ; bps_cnt[3]       ; clk          ; clk         ; 1.000        ; -0.080     ; 3.711      ;
; -2.793 ; clk_div_16x[6] ; bps_cnt[4]       ; clk          ; clk         ; 1.000        ; -0.080     ; 3.711      ;
; -2.793 ; clk_div_16x[6] ; bps_cnt[5]       ; clk          ; clk         ; 1.000        ; -0.080     ; 3.711      ;
; -2.770 ; clk_div_16x[7] ; byte_out[6]~reg0 ; clk          ; clk         ; 1.000        ; -0.078     ; 3.690      ;
; -2.770 ; clk_div_16x[7] ; byte_out[5]~reg0 ; clk          ; clk         ; 1.000        ; -0.078     ; 3.690      ;
; -2.770 ; clk_div_16x[7] ; byte_out[4]~reg0 ; clk          ; clk         ; 1.000        ; -0.078     ; 3.690      ;
; -2.770 ; clk_div_16x[7] ; byte_out[3]~reg0 ; clk          ; clk         ; 1.000        ; -0.078     ; 3.690      ;
; -2.766 ; bps_cnt[3]     ; r_data[4][2]     ; clk          ; clk         ; 1.000        ; -0.079     ; 3.685      ;
; -2.766 ; bps_cnt[3]     ; r_data[4][1]     ; clk          ; clk         ; 1.000        ; -0.079     ; 3.685      ;
; -2.766 ; bps_cnt[3]     ; r_data[4][0]     ; clk          ; clk         ; 1.000        ; -0.079     ; 3.685      ;
; -2.766 ; bps_cnt[0]     ; r_data[2][2]     ; clk          ; clk         ; 1.000        ; -0.083     ; 3.681      ;
; -2.766 ; bps_cnt[0]     ; r_data[2][1]     ; clk          ; clk         ; 1.000        ; -0.083     ; 3.681      ;
; -2.766 ; bps_cnt[0]     ; r_data[2][0]     ; clk          ; clk         ; 1.000        ; -0.083     ; 3.681      ;
; -2.763 ; bps_cnt[4]     ; byte_out[6]~reg0 ; clk          ; clk         ; 1.000        ; -0.079     ; 3.682      ;
; -2.763 ; bps_cnt[4]     ; byte_out[5]~reg0 ; clk          ; clk         ; 1.000        ; -0.079     ; 3.682      ;
; -2.763 ; bps_cnt[4]     ; byte_out[4]~reg0 ; clk          ; clk         ; 1.000        ; -0.079     ; 3.682      ;
; -2.763 ; bps_cnt[4]     ; byte_out[3]~reg0 ; clk          ; clk         ; 1.000        ; -0.079     ; 3.682      ;
; -2.761 ; clk_div_16x[5] ; r_data[3][2]     ; clk          ; clk         ; 1.000        ; -0.078     ; 3.681      ;
; -2.761 ; clk_div_16x[5] ; r_data[3][1]     ; clk          ; clk         ; 1.000        ; -0.078     ; 3.681      ;
; -2.761 ; clk_div_16x[5] ; r_data[3][0]     ; clk          ; clk         ; 1.000        ; -0.078     ; 3.681      ;
; -2.753 ; clk_div_16x[6] ; r_data[6][2]     ; clk          ; clk         ; 1.000        ; -0.078     ; 3.673      ;
; -2.753 ; clk_div_16x[6] ; r_data[6][1]     ; clk          ; clk         ; 1.000        ; -0.078     ; 3.673      ;
; -2.753 ; clk_div_16x[6] ; r_data[6][0]     ; clk          ; clk         ; 1.000        ; -0.078     ; 3.673      ;
; -2.753 ; clk_div_16x[6] ; r_data[0][2]     ; clk          ; clk         ; 1.000        ; -0.080     ; 3.671      ;
; -2.753 ; clk_div_16x[6] ; r_data[0][1]     ; clk          ; clk         ; 1.000        ; -0.080     ; 3.671      ;
; -2.753 ; clk_div_16x[6] ; r_data[0][0]     ; clk          ; clk         ; 1.000        ; -0.080     ; 3.671      ;
; -2.752 ; clk_div_16x[7] ; bps_cnt[6]       ; clk          ; clk         ; 1.000        ; -0.080     ; 3.670      ;
; -2.752 ; clk_div_16x[7] ; bps_cnt[7]       ; clk          ; clk         ; 1.000        ; -0.080     ; 3.670      ;
; -2.752 ; clk_div_16x[7] ; bps_cnt[0]       ; clk          ; clk         ; 1.000        ; -0.080     ; 3.670      ;
; -2.752 ; clk_div_16x[7] ; bps_cnt[1]       ; clk          ; clk         ; 1.000        ; -0.080     ; 3.670      ;
; -2.752 ; clk_div_16x[7] ; bps_cnt[2]       ; clk          ; clk         ; 1.000        ; -0.080     ; 3.670      ;
; -2.752 ; clk_div_16x[7] ; bps_cnt[3]       ; clk          ; clk         ; 1.000        ; -0.080     ; 3.670      ;
; -2.752 ; clk_div_16x[7] ; bps_cnt[4]       ; clk          ; clk         ; 1.000        ; -0.080     ; 3.670      ;
; -2.752 ; clk_div_16x[7] ; bps_cnt[5]       ; clk          ; clk         ; 1.000        ; -0.080     ; 3.670      ;
; -2.750 ; clk_div_16x[5] ; r_data[4][2]     ; clk          ; clk         ; 1.000        ; -0.078     ; 3.670      ;
; -2.750 ; clk_div_16x[5] ; r_data[4][1]     ; clk          ; clk         ; 1.000        ; -0.078     ; 3.670      ;
; -2.750 ; clk_div_16x[5] ; r_data[4][0]     ; clk          ; clk         ; 1.000        ; -0.078     ; 3.670      ;
; -2.744 ; clk_div_16x[5] ; r_data[2][2]     ; clk          ; clk         ; 1.000        ; -0.082     ; 3.660      ;
; -2.744 ; clk_div_16x[5] ; r_data[2][1]     ; clk          ; clk         ; 1.000        ; -0.082     ; 3.660      ;
; -2.744 ; clk_div_16x[5] ; r_data[2][0]     ; clk          ; clk         ; 1.000        ; -0.082     ; 3.660      ;
; -2.743 ; bps_cnt[3]     ; r_data[2][2]     ; clk          ; clk         ; 1.000        ; -0.083     ; 3.658      ;
+--------+----------------+------------------+--------------+-------------+--------------+------------+------------+


+-----------------------------------------------------------------------------------------------------------------+
; Slow 1200mV 85C Model Hold: 'clk'                                                                               ;
+-------+----------------+------------------+--------------+-------------+--------------+------------+------------+
; Slack ; From Node      ; To Node          ; Launch Clock ; Latch Clock ; Relationship ; Clock Skew ; Data Delay ;
+-------+----------------+------------------+--------------+-------------+--------------+------------+------------+
; 0.385 ; r_data[7][2]   ; r_data[7][2]     ; clk          ; clk         ; 0.000        ; 0.098      ; 0.669      ;
; 0.385 ; r_data[7][1]   ; r_data[7][1]     ; clk          ; clk         ; 0.000        ; 0.098      ; 0.669      ;
; 0.385 ; r_data[7][0]   ; r_data[7][0]     ; clk          ; clk         ; 0.000        ; 0.098      ; 0.669      ;
; 0.385 ; r_data[5][2]   ; r_data[5][2]     ; clk          ; clk         ; 0.000        ; 0.098      ; 0.669      ;
; 0.385 ; r_data[5][1]   ; r_data[5][1]     ; clk          ; clk         ; 0.000        ; 0.098      ; 0.669      ;
; 0.385 ; r_data[5][0]   ; r_data[5][0]     ; clk          ; clk         ; 0.000        ; 0.098      ; 0.669      ;
; 0.386 ; sta_bit[1]     ; sta_bit[1]       ; clk          ; clk         ; 0.000        ; 0.097      ; 0.669      ;
; 0.386 ; sta_bit[0]     ; sta_bit[0]       ; clk          ; clk         ; 0.000        ; 0.097      ; 0.669      ;
; 0.402 ; r_data[6][2]   ; r_data[6][2]     ; clk          ; clk         ; 0.000        ; 0.081      ; 0.669      ;
; 0.402 ; r_data[6][1]   ; r_data[6][1]     ; clk          ; clk         ; 0.000        ; 0.081      ; 0.669      ;
; 0.402 ; r_data[6][0]   ; r_data[6][0]     ; clk          ; clk         ; 0.000        ; 0.081      ; 0.669      ;
; 0.402 ; r_data[3][2]   ; r_data[3][2]     ; clk          ; clk         ; 0.000        ; 0.081      ; 0.669      ;
; 0.402 ; r_data[3][1]   ; r_data[3][1]     ; clk          ; clk         ; 0.000        ; 0.081      ; 0.669      ;
; 0.402 ; r_data[3][0]   ; r_data[3][0]     ; clk          ; clk         ; 0.000        ; 0.081      ; 0.669      ;
; 0.402 ; r_data[0][2]   ; r_data[0][2]     ; clk          ; clk         ; 0.000        ; 0.081      ; 0.669      ;
; 0.402 ; r_data[0][1]   ; r_data[0][1]     ; clk          ; clk         ; 0.000        ; 0.081      ; 0.669      ;
; 0.402 ; r_data[0][0]   ; r_data[0][0]     ; clk          ; clk         ; 0.000        ; 0.081      ; 0.669      ;
; 0.402 ; RX_EN          ; RX_EN            ; clk          ; clk         ; 0.000        ; 0.081      ; 0.669      ;
; 0.403 ; r_data[4][2]   ; r_data[4][2]     ; clk          ; clk         ; 0.000        ; 0.080      ; 0.669      ;
; 0.403 ; r_data[4][1]   ; r_data[4][1]     ; clk          ; clk         ; 0.000        ; 0.080      ; 0.669      ;
; 0.403 ; r_data[4][0]   ; r_data[4][0]     ; clk          ; clk         ; 0.000        ; 0.080      ; 0.669      ;
; 0.403 ; r_data[2][2]   ; r_data[2][2]     ; clk          ; clk         ; 0.000        ; 0.080      ; 0.669      ;
; 0.403 ; r_data[2][1]   ; r_data[2][1]     ; clk          ; clk         ; 0.000        ; 0.080      ; 0.669      ;
; 0.403 ; r_data[2][0]   ; r_data[2][0]     ; clk          ; clk         ; 0.000        ; 0.080      ; 0.669      ;
; 0.403 ; r_data[1][2]   ; r_data[1][2]     ; clk          ; clk         ; 0.000        ; 0.080      ; 0.669      ;
; 0.403 ; r_data[1][1]   ; r_data[1][1]     ; clk          ; clk         ; 0.000        ; 0.080      ; 0.669      ;
; 0.403 ; r_data[1][0]   ; r_data[1][0]     ; clk          ; clk         ; 0.000        ; 0.080      ; 0.669      ;
; 0.410 ; sta_bit[0]     ; sta_bit[1]       ; clk          ; clk         ; 0.000        ; 0.097      ; 0.693      ;
; 0.434 ; r_data[7][0]   ; r_data[7][2]     ; clk          ; clk         ; 0.000        ; 0.098      ; 0.718      ;
; 0.437 ; r_data[0][0]   ; r_data[0][2]     ; clk          ; clk         ; 0.000        ; 0.081      ; 0.704      ;
; 0.438 ; r_data[4][0]   ; r_data[4][2]     ; clk          ; clk         ; 0.000        ; 0.080      ; 0.704      ;
; 0.440 ; r_data[0][0]   ; r_data[0][1]     ; clk          ; clk         ; 0.000        ; 0.081      ; 0.707      ;
; 0.446 ; r_data[0][0]   ; byte_out[0]~reg0 ; clk          ; clk         ; 0.000        ; 0.081      ; 0.713      ;
; 0.447 ; r_data[4][0]   ; byte_out[4]~reg0 ; clk          ; clk         ; 0.000        ; 0.080      ; 0.713      ;
; 0.576 ; r_data[0][1]   ; byte_out[0]~reg0 ; clk          ; clk         ; 0.000        ; 0.081      ; 0.843      ;
; 0.595 ; bps_cnt[3]     ; sta_bit[2]       ; clk          ; clk         ; 0.000        ; 0.477      ; 1.258      ;
; 0.598 ; bps_cnt[3]     ; sta_bit[0]       ; clk          ; clk         ; 0.000        ; 0.477      ; 1.261      ;
; 0.602 ; clk_div_16x[8] ; clk_div_16x[8]   ; clk          ; clk         ; 0.000        ; 0.081      ; 0.869      ;
; 0.621 ; r_data[3][1]   ; byte_out[3]~reg0 ; clk          ; clk         ; 0.000        ; 0.080      ; 0.887      ;
; 0.627 ; r_data[6][1]   ; byte_out[6]~reg0 ; clk          ; clk         ; 0.000        ; 0.080      ; 0.893      ;
; 0.639 ; r_data[0][2]   ; byte_out[0]~reg0 ; clk          ; clk         ; 0.000        ; 0.081      ; 0.906      ;
; 0.639 ; r_data[4][2]   ; byte_out[4]~reg0 ; clk          ; clk         ; 0.000        ; 0.080      ; 0.905      ;
; 0.641 ; r_data[7][1]   ; r_data[7][2]     ; clk          ; clk         ; 0.000        ; 0.098      ; 0.925      ;
; 0.641 ; r_data[5][1]   ; r_data[5][2]     ; clk          ; clk         ; 0.000        ; 0.098      ; 0.925      ;
; 0.645 ; r_data[4][1]   ; r_data[4][2]     ; clk          ; clk         ; 0.000        ; 0.080      ; 0.911      ;
; 0.651 ; r_data[7][0]   ; r_data[7][1]     ; clk          ; clk         ; 0.000        ; 0.098      ; 0.935      ;
; 0.651 ; r_data[5][0]   ; r_data[5][2]     ; clk          ; clk         ; 0.000        ; 0.098      ; 0.935      ;
; 0.651 ; r_data[5][0]   ; r_data[5][1]     ; clk          ; clk         ; 0.000        ; 0.098      ; 0.935      ;
; 0.655 ; r_data[4][0]   ; r_data[4][1]     ; clk          ; clk         ; 0.000        ; 0.080      ; 0.921      ;
; 0.661 ; r_data[6][0]   ; r_data[6][2]     ; clk          ; clk         ; 0.000        ; 0.081      ; 0.928      ;
; 0.661 ; r_data[1][1]   ; r_data[1][2]     ; clk          ; clk         ; 0.000        ; 0.080      ; 0.927      ;
; 0.662 ; r_data[3][1]   ; r_data[3][2]     ; clk          ; clk         ; 0.000        ; 0.081      ; 0.929      ;
; 0.662 ; r_data[2][1]   ; r_data[2][2]     ; clk          ; clk         ; 0.000        ; 0.080      ; 0.928      ;
; 0.666 ; clk_div_16x[1] ; clk_div_16x[1]   ; clk          ; clk         ; 0.000        ; 0.081      ; 0.933      ;
; 0.666 ; r_data[3][0]   ; r_data[3][2]     ; clk          ; clk         ; 0.000        ; 0.081      ; 0.933      ;
; 0.666 ; r_data[3][0]   ; r_data[3][1]     ; clk          ; clk         ; 0.000        ; 0.081      ; 0.933      ;
; 0.667 ; r_data[2][0]   ; r_data[2][1]     ; clk          ; clk         ; 0.000        ; 0.080      ; 0.933      ;
; 0.668 ; r_data[2][0]   ; r_data[2][2]     ; clk          ; clk         ; 0.000        ; 0.080      ; 0.934      ;
; 0.668 ; r_data[1][0]   ; r_data[1][2]     ; clk          ; clk         ; 0.000        ; 0.080      ; 0.934      ;
; 0.670 ; r_data[1][0]   ; r_data[1][1]     ; clk          ; clk         ; 0.000        ; 0.080      ; 0.936      ;
; 0.678 ; clk_div_16x[4] ; clk_div_16x[4]   ; clk          ; clk         ; 0.000        ; 0.081      ; 0.945      ;
; 0.680 ; bps_cnt[7]     ; bps_cnt[7]       ; clk          ; clk         ; 0.000        ; 0.081      ; 0.947      ;
; 0.680 ; clk_div_16x[2] ; clk_div_16x[2]   ; clk          ; clk         ; 0.000        ; 0.081      ; 0.947      ;
; 0.681 ; clk_div_16x[5] ; clk_div_16x[5]   ; clk          ; clk         ; 0.000        ; 0.081      ; 0.948      ;
; 0.684 ; bps_cnt[6]     ; bps_cnt[6]       ; clk          ; clk         ; 0.000        ; 0.081      ; 0.951      ;
; 0.684 ; clk_div_16x[0] ; clk_div_16x[0]   ; clk          ; clk         ; 0.000        ; 0.081      ; 0.951      ;
; 0.688 ; r_data[4][1]   ; byte_out[4]~reg0 ; clk          ; clk         ; 0.000        ; 0.080      ; 0.954      ;
; 0.692 ; bps_cnt[4]     ; bps_cnt[4]       ; clk          ; clk         ; 0.000        ; 0.081      ; 0.959      ;
; 0.696 ; clk_div_16x[7] ; clk_div_16x[7]   ; clk          ; clk         ; 0.000        ; 0.081      ; 0.963      ;
; 0.705 ; bps_cnt[3]     ; bps_cnt[3]       ; clk          ; clk         ; 0.000        ; 0.081      ; 0.972      ;
; 0.723 ; bps_cnt[0]     ; bps_cnt[0]       ; clk          ; clk         ; 0.000        ; 0.081      ; 0.990      ;
; 0.724 ; bps_cnt[2]     ; bps_cnt[2]       ; clk          ; clk         ; 0.000        ; 0.081      ; 0.991      ;
; 0.733 ; rx_done~reg0   ; RX_EN            ; clk          ; clk         ; 0.000        ; 0.081      ; 1.000      ;
; 0.738 ; bps_cnt[7]     ; r_data[7][2]     ; clk          ; clk         ; 0.000        ; 0.510      ; 1.434      ;
; 0.738 ; bps_cnt[7]     ; r_data[7][1]     ; clk          ; clk         ; 0.000        ; 0.510      ; 1.434      ;
; 0.738 ; bps_cnt[7]     ; r_data[7][0]     ; clk          ; clk         ; 0.000        ; 0.510      ; 1.434      ;
; 0.750 ; bps_cnt[2]     ; sta_bit[2]       ; clk          ; clk         ; 0.000        ; 0.477      ; 1.413      ;
; 0.757 ; r_data[6][2]   ; byte_out[6]~reg0 ; clk          ; clk         ; 0.000        ; 0.080      ; 1.023      ;
; 0.779 ; r_data[3][0]   ; byte_out[3]~reg0 ; clk          ; clk         ; 0.000        ; 0.080      ; 1.045      ;
; 0.786 ; r_data[2][2]   ; byte_out[2]~reg0 ; clk          ; clk         ; 0.000        ; 0.083      ; 1.055      ;
; 0.801 ; r_data[3][2]   ; byte_out[3]~reg0 ; clk          ; clk         ; 0.000        ; 0.080      ; 1.067      ;
; 0.806 ; sta_bit[2]     ; RX_EN            ; clk          ; clk         ; 0.000        ; -0.298     ; 0.694      ;
; 0.809 ; r_data[6][1]   ; r_data[6][2]     ; clk          ; clk         ; 0.000        ; 0.081      ; 1.076      ;
; 0.821 ; r_data[0][1]   ; r_data[0][2]     ; clk          ; clk         ; 0.000        ; 0.081      ; 1.088      ;
; 0.825 ; clk_div_16x[6] ; clk_div_16x[6]   ; clk          ; clk         ; 0.000        ; 0.081      ; 1.092      ;
; 0.835 ; r_data[6][0]   ; r_data[6][1]     ; clk          ; clk         ; 0.000        ; 0.081      ; 1.102      ;
; 0.843 ; clk_div_16x[3] ; clk_div_16x[3]   ; clk          ; clk         ; 0.000        ; 0.081      ; 1.110      ;
; 0.845 ; bps_cnt[1]     ; bps_cnt[1]       ; clk          ; clk         ; 0.000        ; 0.081      ; 1.112      ;
; 0.854 ; bps_cnt[5]     ; bps_cnt[5]       ; clk          ; clk         ; 0.000        ; 0.081      ; 1.121      ;
; 0.857 ; r_data[1][1]   ; byte_out[1]~reg0 ; clk          ; clk         ; 0.000        ; 0.083      ; 1.126      ;
; 0.876 ; r_data[6][0]   ; byte_out[6]~reg0 ; clk          ; clk         ; 0.000        ; 0.080      ; 1.142      ;
; 0.896 ; bps_cnt[2]     ; sta_bit[0]       ; clk          ; clk         ; 0.000        ; 0.477      ; 1.559      ;
; 0.962 ; uart_rx_r[1]   ; RX_EN            ; clk          ; clk         ; 0.000        ; 0.081      ; 1.229      ;
; 0.968 ; r_data[1][0]   ; byte_out[1]~reg0 ; clk          ; clk         ; 0.000        ; 0.083      ; 1.237      ;
; 0.983 ; clk_div_16x[1] ; clk_div_16x[2]   ; clk          ; clk         ; 0.000        ; 0.081      ; 1.250      ;
; 0.992 ; clk_div_16x[0] ; clk_div_16x[1]   ; clk          ; clk         ; 0.000        ; 0.081      ; 1.259      ;
; 0.992 ; r_data[2][0]   ; byte_out[2]~reg0 ; clk          ; clk         ; 0.000        ; 0.083      ; 1.261      ;
; 0.997 ; clk_div_16x[0] ; clk_div_16x[2]   ; clk          ; clk         ; 0.000        ; 0.081      ; 1.264      ;
; 0.998 ; clk_div_16x[5] ; clk_div_16x[6]   ; clk          ; clk         ; 0.000        ; 0.081      ; 1.265      ;
; 1.005 ; clk_div_16x[4] ; clk_div_16x[5]   ; clk          ; clk         ; 0.000        ; 0.081      ; 1.272      ;
+-------+----------------+------------------+--------------+-------------+--------------+------------+------------+


-----------------------------------------------
; Slow 1200mV 85C Model Metastability Summary ;
-----------------------------------------------
No synchronizer chains to report.


+-----------------------------------------------------------------------------------------------------------+
; Slow 1200mV 0C Model Fmax Summary                                                                         ;
+------------+-----------------+------------+---------------------------------------------------------------+
; Fmax       ; Restricted Fmax ; Clock Name ; Note                                                          ;
+------------+-----------------+------------+---------------------------------------------------------------+
; 277.24 MHz ; 250.0 MHz       ; clk        ; limit due to minimum period restriction (max I/O toggle rate) ;
+------------+-----------------+------------+---------------------------------------------------------------+
This panel reports FMAX for every clock in the design, regardless of the user-specified clock periods.  FMAX is only computed for paths where the source and destination registers or ports are driven by the same clock.  Paths of different clocks, including generated clocks, are ignored.  For paths between a clock and its inversion, FMAX is computed as if the rising and falling edges are scaled along with FMAX, such that the duty cycle (in terms of a percentage) is maintained. Altera recommends that you always use clock constraints and other slack reports for sign-off analysis.


+------------------------------------+
; Slow 1200mV 0C Model Setup Summary ;
+-------+--------+-------------------+
; Clock ; Slack  ; End Point TNS     ;
+-------+--------+-------------------+
; clk   ; -2.607 ; -129.916          ;
+-------+--------+-------------------+


+-----------------------------------+
; Slow 1200mV 0C Model Hold Summary ;
+-------+-------+-------------------+
; Clock ; Slack ; End Point TNS     ;
+-------+-------+-------------------+
; clk   ; 0.338 ; 0.000             ;
+-------+-------+-------------------+


-----------------------------------------
; Slow 1200mV 0C Model Recovery Summary ;
-----------------------------------------
No paths to report.


----------------------------------------
; Slow 1200mV 0C Model Removal Summary ;
----------------------------------------
No paths to report.


+--------------------------------------------------+
; Slow 1200mV 0C Model Minimum Pulse Width Summary ;
+-------+--------+---------------------------------+
; Clock ; Slack  ; End Point TNS                   ;
+-------+--------+---------------------------------+
; clk   ; -3.000 ; -74.960                         ;
+-------+--------+---------------------------------+


+------------------------------------------------------------------------------------------------------------------+
; Slow 1200mV 0C Model Setup: 'clk'                                                                                ;
+--------+----------------+------------------+--------------+-------------+--------------+------------+------------+
; Slack  ; From Node      ; To Node          ; Launch Clock ; Latch Clock ; Relationship ; Clock Skew ; Data Delay ;
+--------+----------------+------------------+--------------+-------------+--------------+------------+------------+
; -2.607 ; bps_cnt[2]     ; r_data[1][2]     ; clk          ; clk         ; 1.000        ; -0.074     ; 3.532      ;
; -2.607 ; bps_cnt[2]     ; r_data[1][1]     ; clk          ; clk         ; 1.000        ; -0.074     ; 3.532      ;
; -2.607 ; bps_cnt[2]     ; r_data[1][0]     ; clk          ; clk         ; 1.000        ; -0.074     ; 3.532      ;
; -2.561 ; bps_cnt[5]     ; r_data[1][2]     ; clk          ; clk         ; 1.000        ; -0.074     ; 3.486      ;
; -2.561 ; bps_cnt[5]     ; r_data[1][1]     ; clk          ; clk         ; 1.000        ; -0.074     ; 3.486      ;
; -2.561 ; bps_cnt[5]     ; r_data[1][0]     ; clk          ; clk         ; 1.000        ; -0.074     ; 3.486      ;
; -2.551 ; clk_div_16x[1] ; byte_out[6]~reg0 ; clk          ; clk         ; 1.000        ; -0.070     ; 3.480      ;
; -2.551 ; clk_div_16x[1] ; byte_out[5]~reg0 ; clk          ; clk         ; 1.000        ; -0.070     ; 3.480      ;
; -2.551 ; clk_div_16x[1] ; byte_out[4]~reg0 ; clk          ; clk         ; 1.000        ; -0.070     ; 3.480      ;
; -2.551 ; clk_div_16x[1] ; byte_out[3]~reg0 ; clk          ; clk         ; 1.000        ; -0.070     ; 3.480      ;
; -2.545 ; clk_div_16x[5] ; byte_out[6]~reg0 ; clk          ; clk         ; 1.000        ; -0.070     ; 3.474      ;
; -2.545 ; clk_div_16x[5] ; byte_out[5]~reg0 ; clk          ; clk         ; 1.000        ; -0.070     ; 3.474      ;
; -2.545 ; clk_div_16x[5] ; byte_out[4]~reg0 ; clk          ; clk         ; 1.000        ; -0.070     ; 3.474      ;
; -2.545 ; clk_div_16x[5] ; byte_out[3]~reg0 ; clk          ; clk         ; 1.000        ; -0.070     ; 3.474      ;
; -2.529 ; bps_cnt[3]     ; r_data[6][2]     ; clk          ; clk         ; 1.000        ; -0.070     ; 3.458      ;
; -2.529 ; bps_cnt[3]     ; r_data[6][1]     ; clk          ; clk         ; 1.000        ; -0.070     ; 3.458      ;
; -2.529 ; bps_cnt[3]     ; r_data[6][0]     ; clk          ; clk         ; 1.000        ; -0.070     ; 3.458      ;
; -2.526 ; bps_cnt[7]     ; byte_out[6]~reg0 ; clk          ; clk         ; 1.000        ; -0.071     ; 3.454      ;
; -2.526 ; bps_cnt[7]     ; byte_out[5]~reg0 ; clk          ; clk         ; 1.000        ; -0.071     ; 3.454      ;
; -2.526 ; bps_cnt[7]     ; byte_out[4]~reg0 ; clk          ; clk         ; 1.000        ; -0.071     ; 3.454      ;
; -2.526 ; bps_cnt[7]     ; byte_out[3]~reg0 ; clk          ; clk         ; 1.000        ; -0.071     ; 3.454      ;
; -2.512 ; clk_div_16x[5] ; bps_cnt[6]       ; clk          ; clk         ; 1.000        ; -0.071     ; 3.440      ;
; -2.512 ; clk_div_16x[5] ; bps_cnt[7]       ; clk          ; clk         ; 1.000        ; -0.071     ; 3.440      ;
; -2.512 ; clk_div_16x[5] ; bps_cnt[0]       ; clk          ; clk         ; 1.000        ; -0.071     ; 3.440      ;
; -2.512 ; clk_div_16x[5] ; bps_cnt[1]       ; clk          ; clk         ; 1.000        ; -0.071     ; 3.440      ;
; -2.512 ; clk_div_16x[5] ; bps_cnt[2]       ; clk          ; clk         ; 1.000        ; -0.071     ; 3.440      ;
; -2.512 ; clk_div_16x[5] ; bps_cnt[3]       ; clk          ; clk         ; 1.000        ; -0.071     ; 3.440      ;
; -2.512 ; clk_div_16x[5] ; bps_cnt[4]       ; clk          ; clk         ; 1.000        ; -0.071     ; 3.440      ;
; -2.512 ; clk_div_16x[5] ; bps_cnt[5]       ; clk          ; clk         ; 1.000        ; -0.071     ; 3.440      ;
; -2.495 ; clk_div_16x[6] ; byte_out[6]~reg0 ; clk          ; clk         ; 1.000        ; -0.070     ; 3.424      ;
; -2.495 ; clk_div_16x[6] ; byte_out[5]~reg0 ; clk          ; clk         ; 1.000        ; -0.070     ; 3.424      ;
; -2.495 ; clk_div_16x[6] ; byte_out[4]~reg0 ; clk          ; clk         ; 1.000        ; -0.070     ; 3.424      ;
; -2.495 ; clk_div_16x[6] ; byte_out[3]~reg0 ; clk          ; clk         ; 1.000        ; -0.070     ; 3.424      ;
; -2.489 ; bps_cnt[0]     ; byte_out[6]~reg0 ; clk          ; clk         ; 1.000        ; -0.071     ; 3.417      ;
; -2.489 ; bps_cnt[0]     ; byte_out[5]~reg0 ; clk          ; clk         ; 1.000        ; -0.071     ; 3.417      ;
; -2.489 ; bps_cnt[0]     ; byte_out[4]~reg0 ; clk          ; clk         ; 1.000        ; -0.071     ; 3.417      ;
; -2.489 ; bps_cnt[0]     ; byte_out[3]~reg0 ; clk          ; clk         ; 1.000        ; -0.071     ; 3.417      ;
; -2.481 ; clk_div_16x[5] ; r_data[6][2]     ; clk          ; clk         ; 1.000        ; -0.069     ; 3.411      ;
; -2.481 ; clk_div_16x[5] ; r_data[6][1]     ; clk          ; clk         ; 1.000        ; -0.069     ; 3.411      ;
; -2.481 ; clk_div_16x[5] ; r_data[6][0]     ; clk          ; clk         ; 1.000        ; -0.069     ; 3.411      ;
; -2.480 ; clk_div_16x[7] ; byte_out[6]~reg0 ; clk          ; clk         ; 1.000        ; -0.070     ; 3.409      ;
; -2.480 ; clk_div_16x[7] ; byte_out[5]~reg0 ; clk          ; clk         ; 1.000        ; -0.070     ; 3.409      ;
; -2.480 ; clk_div_16x[7] ; byte_out[4]~reg0 ; clk          ; clk         ; 1.000        ; -0.070     ; 3.409      ;
; -2.480 ; clk_div_16x[7] ; byte_out[3]~reg0 ; clk          ; clk         ; 1.000        ; -0.070     ; 3.409      ;
; -2.477 ; bps_cnt[3]     ; byte_out[6]~reg0 ; clk          ; clk         ; 1.000        ; -0.071     ; 3.405      ;
; -2.477 ; bps_cnt[3]     ; byte_out[5]~reg0 ; clk          ; clk         ; 1.000        ; -0.071     ; 3.405      ;
; -2.477 ; bps_cnt[3]     ; byte_out[4]~reg0 ; clk          ; clk         ; 1.000        ; -0.071     ; 3.405      ;
; -2.477 ; bps_cnt[3]     ; byte_out[3]~reg0 ; clk          ; clk         ; 1.000        ; -0.071     ; 3.405      ;
; -2.476 ; clk_div_16x[5] ; r_data[0][2]     ; clk          ; clk         ; 1.000        ; -0.071     ; 3.404      ;
; -2.476 ; clk_div_16x[5] ; r_data[0][1]     ; clk          ; clk         ; 1.000        ; -0.071     ; 3.404      ;
; -2.476 ; clk_div_16x[5] ; r_data[0][0]     ; clk          ; clk         ; 1.000        ; -0.071     ; 3.404      ;
; -2.472 ; bps_cnt[0]     ; r_data[6][2]     ; clk          ; clk         ; 1.000        ; -0.070     ; 3.401      ;
; -2.472 ; bps_cnt[0]     ; r_data[6][1]     ; clk          ; clk         ; 1.000        ; -0.070     ; 3.401      ;
; -2.472 ; bps_cnt[0]     ; r_data[6][0]     ; clk          ; clk         ; 1.000        ; -0.070     ; 3.401      ;
; -2.470 ; bps_cnt[5]     ; byte_out[6]~reg0 ; clk          ; clk         ; 1.000        ; -0.071     ; 3.398      ;
; -2.470 ; bps_cnt[5]     ; byte_out[5]~reg0 ; clk          ; clk         ; 1.000        ; -0.071     ; 3.398      ;
; -2.470 ; bps_cnt[5]     ; byte_out[4]~reg0 ; clk          ; clk         ; 1.000        ; -0.071     ; 3.398      ;
; -2.470 ; bps_cnt[5]     ; byte_out[3]~reg0 ; clk          ; clk         ; 1.000        ; -0.071     ; 3.398      ;
; -2.468 ; bps_cnt[0]     ; r_data[2][2]     ; clk          ; clk         ; 1.000        ; -0.074     ; 3.393      ;
; -2.468 ; bps_cnt[0]     ; r_data[2][1]     ; clk          ; clk         ; 1.000        ; -0.074     ; 3.393      ;
; -2.468 ; bps_cnt[0]     ; r_data[2][0]     ; clk          ; clk         ; 1.000        ; -0.074     ; 3.393      ;
; -2.462 ; clk_div_16x[6] ; bps_cnt[6]       ; clk          ; clk         ; 1.000        ; -0.071     ; 3.390      ;
; -2.462 ; clk_div_16x[6] ; bps_cnt[7]       ; clk          ; clk         ; 1.000        ; -0.071     ; 3.390      ;
; -2.462 ; clk_div_16x[6] ; bps_cnt[0]       ; clk          ; clk         ; 1.000        ; -0.071     ; 3.390      ;
; -2.462 ; clk_div_16x[6] ; bps_cnt[1]       ; clk          ; clk         ; 1.000        ; -0.071     ; 3.390      ;
; -2.462 ; clk_div_16x[6] ; bps_cnt[2]       ; clk          ; clk         ; 1.000        ; -0.071     ; 3.390      ;
; -2.462 ; clk_div_16x[6] ; bps_cnt[3]       ; clk          ; clk         ; 1.000        ; -0.071     ; 3.390      ;
; -2.462 ; clk_div_16x[6] ; bps_cnt[4]       ; clk          ; clk         ; 1.000        ; -0.071     ; 3.390      ;
; -2.462 ; clk_div_16x[6] ; bps_cnt[5]       ; clk          ; clk         ; 1.000        ; -0.071     ; 3.390      ;
; -2.454 ; bps_cnt[1]     ; r_data[1][2]     ; clk          ; clk         ; 1.000        ; -0.074     ; 3.379      ;
; -2.454 ; bps_cnt[1]     ; r_data[1][1]     ; clk          ; clk         ; 1.000        ; -0.074     ; 3.379      ;
; -2.454 ; bps_cnt[1]     ; r_data[1][0]     ; clk          ; clk         ; 1.000        ; -0.074     ; 3.379      ;
; -2.447 ; clk_div_16x[7] ; bps_cnt[6]       ; clk          ; clk         ; 1.000        ; -0.071     ; 3.375      ;
; -2.447 ; clk_div_16x[7] ; bps_cnt[7]       ; clk          ; clk         ; 1.000        ; -0.071     ; 3.375      ;
; -2.447 ; clk_div_16x[7] ; bps_cnt[0]       ; clk          ; clk         ; 1.000        ; -0.071     ; 3.375      ;
; -2.447 ; clk_div_16x[7] ; bps_cnt[1]       ; clk          ; clk         ; 1.000        ; -0.071     ; 3.375      ;
; -2.447 ; clk_div_16x[7] ; bps_cnt[2]       ; clk          ; clk         ; 1.000        ; -0.071     ; 3.375      ;
; -2.447 ; clk_div_16x[7] ; bps_cnt[3]       ; clk          ; clk         ; 1.000        ; -0.071     ; 3.375      ;
; -2.447 ; clk_div_16x[7] ; bps_cnt[4]       ; clk          ; clk         ; 1.000        ; -0.071     ; 3.375      ;
; -2.447 ; clk_div_16x[7] ; bps_cnt[5]       ; clk          ; clk         ; 1.000        ; -0.071     ; 3.375      ;
; -2.446 ; bps_cnt[3]     ; r_data[2][2]     ; clk          ; clk         ; 1.000        ; -0.074     ; 3.371      ;
; -2.446 ; bps_cnt[3]     ; r_data[2][1]     ; clk          ; clk         ; 1.000        ; -0.074     ; 3.371      ;
; -2.446 ; bps_cnt[3]     ; r_data[2][0]     ; clk          ; clk         ; 1.000        ; -0.074     ; 3.371      ;
; -2.445 ; clk_div_16x[5] ; r_data[3][2]     ; clk          ; clk         ; 1.000        ; -0.069     ; 3.375      ;
; -2.445 ; clk_div_16x[5] ; r_data[3][1]     ; clk          ; clk         ; 1.000        ; -0.069     ; 3.375      ;
; -2.445 ; clk_div_16x[5] ; r_data[3][0]     ; clk          ; clk         ; 1.000        ; -0.069     ; 3.375      ;
; -2.442 ; clk_div_16x[0] ; byte_out[6]~reg0 ; clk          ; clk         ; 1.000        ; -0.070     ; 3.371      ;
; -2.442 ; clk_div_16x[0] ; byte_out[5]~reg0 ; clk          ; clk         ; 1.000        ; -0.070     ; 3.371      ;
; -2.442 ; clk_div_16x[0] ; byte_out[4]~reg0 ; clk          ; clk         ; 1.000        ; -0.070     ; 3.371      ;
; -2.442 ; clk_div_16x[0] ; byte_out[3]~reg0 ; clk          ; clk         ; 1.000        ; -0.070     ; 3.371      ;
; -2.437 ; clk_div_16x[5] ; r_data[4][2]     ; clk          ; clk         ; 1.000        ; -0.070     ; 3.366      ;
; -2.437 ; clk_div_16x[5] ; r_data[4][1]     ; clk          ; clk         ; 1.000        ; -0.070     ; 3.366      ;
; -2.437 ; clk_div_16x[5] ; r_data[4][0]     ; clk          ; clk         ; 1.000        ; -0.070     ; 3.366      ;
; -2.433 ; bps_cnt[4]     ; byte_out[6]~reg0 ; clk          ; clk         ; 1.000        ; -0.071     ; 3.361      ;
; -2.433 ; bps_cnt[4]     ; byte_out[5]~reg0 ; clk          ; clk         ; 1.000        ; -0.071     ; 3.361      ;
; -2.433 ; bps_cnt[4]     ; byte_out[4]~reg0 ; clk          ; clk         ; 1.000        ; -0.071     ; 3.361      ;
; -2.433 ; bps_cnt[4]     ; byte_out[3]~reg0 ; clk          ; clk         ; 1.000        ; -0.071     ; 3.361      ;
; -2.431 ; bps_cnt[3]     ; r_data[4][2]     ; clk          ; clk         ; 1.000        ; -0.071     ; 3.359      ;
; -2.431 ; bps_cnt[3]     ; r_data[4][1]     ; clk          ; clk         ; 1.000        ; -0.071     ; 3.359      ;
; -2.431 ; bps_cnt[3]     ; r_data[4][0]     ; clk          ; clk         ; 1.000        ; -0.071     ; 3.359      ;
+--------+----------------+------------------+--------------+-------------+--------------+------------+------------+


+-----------------------------------------------------------------------------------------------------------------+
; Slow 1200mV 0C Model Hold: 'clk'                                                                                ;
+-------+----------------+------------------+--------------+-------------+--------------+------------+------------+
; Slack ; From Node      ; To Node          ; Launch Clock ; Latch Clock ; Relationship ; Clock Skew ; Data Delay ;
+-------+----------------+------------------+--------------+-------------+--------------+------------+------------+
; 0.338 ; r_data[7][2]   ; r_data[7][2]     ; clk          ; clk         ; 0.000        ; 0.088      ; 0.597      ;
; 0.338 ; r_data[7][1]   ; r_data[7][1]     ; clk          ; clk         ; 0.000        ; 0.088      ; 0.597      ;
; 0.338 ; r_data[7][0]   ; r_data[7][0]     ; clk          ; clk         ; 0.000        ; 0.088      ; 0.597      ;
; 0.338 ; r_data[5][2]   ; r_data[5][2]     ; clk          ; clk         ; 0.000        ; 0.088      ; 0.597      ;
; 0.338 ; r_data[5][1]   ; r_data[5][1]     ; clk          ; clk         ; 0.000        ; 0.088      ; 0.597      ;
; 0.338 ; r_data[5][0]   ; r_data[5][0]     ; clk          ; clk         ; 0.000        ; 0.088      ; 0.597      ;
; 0.340 ; sta_bit[1]     ; sta_bit[1]       ; clk          ; clk         ; 0.000        ; 0.086      ; 0.597      ;
; 0.340 ; sta_bit[0]     ; sta_bit[0]       ; clk          ; clk         ; 0.000        ; 0.086      ; 0.597      ;
; 0.353 ; r_data[4][2]   ; r_data[4][2]     ; clk          ; clk         ; 0.000        ; 0.073      ; 0.597      ;
; 0.353 ; r_data[4][1]   ; r_data[4][1]     ; clk          ; clk         ; 0.000        ; 0.073      ; 0.597      ;
; 0.353 ; r_data[4][0]   ; r_data[4][0]     ; clk          ; clk         ; 0.000        ; 0.073      ; 0.597      ;
; 0.354 ; r_data[6][2]   ; r_data[6][2]     ; clk          ; clk         ; 0.000        ; 0.072      ; 0.597      ;
; 0.354 ; r_data[6][1]   ; r_data[6][1]     ; clk          ; clk         ; 0.000        ; 0.072      ; 0.597      ;
; 0.354 ; r_data[6][0]   ; r_data[6][0]     ; clk          ; clk         ; 0.000        ; 0.072      ; 0.597      ;
; 0.354 ; r_data[3][2]   ; r_data[3][2]     ; clk          ; clk         ; 0.000        ; 0.072      ; 0.597      ;
; 0.354 ; r_data[3][1]   ; r_data[3][1]     ; clk          ; clk         ; 0.000        ; 0.072      ; 0.597      ;
; 0.354 ; r_data[3][0]   ; r_data[3][0]     ; clk          ; clk         ; 0.000        ; 0.072      ; 0.597      ;
; 0.354 ; r_data[2][2]   ; r_data[2][2]     ; clk          ; clk         ; 0.000        ; 0.072      ; 0.597      ;
; 0.354 ; r_data[2][1]   ; r_data[2][1]     ; clk          ; clk         ; 0.000        ; 0.072      ; 0.597      ;
; 0.354 ; r_data[2][0]   ; r_data[2][0]     ; clk          ; clk         ; 0.000        ; 0.072      ; 0.597      ;
; 0.354 ; r_data[1][2]   ; r_data[1][2]     ; clk          ; clk         ; 0.000        ; 0.072      ; 0.597      ;
; 0.354 ; r_data[1][1]   ; r_data[1][1]     ; clk          ; clk         ; 0.000        ; 0.072      ; 0.597      ;
; 0.354 ; r_data[1][0]   ; r_data[1][0]     ; clk          ; clk         ; 0.000        ; 0.072      ; 0.597      ;
; 0.354 ; r_data[0][2]   ; r_data[0][2]     ; clk          ; clk         ; 0.000        ; 0.072      ; 0.597      ;
; 0.354 ; r_data[0][1]   ; r_data[0][1]     ; clk          ; clk         ; 0.000        ; 0.072      ; 0.597      ;
; 0.354 ; r_data[0][0]   ; r_data[0][0]     ; clk          ; clk         ; 0.000        ; 0.072      ; 0.597      ;
; 0.354 ; RX_EN          ; RX_EN            ; clk          ; clk         ; 0.000        ; 0.072      ; 0.597      ;
; 0.373 ; sta_bit[0]     ; sta_bit[1]       ; clk          ; clk         ; 0.000        ; 0.086      ; 0.630      ;
; 0.393 ; r_data[7][0]   ; r_data[7][2]     ; clk          ; clk         ; 0.000        ; 0.088      ; 0.652      ;
; 0.396 ; r_data[4][0]   ; r_data[4][2]     ; clk          ; clk         ; 0.000        ; 0.073      ; 0.640      ;
; 0.396 ; r_data[0][0]   ; r_data[0][2]     ; clk          ; clk         ; 0.000        ; 0.072      ; 0.639      ;
; 0.398 ; r_data[0][0]   ; r_data[0][1]     ; clk          ; clk         ; 0.000        ; 0.072      ; 0.641      ;
; 0.412 ; r_data[4][0]   ; byte_out[4]~reg0 ; clk          ; clk         ; 0.000        ; 0.073      ; 0.656      ;
; 0.412 ; r_data[0][0]   ; byte_out[0]~reg0 ; clk          ; clk         ; 0.000        ; 0.072      ; 0.655      ;
; 0.528 ; r_data[0][1]   ; byte_out[0]~reg0 ; clk          ; clk         ; 0.000        ; 0.072      ; 0.771      ;
; 0.552 ; bps_cnt[3]     ; sta_bit[2]       ; clk          ; clk         ; 0.000        ; 0.433      ; 1.156      ;
; 0.556 ; clk_div_16x[8] ; clk_div_16x[8]   ; clk          ; clk         ; 0.000        ; 0.072      ; 0.799      ;
; 0.556 ; bps_cnt[3]     ; sta_bit[0]       ; clk          ; clk         ; 0.000        ; 0.433      ; 1.160      ;
; 0.572 ; r_data[3][1]   ; byte_out[3]~reg0 ; clk          ; clk         ; 0.000        ; 0.072      ; 0.815      ;
; 0.578 ; r_data[6][1]   ; byte_out[6]~reg0 ; clk          ; clk         ; 0.000        ; 0.072      ; 0.821      ;
; 0.584 ; r_data[4][2]   ; byte_out[4]~reg0 ; clk          ; clk         ; 0.000        ; 0.073      ; 0.828      ;
; 0.585 ; r_data[7][1]   ; r_data[7][2]     ; clk          ; clk         ; 0.000        ; 0.088      ; 0.844      ;
; 0.585 ; r_data[0][2]   ; byte_out[0]~reg0 ; clk          ; clk         ; 0.000        ; 0.072      ; 0.828      ;
; 0.586 ; r_data[5][1]   ; r_data[5][2]     ; clk          ; clk         ; 0.000        ; 0.088      ; 0.845      ;
; 0.588 ; r_data[4][1]   ; r_data[4][2]     ; clk          ; clk         ; 0.000        ; 0.073      ; 0.832      ;
; 0.595 ; r_data[7][0]   ; r_data[7][1]     ; clk          ; clk         ; 0.000        ; 0.088      ; 0.854      ;
; 0.595 ; r_data[5][0]   ; r_data[5][2]     ; clk          ; clk         ; 0.000        ; 0.088      ; 0.854      ;
; 0.595 ; r_data[5][0]   ; r_data[5][1]     ; clk          ; clk         ; 0.000        ; 0.088      ; 0.854      ;
; 0.596 ; r_data[4][0]   ; r_data[4][1]     ; clk          ; clk         ; 0.000        ; 0.073      ; 0.840      ;
; 0.604 ; r_data[6][0]   ; r_data[6][2]     ; clk          ; clk         ; 0.000        ; 0.072      ; 0.847      ;
; 0.604 ; r_data[1][1]   ; r_data[1][2]     ; clk          ; clk         ; 0.000        ; 0.072      ; 0.847      ;
; 0.606 ; r_data[3][1]   ; r_data[3][2]     ; clk          ; clk         ; 0.000        ; 0.072      ; 0.849      ;
; 0.606 ; r_data[2][1]   ; r_data[2][2]     ; clk          ; clk         ; 0.000        ; 0.072      ; 0.849      ;
; 0.609 ; r_data[3][0]   ; r_data[3][1]     ; clk          ; clk         ; 0.000        ; 0.072      ; 0.852      ;
; 0.610 ; clk_div_16x[1] ; clk_div_16x[1]   ; clk          ; clk         ; 0.000        ; 0.072      ; 0.853      ;
; 0.610 ; r_data[3][0]   ; r_data[3][2]     ; clk          ; clk         ; 0.000        ; 0.072      ; 0.853      ;
; 0.610 ; r_data[2][0]   ; r_data[2][1]     ; clk          ; clk         ; 0.000        ; 0.072      ; 0.853      ;
; 0.610 ; r_data[1][0]   ; r_data[1][2]     ; clk          ; clk         ; 0.000        ; 0.072      ; 0.853      ;
; 0.611 ; r_data[2][0]   ; r_data[2][2]     ; clk          ; clk         ; 0.000        ; 0.072      ; 0.854      ;
; 0.613 ; r_data[1][0]   ; r_data[1][1]     ; clk          ; clk         ; 0.000        ; 0.072      ; 0.856      ;
; 0.620 ; bps_cnt[7]     ; bps_cnt[7]       ; clk          ; clk         ; 0.000        ; 0.072      ; 0.863      ;
; 0.620 ; clk_div_16x[4] ; clk_div_16x[4]   ; clk          ; clk         ; 0.000        ; 0.072      ; 0.863      ;
; 0.620 ; clk_div_16x[2] ; clk_div_16x[2]   ; clk          ; clk         ; 0.000        ; 0.072      ; 0.863      ;
; 0.623 ; clk_div_16x[5] ; clk_div_16x[5]   ; clk          ; clk         ; 0.000        ; 0.072      ; 0.866      ;
; 0.624 ; bps_cnt[6]     ; bps_cnt[6]       ; clk          ; clk         ; 0.000        ; 0.072      ; 0.867      ;
; 0.626 ; clk_div_16x[0] ; clk_div_16x[0]   ; clk          ; clk         ; 0.000        ; 0.072      ; 0.869      ;
; 0.628 ; r_data[4][1]   ; byte_out[4]~reg0 ; clk          ; clk         ; 0.000        ; 0.073      ; 0.872      ;
; 0.631 ; bps_cnt[4]     ; bps_cnt[4]       ; clk          ; clk         ; 0.000        ; 0.072      ; 0.874      ;
; 0.635 ; clk_div_16x[7] ; clk_div_16x[7]   ; clk          ; clk         ; 0.000        ; 0.072      ; 0.878      ;
; 0.642 ; bps_cnt[3]     ; bps_cnt[3]       ; clk          ; clk         ; 0.000        ; 0.072      ; 0.885      ;
; 0.658 ; bps_cnt[2]     ; bps_cnt[2]       ; clk          ; clk         ; 0.000        ; 0.072      ; 0.901      ;
; 0.665 ; bps_cnt[0]     ; bps_cnt[0]       ; clk          ; clk         ; 0.000        ; 0.072      ; 0.908      ;
; 0.671 ; rx_done~reg0   ; RX_EN            ; clk          ; clk         ; 0.000        ; 0.072      ; 0.914      ;
; 0.699 ; bps_cnt[2]     ; sta_bit[2]       ; clk          ; clk         ; 0.000        ; 0.433      ; 1.303      ;
; 0.703 ; r_data[2][2]   ; byte_out[2]~reg0 ; clk          ; clk         ; 0.000        ; 0.074      ; 0.948      ;
; 0.708 ; r_data[6][2]   ; byte_out[6]~reg0 ; clk          ; clk         ; 0.000        ; 0.072      ; 0.951      ;
; 0.710 ; bps_cnt[7]     ; r_data[7][2]     ; clk          ; clk         ; 0.000        ; 0.466      ; 1.347      ;
; 0.710 ; bps_cnt[7]     ; r_data[7][1]     ; clk          ; clk         ; 0.000        ; 0.466      ; 1.347      ;
; 0.710 ; bps_cnt[7]     ; r_data[7][0]     ; clk          ; clk         ; 0.000        ; 0.466      ; 1.347      ;
; 0.728 ; r_data[3][0]   ; byte_out[3]~reg0 ; clk          ; clk         ; 0.000        ; 0.072      ; 0.971      ;
; 0.732 ; sta_bit[2]     ; RX_EN            ; clk          ; clk         ; 0.000        ; -0.274     ; 0.629      ;
; 0.744 ; r_data[3][2]   ; byte_out[3]~reg0 ; clk          ; clk         ; 0.000        ; 0.072      ; 0.987      ;
; 0.751 ; r_data[6][1]   ; r_data[6][2]     ; clk          ; clk         ; 0.000        ; 0.072      ; 0.994      ;
; 0.761 ; r_data[1][1]   ; byte_out[1]~reg0 ; clk          ; clk         ; 0.000        ; 0.074      ; 1.006      ;
; 0.762 ; r_data[0][1]   ; r_data[0][2]     ; clk          ; clk         ; 0.000        ; 0.072      ; 1.005      ;
; 0.766 ; clk_div_16x[6] ; clk_div_16x[6]   ; clk          ; clk         ; 0.000        ; 0.072      ; 1.009      ;
; 0.776 ; r_data[6][0]   ; r_data[6][1]     ; clk          ; clk         ; 0.000        ; 0.072      ; 1.019      ;
; 0.781 ; bps_cnt[1]     ; bps_cnt[1]       ; clk          ; clk         ; 0.000        ; 0.072      ; 1.024      ;
; 0.782 ; clk_div_16x[3] ; clk_div_16x[3]   ; clk          ; clk         ; 0.000        ; 0.072      ; 1.025      ;
; 0.789 ; bps_cnt[5]     ; bps_cnt[5]       ; clk          ; clk         ; 0.000        ; 0.072      ; 1.032      ;
; 0.811 ; r_data[6][0]   ; byte_out[6]~reg0 ; clk          ; clk         ; 0.000        ; 0.072      ; 1.054      ;
; 0.816 ; bps_cnt[2]     ; sta_bit[0]       ; clk          ; clk         ; 0.000        ; 0.433      ; 1.420      ;
; 0.872 ; uart_rx_r[1]   ; RX_EN            ; clk          ; clk         ; 0.000        ; 0.072      ; 1.115      ;
; 0.889 ; r_data[1][0]   ; byte_out[1]~reg0 ; clk          ; clk         ; 0.000        ; 0.074      ; 1.134      ;
; 0.895 ; clk_div_16x[0] ; clk_div_16x[1]   ; clk          ; clk         ; 0.000        ; 0.072      ; 1.138      ;
; 0.897 ; clk_div_16x[1] ; clk_div_16x[2]   ; clk          ; clk         ; 0.000        ; 0.072      ; 1.140      ;
; 0.903 ; r_data[2][0]   ; byte_out[2]~reg0 ; clk          ; clk         ; 0.000        ; 0.074      ; 1.148      ;
; 0.906 ; clk_div_16x[0] ; clk_div_16x[2]   ; clk          ; clk         ; 0.000        ; 0.072      ; 1.149      ;
; 0.908 ; clk_div_16x[4] ; clk_div_16x[5]   ; clk          ; clk         ; 0.000        ; 0.072      ; 1.151      ;
; 0.908 ; clk_div_16x[2] ; clk_div_16x[3]   ; clk          ; clk         ; 0.000        ; 0.072      ; 1.151      ;
+-------+----------------+------------------+--------------+-------------+--------------+------------+------------+


----------------------------------------------
; Slow 1200mV 0C Model Metastability Summary ;
----------------------------------------------
No synchronizer chains to report.


+------------------------------------+
; Fast 1200mV 0C Model Setup Summary ;
+-------+--------+-------------------+
; Clock ; Slack  ; End Point TNS     ;
+-------+--------+-------------------+
; clk   ; -0.906 ; -42.158           ;
+-------+--------+-------------------+


+-----------------------------------+
; Fast 1200mV 0C Model Hold Summary ;
+-------+-------+-------------------+
; Clock ; Slack ; End Point TNS     ;
+-------+-------+-------------------+
; clk   ; 0.173 ; 0.000             ;
+-------+-------+-------------------+


-----------------------------------------
; Fast 1200mV 0C Model Recovery Summary ;
-----------------------------------------
No paths to report.


----------------------------------------
; Fast 1200mV 0C Model Removal Summary ;
----------------------------------------
No paths to report.


+--------------------------------------------------+
; Fast 1200mV 0C Model Minimum Pulse Width Summary ;
+-------+--------+---------------------------------+
; Clock ; Slack  ; End Point TNS                   ;
+-------+--------+---------------------------------+
; clk   ; -3.000 ; -62.623                         ;
+-------+--------+---------------------------------+


+------------------------------------------------------------------------------------------------------------------+
; Fast 1200mV 0C Model Setup: 'clk'                                                                                ;
+--------+----------------+------------------+--------------+-------------+--------------+------------+------------+
; Slack  ; From Node      ; To Node          ; Launch Clock ; Latch Clock ; Relationship ; Clock Skew ; Data Delay ;
+--------+----------------+------------------+--------------+-------------+--------------+------------+------------+
; -0.906 ; bps_cnt[2]     ; r_data[1][2]     ; clk          ; clk         ; 1.000        ; -0.042     ; 1.851      ;
; -0.906 ; bps_cnt[2]     ; r_data[1][1]     ; clk          ; clk         ; 1.000        ; -0.042     ; 1.851      ;
; -0.906 ; bps_cnt[2]     ; r_data[1][0]     ; clk          ; clk         ; 1.000        ; -0.042     ; 1.851      ;
; -0.877 ; bps_cnt[5]     ; r_data[1][2]     ; clk          ; clk         ; 1.000        ; -0.042     ; 1.822      ;
; -0.877 ; bps_cnt[5]     ; r_data[1][1]     ; clk          ; clk         ; 1.000        ; -0.042     ; 1.822      ;
; -0.877 ; bps_cnt[5]     ; r_data[1][0]     ; clk          ; clk         ; 1.000        ; -0.042     ; 1.822      ;
; -0.876 ; bps_cnt[5]     ; byte_out[6]~reg0 ; clk          ; clk         ; 1.000        ; -0.040     ; 1.823      ;
; -0.876 ; bps_cnt[5]     ; byte_out[5]~reg0 ; clk          ; clk         ; 1.000        ; -0.040     ; 1.823      ;
; -0.876 ; bps_cnt[5]     ; byte_out[4]~reg0 ; clk          ; clk         ; 1.000        ; -0.040     ; 1.823      ;
; -0.876 ; bps_cnt[5]     ; byte_out[3]~reg0 ; clk          ; clk         ; 1.000        ; -0.040     ; 1.823      ;
; -0.873 ; clk_div_16x[1] ; byte_out[6]~reg0 ; clk          ; clk         ; 1.000        ; -0.040     ; 1.820      ;
; -0.873 ; clk_div_16x[1] ; byte_out[5]~reg0 ; clk          ; clk         ; 1.000        ; -0.040     ; 1.820      ;
; -0.873 ; clk_div_16x[1] ; byte_out[4]~reg0 ; clk          ; clk         ; 1.000        ; -0.040     ; 1.820      ;
; -0.873 ; clk_div_16x[1] ; byte_out[3]~reg0 ; clk          ; clk         ; 1.000        ; -0.040     ; 1.820      ;
; -0.860 ; bps_cnt[3]     ; r_data[6][2]     ; clk          ; clk         ; 1.000        ; -0.040     ; 1.807      ;
; -0.860 ; bps_cnt[3]     ; r_data[6][1]     ; clk          ; clk         ; 1.000        ; -0.040     ; 1.807      ;
; -0.860 ; bps_cnt[3]     ; r_data[6][0]     ; clk          ; clk         ; 1.000        ; -0.040     ; 1.807      ;
; -0.858 ; bps_cnt[0]     ; byte_out[6]~reg0 ; clk          ; clk         ; 1.000        ; -0.040     ; 1.805      ;
; -0.858 ; bps_cnt[0]     ; byte_out[5]~reg0 ; clk          ; clk         ; 1.000        ; -0.040     ; 1.805      ;
; -0.858 ; bps_cnt[0]     ; byte_out[4]~reg0 ; clk          ; clk         ; 1.000        ; -0.040     ; 1.805      ;
; -0.858 ; bps_cnt[0]     ; byte_out[3]~reg0 ; clk          ; clk         ; 1.000        ; -0.040     ; 1.805      ;
; -0.854 ; bps_cnt[3]     ; byte_out[6]~reg0 ; clk          ; clk         ; 1.000        ; -0.040     ; 1.801      ;
; -0.854 ; bps_cnt[3]     ; byte_out[5]~reg0 ; clk          ; clk         ; 1.000        ; -0.040     ; 1.801      ;
; -0.854 ; bps_cnt[3]     ; byte_out[4]~reg0 ; clk          ; clk         ; 1.000        ; -0.040     ; 1.801      ;
; -0.854 ; bps_cnt[3]     ; byte_out[3]~reg0 ; clk          ; clk         ; 1.000        ; -0.040     ; 1.801      ;
; -0.850 ; clk_div_16x[7] ; bps_cnt[6]       ; clk          ; clk         ; 1.000        ; -0.041     ; 1.796      ;
; -0.850 ; clk_div_16x[7] ; bps_cnt[7]       ; clk          ; clk         ; 1.000        ; -0.041     ; 1.796      ;
; -0.850 ; clk_div_16x[7] ; bps_cnt[0]       ; clk          ; clk         ; 1.000        ; -0.041     ; 1.796      ;
; -0.850 ; clk_div_16x[7] ; bps_cnt[1]       ; clk          ; clk         ; 1.000        ; -0.041     ; 1.796      ;
; -0.850 ; clk_div_16x[7] ; bps_cnt[2]       ; clk          ; clk         ; 1.000        ; -0.041     ; 1.796      ;
; -0.850 ; clk_div_16x[7] ; bps_cnt[3]       ; clk          ; clk         ; 1.000        ; -0.041     ; 1.796      ;
; -0.850 ; clk_div_16x[7] ; bps_cnt[4]       ; clk          ; clk         ; 1.000        ; -0.041     ; 1.796      ;
; -0.850 ; clk_div_16x[7] ; bps_cnt[5]       ; clk          ; clk         ; 1.000        ; -0.041     ; 1.796      ;
; -0.846 ; bps_cnt[7]     ; byte_out[6]~reg0 ; clk          ; clk         ; 1.000        ; -0.040     ; 1.793      ;
; -0.846 ; bps_cnt[7]     ; byte_out[5]~reg0 ; clk          ; clk         ; 1.000        ; -0.040     ; 1.793      ;
; -0.846 ; bps_cnt[7]     ; byte_out[4]~reg0 ; clk          ; clk         ; 1.000        ; -0.040     ; 1.793      ;
; -0.846 ; bps_cnt[7]     ; byte_out[3]~reg0 ; clk          ; clk         ; 1.000        ; -0.040     ; 1.793      ;
; -0.845 ; clk_div_16x[7] ; byte_out[6]~reg0 ; clk          ; clk         ; 1.000        ; -0.040     ; 1.792      ;
; -0.845 ; clk_div_16x[7] ; byte_out[5]~reg0 ; clk          ; clk         ; 1.000        ; -0.040     ; 1.792      ;
; -0.845 ; clk_div_16x[7] ; byte_out[4]~reg0 ; clk          ; clk         ; 1.000        ; -0.040     ; 1.792      ;
; -0.845 ; clk_div_16x[7] ; byte_out[3]~reg0 ; clk          ; clk         ; 1.000        ; -0.040     ; 1.792      ;
; -0.833 ; bps_cnt[6]     ; r_data[3][2]     ; clk          ; clk         ; 1.000        ; -0.040     ; 1.780      ;
; -0.833 ; bps_cnt[6]     ; r_data[3][1]     ; clk          ; clk         ; 1.000        ; -0.040     ; 1.780      ;
; -0.833 ; bps_cnt[6]     ; r_data[3][0]     ; clk          ; clk         ; 1.000        ; -0.040     ; 1.780      ;
; -0.833 ; clk_div_16x[6] ; bps_cnt[6]       ; clk          ; clk         ; 1.000        ; -0.041     ; 1.779      ;
; -0.833 ; clk_div_16x[6] ; bps_cnt[7]       ; clk          ; clk         ; 1.000        ; -0.041     ; 1.779      ;
; -0.833 ; clk_div_16x[6] ; bps_cnt[0]       ; clk          ; clk         ; 1.000        ; -0.041     ; 1.779      ;
; -0.833 ; clk_div_16x[6] ; bps_cnt[1]       ; clk          ; clk         ; 1.000        ; -0.041     ; 1.779      ;
; -0.833 ; clk_div_16x[6] ; bps_cnt[2]       ; clk          ; clk         ; 1.000        ; -0.041     ; 1.779      ;
; -0.833 ; clk_div_16x[6] ; bps_cnt[3]       ; clk          ; clk         ; 1.000        ; -0.041     ; 1.779      ;
; -0.833 ; clk_div_16x[6] ; bps_cnt[4]       ; clk          ; clk         ; 1.000        ; -0.041     ; 1.779      ;
; -0.833 ; clk_div_16x[6] ; bps_cnt[5]       ; clk          ; clk         ; 1.000        ; -0.041     ; 1.779      ;
; -0.831 ; bps_cnt[1]     ; r_data[1][2]     ; clk          ; clk         ; 1.000        ; -0.042     ; 1.776      ;
; -0.831 ; bps_cnt[1]     ; r_data[1][1]     ; clk          ; clk         ; 1.000        ; -0.042     ; 1.776      ;
; -0.831 ; bps_cnt[1]     ; r_data[1][0]     ; clk          ; clk         ; 1.000        ; -0.042     ; 1.776      ;
; -0.828 ; clk_div_16x[6] ; byte_out[6]~reg0 ; clk          ; clk         ; 1.000        ; -0.040     ; 1.775      ;
; -0.828 ; clk_div_16x[6] ; byte_out[5]~reg0 ; clk          ; clk         ; 1.000        ; -0.040     ; 1.775      ;
; -0.828 ; clk_div_16x[6] ; byte_out[4]~reg0 ; clk          ; clk         ; 1.000        ; -0.040     ; 1.775      ;
; -0.828 ; clk_div_16x[6] ; byte_out[3]~reg0 ; clk          ; clk         ; 1.000        ; -0.040     ; 1.775      ;
; -0.822 ; bps_cnt[4]     ; byte_out[6]~reg0 ; clk          ; clk         ; 1.000        ; -0.040     ; 1.769      ;
; -0.822 ; bps_cnt[4]     ; byte_out[5]~reg0 ; clk          ; clk         ; 1.000        ; -0.040     ; 1.769      ;
; -0.822 ; bps_cnt[4]     ; byte_out[4]~reg0 ; clk          ; clk         ; 1.000        ; -0.040     ; 1.769      ;
; -0.822 ; bps_cnt[4]     ; byte_out[3]~reg0 ; clk          ; clk         ; 1.000        ; -0.040     ; 1.769      ;
; -0.821 ; bps_cnt[0]     ; r_data[6][2]     ; clk          ; clk         ; 1.000        ; -0.040     ; 1.768      ;
; -0.821 ; bps_cnt[0]     ; r_data[6][1]     ; clk          ; clk         ; 1.000        ; -0.040     ; 1.768      ;
; -0.821 ; bps_cnt[0]     ; r_data[6][0]     ; clk          ; clk         ; 1.000        ; -0.040     ; 1.768      ;
; -0.820 ; clk_div_16x[7] ; r_data[6][2]     ; clk          ; clk         ; 1.000        ; -0.040     ; 1.767      ;
; -0.820 ; clk_div_16x[7] ; r_data[6][1]     ; clk          ; clk         ; 1.000        ; -0.040     ; 1.767      ;
; -0.820 ; clk_div_16x[7] ; r_data[6][0]     ; clk          ; clk         ; 1.000        ; -0.040     ; 1.767      ;
; -0.819 ; clk_div_16x[5] ; bps_cnt[6]       ; clk          ; clk         ; 1.000        ; -0.041     ; 1.765      ;
; -0.819 ; clk_div_16x[5] ; bps_cnt[7]       ; clk          ; clk         ; 1.000        ; -0.041     ; 1.765      ;
; -0.819 ; clk_div_16x[5] ; bps_cnt[0]       ; clk          ; clk         ; 1.000        ; -0.041     ; 1.765      ;
; -0.819 ; clk_div_16x[5] ; bps_cnt[1]       ; clk          ; clk         ; 1.000        ; -0.041     ; 1.765      ;
; -0.819 ; clk_div_16x[5] ; bps_cnt[2]       ; clk          ; clk         ; 1.000        ; -0.041     ; 1.765      ;
; -0.819 ; clk_div_16x[5] ; bps_cnt[3]       ; clk          ; clk         ; 1.000        ; -0.041     ; 1.765      ;
; -0.819 ; clk_div_16x[5] ; bps_cnt[4]       ; clk          ; clk         ; 1.000        ; -0.041     ; 1.765      ;
; -0.819 ; clk_div_16x[5] ; bps_cnt[5]       ; clk          ; clk         ; 1.000        ; -0.041     ; 1.765      ;
; -0.814 ; clk_div_16x[7] ; r_data[0][2]     ; clk          ; clk         ; 1.000        ; -0.041     ; 1.760      ;
; -0.814 ; clk_div_16x[7] ; r_data[0][1]     ; clk          ; clk         ; 1.000        ; -0.041     ; 1.760      ;
; -0.814 ; clk_div_16x[7] ; r_data[0][0]     ; clk          ; clk         ; 1.000        ; -0.041     ; 1.760      ;
; -0.814 ; clk_div_16x[5] ; byte_out[6]~reg0 ; clk          ; clk         ; 1.000        ; -0.040     ; 1.761      ;
; -0.814 ; clk_div_16x[5] ; byte_out[5]~reg0 ; clk          ; clk         ; 1.000        ; -0.040     ; 1.761      ;
; -0.814 ; clk_div_16x[5] ; byte_out[4]~reg0 ; clk          ; clk         ; 1.000        ; -0.040     ; 1.761      ;
; -0.814 ; clk_div_16x[5] ; byte_out[3]~reg0 ; clk          ; clk         ; 1.000        ; -0.040     ; 1.761      ;
; -0.809 ; bps_cnt[1]     ; r_data[3][2]     ; clk          ; clk         ; 1.000        ; -0.040     ; 1.756      ;
; -0.809 ; bps_cnt[1]     ; r_data[3][1]     ; clk          ; clk         ; 1.000        ; -0.040     ; 1.756      ;
; -0.809 ; bps_cnt[1]     ; r_data[3][0]     ; clk          ; clk         ; 1.000        ; -0.040     ; 1.756      ;
; -0.808 ; clk_div_16x[7] ; r_data[2][2]     ; clk          ; clk         ; 1.000        ; -0.042     ; 1.753      ;
; -0.808 ; clk_div_16x[7] ; r_data[2][1]     ; clk          ; clk         ; 1.000        ; -0.042     ; 1.753      ;
; -0.808 ; clk_div_16x[7] ; r_data[2][0]     ; clk          ; clk         ; 1.000        ; -0.042     ; 1.753      ;
; -0.803 ; clk_div_16x[6] ; r_data[6][2]     ; clk          ; clk         ; 1.000        ; -0.040     ; 1.750      ;
; -0.803 ; clk_div_16x[6] ; r_data[6][1]     ; clk          ; clk         ; 1.000        ; -0.040     ; 1.750      ;
; -0.803 ; clk_div_16x[6] ; r_data[6][0]     ; clk          ; clk         ; 1.000        ; -0.040     ; 1.750      ;
; -0.801 ; bps_cnt[3]     ; r_data[4][2]     ; clk          ; clk         ; 1.000        ; -0.040     ; 1.748      ;
; -0.801 ; bps_cnt[3]     ; r_data[4][1]     ; clk          ; clk         ; 1.000        ; -0.040     ; 1.748      ;
; -0.801 ; bps_cnt[3]     ; r_data[4][0]     ; clk          ; clk         ; 1.000        ; -0.040     ; 1.748      ;
; -0.800 ; clk_div_16x[0] ; byte_out[6]~reg0 ; clk          ; clk         ; 1.000        ; -0.040     ; 1.747      ;
; -0.800 ; clk_div_16x[0] ; byte_out[5]~reg0 ; clk          ; clk         ; 1.000        ; -0.040     ; 1.747      ;
; -0.800 ; clk_div_16x[0] ; byte_out[4]~reg0 ; clk          ; clk         ; 1.000        ; -0.040     ; 1.747      ;
; -0.800 ; clk_div_16x[0] ; byte_out[3]~reg0 ; clk          ; clk         ; 1.000        ; -0.040     ; 1.747      ;
+--------+----------------+------------------+--------------+-------------+--------------+------------+------------+


+-----------------------------------------------------------------------------------------------------------------+
; Fast 1200mV 0C Model Hold: 'clk'                                                                                ;
+-------+----------------+------------------+--------------+-------------+--------------+------------+------------+
; Slack ; From Node      ; To Node          ; Launch Clock ; Latch Clock ; Relationship ; Clock Skew ; Data Delay ;
+-------+----------------+------------------+--------------+-------------+--------------+------------+------------+
; 0.173 ; r_data[7][2]   ; r_data[7][2]     ; clk          ; clk         ; 0.000        ; 0.050      ; 0.307      ;
; 0.173 ; r_data[7][1]   ; r_data[7][1]     ; clk          ; clk         ; 0.000        ; 0.050      ; 0.307      ;
; 0.173 ; r_data[7][0]   ; r_data[7][0]     ; clk          ; clk         ; 0.000        ; 0.050      ; 0.307      ;
; 0.173 ; r_data[5][2]   ; r_data[5][2]     ; clk          ; clk         ; 0.000        ; 0.050      ; 0.307      ;
; 0.173 ; r_data[5][1]   ; r_data[5][1]     ; clk          ; clk         ; 0.000        ; 0.050      ; 0.307      ;
; 0.173 ; r_data[5][0]   ; r_data[5][0]     ; clk          ; clk         ; 0.000        ; 0.050      ; 0.307      ;
; 0.174 ; sta_bit[1]     ; sta_bit[1]       ; clk          ; clk         ; 0.000        ; 0.049      ; 0.307      ;
; 0.174 ; sta_bit[0]     ; sta_bit[0]       ; clk          ; clk         ; 0.000        ; 0.049      ; 0.307      ;
; 0.181 ; r_data[6][2]   ; r_data[6][2]     ; clk          ; clk         ; 0.000        ; 0.042      ; 0.307      ;
; 0.181 ; r_data[6][1]   ; r_data[6][1]     ; clk          ; clk         ; 0.000        ; 0.042      ; 0.307      ;
; 0.181 ; r_data[6][0]   ; r_data[6][0]     ; clk          ; clk         ; 0.000        ; 0.042      ; 0.307      ;
; 0.181 ; r_data[3][2]   ; r_data[3][2]     ; clk          ; clk         ; 0.000        ; 0.042      ; 0.307      ;
; 0.181 ; r_data[3][1]   ; r_data[3][1]     ; clk          ; clk         ; 0.000        ; 0.042      ; 0.307      ;
; 0.181 ; r_data[3][0]   ; r_data[3][0]     ; clk          ; clk         ; 0.000        ; 0.042      ; 0.307      ;
; 0.181 ; r_data[0][2]   ; r_data[0][2]     ; clk          ; clk         ; 0.000        ; 0.042      ; 0.307      ;
; 0.181 ; r_data[0][1]   ; r_data[0][1]     ; clk          ; clk         ; 0.000        ; 0.042      ; 0.307      ;
; 0.181 ; r_data[0][0]   ; r_data[0][0]     ; clk          ; clk         ; 0.000        ; 0.042      ; 0.307      ;
; 0.181 ; RX_EN          ; RX_EN            ; clk          ; clk         ; 0.000        ; 0.042      ; 0.307      ;
; 0.182 ; r_data[4][2]   ; r_data[4][2]     ; clk          ; clk         ; 0.000        ; 0.041      ; 0.307      ;
; 0.182 ; r_data[4][1]   ; r_data[4][1]     ; clk          ; clk         ; 0.000        ; 0.041      ; 0.307      ;
; 0.182 ; r_data[4][0]   ; r_data[4][0]     ; clk          ; clk         ; 0.000        ; 0.041      ; 0.307      ;
; 0.182 ; r_data[2][2]   ; r_data[2][2]     ; clk          ; clk         ; 0.000        ; 0.041      ; 0.307      ;
; 0.182 ; r_data[2][1]   ; r_data[2][1]     ; clk          ; clk         ; 0.000        ; 0.041      ; 0.307      ;
; 0.182 ; r_data[2][0]   ; r_data[2][0]     ; clk          ; clk         ; 0.000        ; 0.041      ; 0.307      ;
; 0.182 ; r_data[1][2]   ; r_data[1][2]     ; clk          ; clk         ; 0.000        ; 0.041      ; 0.307      ;
; 0.182 ; r_data[1][1]   ; r_data[1][1]     ; clk          ; clk         ; 0.000        ; 0.041      ; 0.307      ;
; 0.182 ; r_data[1][0]   ; r_data[1][0]     ; clk          ; clk         ; 0.000        ; 0.041      ; 0.307      ;
; 0.185 ; sta_bit[0]     ; sta_bit[1]       ; clk          ; clk         ; 0.000        ; 0.049      ; 0.318      ;
; 0.197 ; r_data[7][0]   ; r_data[7][2]     ; clk          ; clk         ; 0.000        ; 0.050      ; 0.331      ;
; 0.198 ; r_data[0][0]   ; r_data[0][2]     ; clk          ; clk         ; 0.000        ; 0.042      ; 0.324      ;
; 0.199 ; r_data[0][0]   ; byte_out[0]~reg0 ; clk          ; clk         ; 0.000        ; 0.042      ; 0.325      ;
; 0.199 ; r_data[4][0]   ; r_data[4][2]     ; clk          ; clk         ; 0.000        ; 0.041      ; 0.324      ;
; 0.200 ; r_data[4][0]   ; byte_out[4]~reg0 ; clk          ; clk         ; 0.000        ; 0.041      ; 0.325      ;
; 0.200 ; r_data[0][0]   ; r_data[0][1]     ; clk          ; clk         ; 0.000        ; 0.042      ; 0.326      ;
; 0.258 ; r_data[0][1]   ; byte_out[0]~reg0 ; clk          ; clk         ; 0.000        ; 0.042      ; 0.384      ;
; 0.263 ; bps_cnt[3]     ; sta_bit[2]       ; clk          ; clk         ; 0.000        ; 0.229      ; 0.576      ;
; 0.266 ; clk_div_16x[8] ; clk_div_16x[8]   ; clk          ; clk         ; 0.000        ; 0.042      ; 0.392      ;
; 0.266 ; bps_cnt[3]     ; sta_bit[0]       ; clk          ; clk         ; 0.000        ; 0.229      ; 0.579      ;
; 0.270 ; r_data[6][1]   ; byte_out[6]~reg0 ; clk          ; clk         ; 0.000        ; 0.041      ; 0.395      ;
; 0.271 ; r_data[3][1]   ; byte_out[3]~reg0 ; clk          ; clk         ; 0.000        ; 0.041      ; 0.396      ;
; 0.289 ; r_data[0][2]   ; byte_out[0]~reg0 ; clk          ; clk         ; 0.000        ; 0.042      ; 0.415      ;
; 0.290 ; r_data[4][2]   ; byte_out[4]~reg0 ; clk          ; clk         ; 0.000        ; 0.041      ; 0.415      ;
; 0.291 ; r_data[5][1]   ; r_data[5][2]     ; clk          ; clk         ; 0.000        ; 0.050      ; 0.425      ;
; 0.292 ; r_data[7][1]   ; r_data[7][2]     ; clk          ; clk         ; 0.000        ; 0.050      ; 0.426      ;
; 0.294 ; r_data[4][1]   ; r_data[4][2]     ; clk          ; clk         ; 0.000        ; 0.041      ; 0.419      ;
; 0.297 ; r_data[5][0]   ; r_data[5][2]     ; clk          ; clk         ; 0.000        ; 0.050      ; 0.431      ;
; 0.298 ; r_data[7][0]   ; r_data[7][1]     ; clk          ; clk         ; 0.000        ; 0.050      ; 0.432      ;
; 0.298 ; r_data[5][0]   ; r_data[5][1]     ; clk          ; clk         ; 0.000        ; 0.050      ; 0.432      ;
; 0.300 ; r_data[4][0]   ; r_data[4][1]     ; clk          ; clk         ; 0.000        ; 0.041      ; 0.425      ;
; 0.302 ; r_data[6][0]   ; r_data[6][2]     ; clk          ; clk         ; 0.000        ; 0.042      ; 0.428      ;
; 0.302 ; r_data[2][1]   ; r_data[2][2]     ; clk          ; clk         ; 0.000        ; 0.041      ; 0.427      ;
; 0.302 ; r_data[1][1]   ; r_data[1][2]     ; clk          ; clk         ; 0.000        ; 0.041      ; 0.427      ;
; 0.303 ; r_data[3][1]   ; r_data[3][2]     ; clk          ; clk         ; 0.000        ; 0.042      ; 0.429      ;
; 0.305 ; clk_div_16x[1] ; clk_div_16x[1]   ; clk          ; clk         ; 0.000        ; 0.042      ; 0.431      ;
; 0.305 ; r_data[3][0]   ; r_data[3][2]     ; clk          ; clk         ; 0.000        ; 0.042      ; 0.431      ;
; 0.305 ; r_data[3][0]   ; r_data[3][1]     ; clk          ; clk         ; 0.000        ; 0.042      ; 0.431      ;
; 0.305 ; r_data[1][0]   ; r_data[1][2]     ; clk          ; clk         ; 0.000        ; 0.041      ; 0.430      ;
; 0.306 ; r_data[2][0]   ; r_data[2][1]     ; clk          ; clk         ; 0.000        ; 0.041      ; 0.431      ;
; 0.307 ; r_data[2][0]   ; r_data[2][2]     ; clk          ; clk         ; 0.000        ; 0.041      ; 0.432      ;
; 0.308 ; r_data[1][0]   ; r_data[1][1]     ; clk          ; clk         ; 0.000        ; 0.041      ; 0.433      ;
; 0.311 ; clk_div_16x[4] ; clk_div_16x[4]   ; clk          ; clk         ; 0.000        ; 0.042      ; 0.437      ;
; 0.312 ; bps_cnt[7]     ; r_data[7][2]     ; clk          ; clk         ; 0.000        ; 0.243      ; 0.639      ;
; 0.312 ; bps_cnt[7]     ; r_data[7][1]     ; clk          ; clk         ; 0.000        ; 0.243      ; 0.639      ;
; 0.312 ; bps_cnt[7]     ; r_data[7][0]     ; clk          ; clk         ; 0.000        ; 0.243      ; 0.639      ;
; 0.312 ; bps_cnt[7]     ; bps_cnt[7]       ; clk          ; clk         ; 0.000        ; 0.041      ; 0.437      ;
; 0.312 ; clk_div_16x[2] ; clk_div_16x[2]   ; clk          ; clk         ; 0.000        ; 0.042      ; 0.438      ;
; 0.312 ; clk_div_16x[5] ; clk_div_16x[5]   ; clk          ; clk         ; 0.000        ; 0.042      ; 0.438      ;
; 0.313 ; clk_div_16x[0] ; clk_div_16x[0]   ; clk          ; clk         ; 0.000        ; 0.042      ; 0.439      ;
; 0.314 ; bps_cnt[6]     ; bps_cnt[6]       ; clk          ; clk         ; 0.000        ; 0.041      ; 0.439      ;
; 0.316 ; r_data[4][1]   ; byte_out[4]~reg0 ; clk          ; clk         ; 0.000        ; 0.041      ; 0.441      ;
; 0.319 ; bps_cnt[4]     ; bps_cnt[4]       ; clk          ; clk         ; 0.000        ; 0.041      ; 0.444      ;
; 0.320 ; clk_div_16x[7] ; clk_div_16x[7]   ; clk          ; clk         ; 0.000        ; 0.042      ; 0.446      ;
; 0.327 ; bps_cnt[3]     ; bps_cnt[3]       ; clk          ; clk         ; 0.000        ; 0.041      ; 0.452      ;
; 0.333 ; bps_cnt[2]     ; sta_bit[2]       ; clk          ; clk         ; 0.000        ; 0.229      ; 0.646      ;
; 0.333 ; r_data[6][2]   ; byte_out[6]~reg0 ; clk          ; clk         ; 0.000        ; 0.041      ; 0.458      ;
; 0.334 ; rx_done~reg0   ; RX_EN            ; clk          ; clk         ; 0.000        ; 0.042      ; 0.460      ;
; 0.336 ; bps_cnt[2]     ; bps_cnt[2]       ; clk          ; clk         ; 0.000        ; 0.041      ; 0.461      ;
; 0.339 ; bps_cnt[0]     ; bps_cnt[0]       ; clk          ; clk         ; 0.000        ; 0.041      ; 0.464      ;
; 0.341 ; r_data[3][0]   ; byte_out[3]~reg0 ; clk          ; clk         ; 0.000        ; 0.041      ; 0.466      ;
; 0.346 ; r_data[2][2]   ; byte_out[2]~reg0 ; clk          ; clk         ; 0.000        ; 0.043      ; 0.473      ;
; 0.358 ; r_data[3][2]   ; byte_out[3]~reg0 ; clk          ; clk         ; 0.000        ; 0.041      ; 0.483      ;
; 0.364 ; r_data[6][1]   ; r_data[6][2]     ; clk          ; clk         ; 0.000        ; 0.042      ; 0.490      ;
; 0.368 ; r_data[0][1]   ; r_data[0][2]     ; clk          ; clk         ; 0.000        ; 0.042      ; 0.494      ;
; 0.370 ; clk_div_16x[6] ; clk_div_16x[6]   ; clk          ; clk         ; 0.000        ; 0.042      ; 0.496      ;
; 0.373 ; r_data[6][0]   ; r_data[6][1]     ; clk          ; clk         ; 0.000        ; 0.042      ; 0.499      ;
; 0.375 ; r_data[1][1]   ; byte_out[1]~reg0 ; clk          ; clk         ; 0.000        ; 0.043      ; 0.502      ;
; 0.377 ; sta_bit[2]     ; RX_EN            ; clk          ; clk         ; 0.000        ; -0.138     ; 0.323      ;
; 0.379 ; bps_cnt[1]     ; bps_cnt[1]       ; clk          ; clk         ; 0.000        ; 0.041      ; 0.504      ;
; 0.380 ; clk_div_16x[3] ; clk_div_16x[3]   ; clk          ; clk         ; 0.000        ; 0.042      ; 0.506      ;
; 0.388 ; bps_cnt[5]     ; bps_cnt[5]       ; clk          ; clk         ; 0.000        ; 0.041      ; 0.513      ;
; 0.395 ; r_data[6][0]   ; byte_out[6]~reg0 ; clk          ; clk         ; 0.000        ; 0.041      ; 0.520      ;
; 0.405 ; bps_cnt[2]     ; sta_bit[0]       ; clk          ; clk         ; 0.000        ; 0.229      ; 0.718      ;
; 0.431 ; r_data[1][0]   ; byte_out[1]~reg0 ; clk          ; clk         ; 0.000        ; 0.043      ; 0.558      ;
; 0.434 ; uart_rx_r[1]   ; RX_EN            ; clk          ; clk         ; 0.000        ; 0.042      ; 0.560      ;
; 0.440 ; r_data[2][0]   ; byte_out[2]~reg0 ; clk          ; clk         ; 0.000        ; 0.043      ; 0.567      ;
; 0.453 ; r_data[1][2]   ; byte_out[1]~reg0 ; clk          ; clk         ; 0.000        ; 0.043      ; 0.580      ;
; 0.454 ; clk_div_16x[1] ; clk_div_16x[2]   ; clk          ; clk         ; 0.000        ; 0.042      ; 0.580      ;
; 0.461 ; clk_div_16x[5] ; clk_div_16x[6]   ; clk          ; clk         ; 0.000        ; 0.042      ; 0.587      ;
; 0.462 ; clk_div_16x[0] ; clk_div_16x[1]   ; clk          ; clk         ; 0.000        ; 0.042      ; 0.588      ;
; 0.465 ; clk_div_16x[0] ; clk_div_16x[2]   ; clk          ; clk         ; 0.000        ; 0.042      ; 0.591      ;
+-------+----------------+------------------+--------------+-------------+--------------+------------+------------+


----------------------------------------------
; Fast 1200mV 0C Model Metastability Summary ;
----------------------------------------------
No synchronizer chains to report.


+--------------------------------------------------------------------------------+
; Multicorner Timing Analysis Summary                                            ;
+------------------+----------+-------+----------+---------+---------------------+
; Clock            ; Setup    ; Hold  ; Recovery ; Removal ; Minimum Pulse Width ;
+------------------+----------+-------+----------+---------+---------------------+
; Worst-case Slack ; -2.908   ; 0.173 ; N/A      ; N/A     ; -3.000              ;
;  clk             ; -2.908   ; 0.173 ; N/A      ; N/A     ; -3.000              ;
; Design-wide TNS  ; -146.315 ; 0.0   ; 0.0      ; 0.0     ; -74.96              ;
;  clk             ; -146.315 ; 0.000 ; N/A      ; N/A     ; -74.960             ;
+------------------+----------+-------+----------+---------+---------------------+


+------------------------------------------------------------------------------------------------------------------------------------------------------------------------------------------------------------------------------------------------------------------------------------------------------------------------------------------------------------------------------------------------------------------+
; Board Trace Model Assignments                                                                                                                                                                                                                                                                                                                                                                                    ;
+---------------+--------------+-------------------+-------------------------+-------------------------+---------------+---------------------+----------------+------------------+--------+------------------+------------------------+------------------------+--------------+---------------+-----------------+-------+---------------------+--------------------+---------------+-----------------+-------------+
; Pin           ; I/O Standard ; Near Tline Length ; Near Tline L per Length ; Near Tline C per Length ; Near Series R ; Near Differential R ; Near Pull-up R ; Near Pull-down R ; Near C ; Far Tline Length ; Far Tline L per Length ; Far Tline C per Length ; Far Series R ; Far Pull-up R ; Far Pull-down R ; Far C ; Termination Voltage ; Far Differential R ; EBD File Name ; EBD Signal Name ; EBD Far-end ;
+---------------+--------------+-------------------+-------------------------+-------------------------+---------------+---------------------+----------------+------------------+--------+------------------+------------------------+------------------------+--------------+---------------+-----------------+-------+---------------------+--------------------+---------------+-----------------+-------------+
; byte_out[0]   ; 2.5 V        ; 0 in              ; 0 H/in                  ; 0 F/in                  ; short         ; -                   ; open           ; open             ; open   ; 0 in             ; 0 H/in                 ; 0 F/in                 ; short        ; open          ; open            ; open  ; 0 V                 ; -                  ; n/a           ; n/a             ; n/a         ;
; byte_out[1]   ; 2.5 V        ; 0 in              ; 0 H/in                  ; 0 F/in                  ; short         ; -                   ; open           ; open             ; open   ; 0 in             ; 0 H/in                 ; 0 F/in                 ; short        ; open          ; open            ; open  ; 0 V                 ; -                  ; n/a           ; n/a             ; n/a         ;
; byte_out[2]   ; 2.5 V        ; 0 in              ; 0 H/in                  ; 0 F/in                  ; short         ; -                   ; open           ; open             ; open   ; 0 in             ; 0 H/in                 ; 0 F/in                 ; short        ; open          ; open            ; open  ; 0 V                 ; -                  ; n/a           ; n/a             ; n/a         ;
; byte_out[3]   ; 2.5 V        ; 0 in              ; 0 H/in                  ; 0 F/in                  ; short         ; -                   ; open           ; open             ; open   ; 0 in             ; 0 H/in                 ; 0 F/in                 ; short        ; open          ; open            ; open  ; 0 V                 ; -                  ; n/a           ; n/a             ; n/a         ;
; byte_out[4]   ; 2.5 V        ; 0 in              ; 0 H/in                  ; 0 F/in                  ; short         ; -                   ; open           ; open             ; open   ; 0 in             ; 0 H/in                 ; 0 F/in                 ; short        ; open          ; open            ; open  ; 0 V                 ; -                  ; n/a           ; n/a             ; n/a         ;
; byte_out[5]   ; 2.5 V        ; 0 in              ; 0 H/in                  ; 0 F/in                  ; short         ; -                   ; open           ; open             ; open   ; 0 in             ; 0 H/in                 ; 0 F/in                 ; short        ; open          ; open            ; open  ; 0 V                 ; -                  ; n/a           ; n/a             ; n/a         ;
; byte_out[6]   ; 2.5 V        ; 0 in              ; 0 H/in                  ; 0 F/in                  ; short         ; -                   ; open           ; open             ; open   ; 0 in             ; 0 H/in                 ; 0 F/in                 ; short        ; open          ; open            ; open  ; 0 V                 ; -                  ; n/a           ; n/a             ; n/a         ;
; byte_out[7]   ; 2.5 V        ; 0 in              ; 0 H/in                  ; 0 F/in                  ; short         ; -                   ; open           ; open             ; open   ; 0 in             ; 0 H/in                 ; 0 F/in                 ; short        ; open          ; open            ; open  ; 0 V                 ; -                  ; n/a           ; n/a             ; n/a         ;
; rx_done       ; 2.5 V        ; 0 in              ; 0 H/in                  ; 0 F/in                  ; short         ; -                   ; open           ; open             ; open   ; 0 in             ; 0 H/in                 ; 0 F/in                 ; short        ; open          ; open            ; open  ; 0 V                 ; -                  ; n/a           ; n/a             ; n/a         ;
; ~ALTERA_DCLK~ ; 2.5 V        ; 0 in              ; 0 H/in                  ; 0 F/in                  ; short         ; -                   ; open           ; open             ; open   ; 0 in             ; 0 H/in                 ; 0 F/in                 ; short        ; open          ; open            ; open  ; 0 V                 ; -                  ; n/a           ; n/a             ; n/a         ;
; ~ALTERA_nCEO~ ; 2.5 V        ; 0 in              ; 0 H/in                  ; 0 F/in                  ; short         ; -                   ; open           ; open             ; open   ; 0 in             ; 0 H/in                 ; 0 F/in                 ; short        ; open          ; open            ; open  ; 0 V                 ; -                  ; n/a           ; n/a             ; n/a         ;
+---------------+--------------+-------------------+-------------------------+-------------------------+---------------+---------------------+----------------+------------------+--------+------------------+------------------------+------------------------+--------------+---------------+-----------------+-------+---------------------+--------------------+---------------+-----------------+-------------+


+----------------------------------------------------------------------------+
; Input Transition Times                                                     ;
+-------------------------+--------------+-----------------+-----------------+
; Pin                     ; I/O Standard ; 10-90 Rise Time ; 90-10 Fall Time ;
+-------------------------+--------------+-----------------+-----------------+
; clk                     ; 2.5 V        ; 2000 ps         ; 2000 ps         ;
; rst_n                   ; 2.5 V        ; 2000 ps         ; 2000 ps         ;
; baud_set[1]             ; 2.5 V        ; 2000 ps         ; 2000 ps         ;
; baud_set[2]             ; 2.5 V        ; 2000 ps         ; 2000 ps         ;
; baud_set[0]             ; 2.5 V        ; 2000 ps         ; 2000 ps         ;
; uart_rx                 ; 2.5 V        ; 2000 ps         ; 2000 ps         ;
; ~ALTERA_ASDO_DATA1~     ; 2.5 V        ; 2000 ps         ; 2000 ps         ;
; ~ALTERA_FLASH_nCE_nCSO~ ; 2.5 V        ; 2000 ps         ; 2000 ps         ;
; ~ALTERA_DATA0~          ; 2.5 V        ; 2000 ps         ; 2000 ps         ;
+-------------------------+--------------+-----------------+-----------------+


+--------------------------------------------------------------------------------------------------------------------------------------------------------------------------------------------------------------------------------------------------------------------------------------------------------------------------------------------------------------------------------------------------------------------------------------------------------------------------------------------------------------------------------------------------------------------------------------------------------------------------------------------------------------------------------------------+
; Signal Integrity Metrics (Slow 1200mv 0c Model)                                                                                                                                                                                                                                                                                                                                                                                                                                                                                                                                                                                                                                            ;
+---------------+--------------+---------------------+---------------------+------------------------------+------------------------------+---------------------+---------------------+--------------------------------------+--------------------------------------+-----------------------------+-----------------------------+----------------------------+----------------------------+-----------------------------+-----------------------------+--------------------+--------------------+-------------------------------------+-------------------------------------+----------------------------+----------------------------+---------------------------+---------------------------+
; Pin           ; I/O Standard ; Board Delay on Rise ; Board Delay on Fall ; Steady State Voh at FPGA Pin ; Steady State Vol at FPGA Pin ; Voh Max at FPGA Pin ; Vol Min at FPGA Pin ; Ringback Voltage on Rise at FPGA Pin ; Ringback Voltage on Fall at FPGA Pin ; 10-90 Rise Time at FPGA Pin ; 90-10 Fall Time at FPGA Pin ; Monotonic Rise at FPGA Pin ; Monotonic Fall at FPGA Pin ; Steady State Voh at Far-end ; Steady State Vol at Far-end ; Voh Max at Far-end ; Vol Min at Far-end ; Ringback Voltage on Rise at Far-end ; Ringback Voltage on Fall at Far-end ; 10-90 Rise Time at Far-end ; 90-10 Fall Time at Far-end ; Monotonic Rise at Far-end ; Monotonic Fall at Far-end ;
+---------------+--------------+---------------------+---------------------+------------------------------+------------------------------+---------------------+---------------------+--------------------------------------+--------------------------------------+-----------------------------+-----------------------------+----------------------------+----------------------------+-----------------------------+-----------------------------+--------------------+--------------------+-------------------------------------+-------------------------------------+----------------------------+----------------------------+---------------------------+---------------------------+
; byte_out[0]   ; 2.5 V        ; 0 s                 ; 0 s                 ; 2.32 V                       ; 3.07e-09 V                   ; 2.38 V              ; -0.0144 V           ; 0.227 V                              ; 0.024 V                              ; 3.14e-10 s                  ; 3.39e-10 s                  ; Yes                        ; Yes                        ; 2.32 V                      ; 3.07e-09 V                  ; 2.38 V             ; -0.0144 V          ; 0.227 V                             ; 0.024 V                             ; 3.14e-10 s                 ; 3.39e-10 s                 ; Yes                       ; Yes                       ;
; byte_out[1]   ; 2.5 V        ; 0 s                 ; 0 s                 ; 2.32 V                       ; 3.07e-09 V                   ; 2.37 V              ; -0.00994 V          ; 0.186 V                              ; 0.028 V                              ; 4.98e-10 s                  ; 4.96e-10 s                  ; Yes                        ; Yes                        ; 2.32 V                      ; 3.07e-09 V                  ; 2.37 V             ; -0.00994 V         ; 0.186 V                             ; 0.028 V                             ; 4.98e-10 s                 ; 4.96e-10 s                 ; Yes                       ; Yes                       ;
; byte_out[2]   ; 2.5 V        ; 0 s                 ; 0 s                 ; 2.32 V                       ; 3.07e-09 V                   ; 2.37 V              ; -0.00994 V          ; 0.186 V                              ; 0.028 V                              ; 4.98e-10 s                  ; 4.96e-10 s                  ; Yes                        ; Yes                        ; 2.32 V                      ; 3.07e-09 V                  ; 2.37 V             ; -0.00994 V         ; 0.186 V                             ; 0.028 V                             ; 4.98e-10 s                 ; 4.96e-10 s                 ; Yes                       ; Yes                       ;
; byte_out[3]   ; 2.5 V        ; 0 s                 ; 0 s                 ; 2.32 V                       ; 3.07e-09 V                   ; 2.33 V              ; -0.00496 V          ; 0.223 V                              ; 0.086 V                              ; 2.9e-09 s                   ; 2.73e-09 s                  ; Yes                        ; Yes                        ; 2.32 V                      ; 3.07e-09 V                  ; 2.33 V             ; -0.00496 V         ; 0.223 V                             ; 0.086 V                             ; 2.9e-09 s                  ; 2.73e-09 s                 ; Yes                       ; Yes                       ;
; byte_out[4]   ; 2.5 V        ; 0 s                 ; 0 s                 ; 2.32 V                       ; 3.07e-09 V                   ; 2.37 V              ; -0.00994 V          ; 0.186 V                              ; 0.028 V                              ; 4.98e-10 s                  ; 4.96e-10 s                  ; Yes                        ; Yes                        ; 2.32 V                      ; 3.07e-09 V                  ; 2.37 V             ; -0.00994 V         ; 0.186 V                             ; 0.028 V                             ; 4.98e-10 s                 ; 4.96e-10 s                 ; Yes                       ; Yes                       ;
; byte_out[5]   ; 2.5 V        ; 0 s                 ; 0 s                 ; 2.32 V                       ; 3.07e-09 V                   ; 2.37 V              ; -0.00994 V          ; 0.186 V                              ; 0.028 V                              ; 4.98e-10 s                  ; 4.96e-10 s                  ; Yes                        ; Yes                        ; 2.32 V                      ; 3.07e-09 V                  ; 2.37 V             ; -0.00994 V         ; 0.186 V                             ; 0.028 V                             ; 4.98e-10 s                 ; 4.96e-10 s                 ; Yes                       ; Yes                       ;
; byte_out[6]   ; 2.5 V        ; 0 s                 ; 0 s                 ; 2.32 V                       ; 3.07e-09 V                   ; 2.37 V              ; -0.00994 V          ; 0.186 V                              ; 0.028 V                              ; 4.98e-10 s                  ; 4.96e-10 s                  ; Yes                        ; Yes                        ; 2.32 V                      ; 3.07e-09 V                  ; 2.37 V             ; -0.00994 V         ; 0.186 V                             ; 0.028 V                             ; 4.98e-10 s                 ; 4.96e-10 s                 ; Yes                       ; Yes                       ;
; byte_out[7]   ; 2.5 V        ; 0 s                 ; 0 s                 ; 2.32 V                       ; 3.07e-09 V                   ; 2.38 V              ; -0.0144 V           ; 0.227 V                              ; 0.024 V                              ; 3.14e-10 s                  ; 3.39e-10 s                  ; Yes                        ; Yes                        ; 2.32 V                      ; 3.07e-09 V                  ; 2.38 V             ; -0.0144 V          ; 0.227 V                             ; 0.024 V                             ; 3.14e-10 s                 ; 3.39e-10 s                 ; Yes                       ; Yes                       ;
; rx_done       ; 2.5 V        ; 0 s                 ; 0 s                 ; 2.32 V                       ; 3.07e-09 V                   ; 2.37 V              ; -0.00994 V          ; 0.186 V                              ; 0.028 V                              ; 4.98e-10 s                  ; 4.96e-10 s                  ; Yes                        ; Yes                        ; 2.32 V                      ; 3.07e-09 V                  ; 2.37 V             ; -0.00994 V         ; 0.186 V                             ; 0.028 V                             ; 4.98e-10 s                 ; 4.96e-10 s                 ; Yes                       ; Yes                       ;
; ~ALTERA_DCLK~ ; 2.5 V        ; 0 s                 ; 0 s                 ; 2.32 V                       ; 2.67e-09 V                   ; 2.38 V              ; -0.0485 V           ; 0.167 V                              ; 0.096 V                              ; 2.95e-10 s                  ; 2.73e-10 s                  ; Yes                        ; Yes                        ; 2.32 V                      ; 2.67e-09 V                  ; 2.38 V             ; -0.0485 V          ; 0.167 V                             ; 0.096 V                             ; 2.95e-10 s                 ; 2.73e-10 s                 ; Yes                       ; Yes                       ;
; ~ALTERA_nCEO~ ; 2.5 V        ; 0 s                 ; 0 s                 ; 2.32 V                       ; 4.18e-09 V                   ; 2.38 V              ; -0.00483 V          ; 0.152 V                              ; 0.012 V                              ; 4.81e-10 s                  ; 6.29e-10 s                  ; Yes                        ; Yes                        ; 2.32 V                      ; 4.18e-09 V                  ; 2.38 V             ; -0.00483 V         ; 0.152 V                             ; 0.012 V                             ; 4.81e-10 s                 ; 6.29e-10 s                 ; Yes                       ; Yes                       ;
+---------------+--------------+---------------------+---------------------+------------------------------+------------------------------+---------------------+---------------------+--------------------------------------+--------------------------------------+-----------------------------+-----------------------------+----------------------------+----------------------------+-----------------------------+-----------------------------+--------------------+--------------------+-------------------------------------+-------------------------------------+----------------------------+----------------------------+---------------------------+---------------------------+


+--------------------------------------------------------------------------------------------------------------------------------------------------------------------------------------------------------------------------------------------------------------------------------------------------------------------------------------------------------------------------------------------------------------------------------------------------------------------------------------------------------------------------------------------------------------------------------------------------------------------------------------------------------------------------------------------+
; Signal Integrity Metrics (Slow 1200mv 85c Model)                                                                                                                                                                                                                                                                                                                                                                                                                                                                                                                                                                                                                                           ;
+---------------+--------------+---------------------+---------------------+------------------------------+------------------------------+---------------------+---------------------+--------------------------------------+--------------------------------------+-----------------------------+-----------------------------+----------------------------+----------------------------+-----------------------------+-----------------------------+--------------------+--------------------+-------------------------------------+-------------------------------------+----------------------------+----------------------------+---------------------------+---------------------------+
; Pin           ; I/O Standard ; Board Delay on Rise ; Board Delay on Fall ; Steady State Voh at FPGA Pin ; Steady State Vol at FPGA Pin ; Voh Max at FPGA Pin ; Vol Min at FPGA Pin ; Ringback Voltage on Rise at FPGA Pin ; Ringback Voltage on Fall at FPGA Pin ; 10-90 Rise Time at FPGA Pin ; 90-10 Fall Time at FPGA Pin ; Monotonic Rise at FPGA Pin ; Monotonic Fall at FPGA Pin ; Steady State Voh at Far-end ; Steady State Vol at Far-end ; Voh Max at Far-end ; Vol Min at Far-end ; Ringback Voltage on Rise at Far-end ; Ringback Voltage on Fall at Far-end ; 10-90 Rise Time at Far-end ; 90-10 Fall Time at Far-end ; Monotonic Rise at Far-end ; Monotonic Fall at Far-end ;
+---------------+--------------+---------------------+---------------------+------------------------------+------------------------------+---------------------+---------------------+--------------------------------------+--------------------------------------+-----------------------------+-----------------------------+----------------------------+----------------------------+-----------------------------+-----------------------------+--------------------+--------------------+-------------------------------------+-------------------------------------+----------------------------+----------------------------+---------------------------+---------------------------+
; byte_out[0]   ; 2.5 V        ; 0 s                 ; 0 s                 ; 2.32 V                       ; 4.67e-07 V                   ; 2.36 V              ; -0.00552 V          ; 0.11 V                               ; 0.007 V                              ; 4.54e-10 s                  ; 4.35e-10 s                  ; Yes                        ; Yes                        ; 2.32 V                      ; 4.67e-07 V                  ; 2.36 V             ; -0.00552 V         ; 0.11 V                              ; 0.007 V                             ; 4.54e-10 s                 ; 4.35e-10 s                 ; Yes                       ; Yes                       ;
; byte_out[1]   ; 2.5 V        ; 0 s                 ; 0 s                 ; 2.32 V                       ; 4.67e-07 V                   ; 2.35 V              ; -0.00942 V          ; 0.116 V                              ; 0.033 V                              ; 6.66e-10 s                  ; 6.27e-10 s                  ; Yes                        ; Yes                        ; 2.32 V                      ; 4.67e-07 V                  ; 2.35 V             ; -0.00942 V         ; 0.116 V                             ; 0.033 V                             ; 6.66e-10 s                 ; 6.27e-10 s                 ; Yes                       ; Yes                       ;
; byte_out[2]   ; 2.5 V        ; 0 s                 ; 0 s                 ; 2.32 V                       ; 4.67e-07 V                   ; 2.35 V              ; -0.00942 V          ; 0.116 V                              ; 0.033 V                              ; 6.66e-10 s                  ; 6.27e-10 s                  ; Yes                        ; Yes                        ; 2.32 V                      ; 4.67e-07 V                  ; 2.35 V             ; -0.00942 V         ; 0.116 V                             ; 0.033 V                             ; 6.66e-10 s                 ; 6.27e-10 s                 ; Yes                       ; Yes                       ;
; byte_out[3]   ; 2.5 V        ; 0 s                 ; 0 s                 ; 2.32 V                       ; 4.67e-07 V                   ; 2.33 V              ; -0.00269 V          ; 0.13 V                               ; 0.055 V                              ; 3.54e-09 s                  ; 3.29e-09 s                  ; Yes                        ; Yes                        ; 2.32 V                      ; 4.67e-07 V                  ; 2.33 V             ; -0.00269 V         ; 0.13 V                              ; 0.055 V                             ; 3.54e-09 s                 ; 3.29e-09 s                 ; Yes                       ; Yes                       ;
; byte_out[4]   ; 2.5 V        ; 0 s                 ; 0 s                 ; 2.32 V                       ; 4.67e-07 V                   ; 2.35 V              ; -0.00942 V          ; 0.116 V                              ; 0.033 V                              ; 6.66e-10 s                  ; 6.27e-10 s                  ; Yes                        ; Yes                        ; 2.32 V                      ; 4.67e-07 V                  ; 2.35 V             ; -0.00942 V         ; 0.116 V                             ; 0.033 V                             ; 6.66e-10 s                 ; 6.27e-10 s                 ; Yes                       ; Yes                       ;
; byte_out[5]   ; 2.5 V        ; 0 s                 ; 0 s                 ; 2.32 V                       ; 4.67e-07 V                   ; 2.35 V              ; -0.00942 V          ; 0.116 V                              ; 0.033 V                              ; 6.66e-10 s                  ; 6.27e-10 s                  ; Yes                        ; Yes                        ; 2.32 V                      ; 4.67e-07 V                  ; 2.35 V             ; -0.00942 V         ; 0.116 V                             ; 0.033 V                             ; 6.66e-10 s                 ; 6.27e-10 s                 ; Yes                       ; Yes                       ;
; byte_out[6]   ; 2.5 V        ; 0 s                 ; 0 s                 ; 2.32 V                       ; 4.67e-07 V                   ; 2.35 V              ; -0.00942 V          ; 0.116 V                              ; 0.033 V                              ; 6.66e-10 s                  ; 6.27e-10 s                  ; Yes                        ; Yes                        ; 2.32 V                      ; 4.67e-07 V                  ; 2.35 V             ; -0.00942 V         ; 0.116 V                             ; 0.033 V                             ; 6.66e-10 s                 ; 6.27e-10 s                 ; Yes                       ; Yes                       ;
; byte_out[7]   ; 2.5 V        ; 0 s                 ; 0 s                 ; 2.32 V                       ; 4.67e-07 V                   ; 2.36 V              ; -0.00552 V          ; 0.11 V                               ; 0.007 V                              ; 4.54e-10 s                  ; 4.35e-10 s                  ; Yes                        ; Yes                        ; 2.32 V                      ; 4.67e-07 V                  ; 2.36 V             ; -0.00552 V         ; 0.11 V                              ; 0.007 V                             ; 4.54e-10 s                 ; 4.35e-10 s                 ; Yes                       ; Yes                       ;
; rx_done       ; 2.5 V        ; 0 s                 ; 0 s                 ; 2.32 V                       ; 4.67e-07 V                   ; 2.35 V              ; -0.00942 V          ; 0.116 V                              ; 0.033 V                              ; 6.66e-10 s                  ; 6.27e-10 s                  ; Yes                        ; Yes                        ; 2.32 V                      ; 4.67e-07 V                  ; 2.35 V             ; -0.00942 V         ; 0.116 V                             ; 0.033 V                             ; 6.66e-10 s                 ; 6.27e-10 s                 ; Yes                       ; Yes                       ;
; ~ALTERA_DCLK~ ; 2.5 V        ; 0 s                 ; 0 s                 ; 2.32 V                       ; 3.75e-07 V                   ; 2.35 V              ; -0.0109 V           ; 0.084 V                              ; 0.027 V                              ; 4.31e-10 s                  ; 3.61e-10 s                  ; Yes                        ; Yes                        ; 2.32 V                      ; 3.75e-07 V                  ; 2.35 V             ; -0.0109 V          ; 0.084 V                             ; 0.027 V                             ; 4.31e-10 s                 ; 3.61e-10 s                 ; Yes                       ; Yes                       ;
; ~ALTERA_nCEO~ ; 2.5 V        ; 0 s                 ; 0 s                 ; 2.32 V                       ; 6.15e-07 V                   ; 2.35 V              ; -0.00712 V          ; 0.093 V                              ; 0.02 V                               ; 6.21e-10 s                  ; 7.9e-10 s                   ; Yes                        ; Yes                        ; 2.32 V                      ; 6.15e-07 V                  ; 2.35 V             ; -0.00712 V         ; 0.093 V                             ; 0.02 V                              ; 6.21e-10 s                 ; 7.9e-10 s                  ; Yes                       ; Yes                       ;
+---------------+--------------+---------------------+---------------------+------------------------------+------------------------------+---------------------+---------------------+--------------------------------------+--------------------------------------+-----------------------------+-----------------------------+----------------------------+----------------------------+-----------------------------+-----------------------------+--------------------+--------------------+-------------------------------------+-------------------------------------+----------------------------+----------------------------+---------------------------+---------------------------+


+--------------------------------------------------------------------------------------------------------------------------------------------------------------------------------------------------------------------------------------------------------------------------------------------------------------------------------------------------------------------------------------------------------------------------------------------------------------------------------------------------------------------------------------------------------------------------------------------------------------------------------------------------------------------------------------------+
; Signal Integrity Metrics (Fast 1200mv 0c Model)                                                                                                                                                                                                                                                                                                                                                                                                                                                                                                                                                                                                                                            ;
+---------------+--------------+---------------------+---------------------+------------------------------+------------------------------+---------------------+---------------------+--------------------------------------+--------------------------------------+-----------------------------+-----------------------------+----------------------------+----------------------------+-----------------------------+-----------------------------+--------------------+--------------------+-------------------------------------+-------------------------------------+----------------------------+----------------------------+---------------------------+---------------------------+
; Pin           ; I/O Standard ; Board Delay on Rise ; Board Delay on Fall ; Steady State Voh at FPGA Pin ; Steady State Vol at FPGA Pin ; Voh Max at FPGA Pin ; Vol Min at FPGA Pin ; Ringback Voltage on Rise at FPGA Pin ; Ringback Voltage on Fall at FPGA Pin ; 10-90 Rise Time at FPGA Pin ; 90-10 Fall Time at FPGA Pin ; Monotonic Rise at FPGA Pin ; Monotonic Fall at FPGA Pin ; Steady State Voh at Far-end ; Steady State Vol at Far-end ; Voh Max at Far-end ; Vol Min at Far-end ; Ringback Voltage on Rise at Far-end ; Ringback Voltage on Fall at Far-end ; 10-90 Rise Time at Far-end ; 90-10 Fall Time at Far-end ; Monotonic Rise at Far-end ; Monotonic Fall at Far-end ;
+---------------+--------------+---------------------+---------------------+------------------------------+------------------------------+---------------------+---------------------+--------------------------------------+--------------------------------------+-----------------------------+-----------------------------+----------------------------+----------------------------+-----------------------------+-----------------------------+--------------------+--------------------+-------------------------------------+-------------------------------------+----------------------------+----------------------------+---------------------------+---------------------------+
; byte_out[0]   ; 2.5 V        ; 0 s                 ; 0 s                 ; 2.62 V                       ; 2.74e-08 V                   ; 2.73 V              ; -0.0384 V           ; 0.169 V                              ; 0.089 V                              ; 2.7e-10 s                   ; 2.62e-10 s                  ; Yes                        ; Yes                        ; 2.62 V                      ; 2.74e-08 V                  ; 2.73 V             ; -0.0384 V          ; 0.169 V                             ; 0.089 V                             ; 2.7e-10 s                  ; 2.62e-10 s                 ; Yes                       ; Yes                       ;
; byte_out[1]   ; 2.5 V        ; 0 s                 ; 0 s                 ; 2.62 V                       ; 2.74e-08 V                   ; 2.71 V              ; -0.0317 V           ; 0.148 V                              ; 0.064 V                              ; 4.51e-10 s                  ; 4.15e-10 s                  ; No                         ; Yes                        ; 2.62 V                      ; 2.74e-08 V                  ; 2.71 V             ; -0.0317 V          ; 0.148 V                             ; 0.064 V                             ; 4.51e-10 s                 ; 4.15e-10 s                 ; No                        ; Yes                       ;
; byte_out[2]   ; 2.5 V        ; 0 s                 ; 0 s                 ; 2.62 V                       ; 2.74e-08 V                   ; 2.71 V              ; -0.0317 V           ; 0.148 V                              ; 0.064 V                              ; 4.51e-10 s                  ; 4.15e-10 s                  ; No                         ; Yes                        ; 2.62 V                      ; 2.74e-08 V                  ; 2.71 V             ; -0.0317 V          ; 0.148 V                             ; 0.064 V                             ; 4.51e-10 s                 ; 4.15e-10 s                 ; No                        ; Yes                       ;
; byte_out[3]   ; 2.5 V        ; 0 s                 ; 0 s                 ; 2.62 V                       ; 2.74e-08 V                   ; 2.64 V              ; -0.0117 V           ; 0.202 V                              ; 0.176 V                              ; 2.38e-09 s                  ; 2.22e-09 s                  ; No                         ; Yes                        ; 2.62 V                      ; 2.74e-08 V                  ; 2.64 V             ; -0.0117 V          ; 0.202 V                             ; 0.176 V                             ; 2.38e-09 s                 ; 2.22e-09 s                 ; No                        ; Yes                       ;
; byte_out[4]   ; 2.5 V        ; 0 s                 ; 0 s                 ; 2.62 V                       ; 2.74e-08 V                   ; 2.71 V              ; -0.0317 V           ; 0.148 V                              ; 0.064 V                              ; 4.51e-10 s                  ; 4.15e-10 s                  ; No                         ; Yes                        ; 2.62 V                      ; 2.74e-08 V                  ; 2.71 V             ; -0.0317 V          ; 0.148 V                             ; 0.064 V                             ; 4.51e-10 s                 ; 4.15e-10 s                 ; No                        ; Yes                       ;
; byte_out[5]   ; 2.5 V        ; 0 s                 ; 0 s                 ; 2.62 V                       ; 2.74e-08 V                   ; 2.71 V              ; -0.0317 V           ; 0.148 V                              ; 0.064 V                              ; 4.51e-10 s                  ; 4.15e-10 s                  ; No                         ; Yes                        ; 2.62 V                      ; 2.74e-08 V                  ; 2.71 V             ; -0.0317 V          ; 0.148 V                             ; 0.064 V                             ; 4.51e-10 s                 ; 4.15e-10 s                 ; No                        ; Yes                       ;
; byte_out[6]   ; 2.5 V        ; 0 s                 ; 0 s                 ; 2.62 V                       ; 2.74e-08 V                   ; 2.71 V              ; -0.0317 V           ; 0.148 V                              ; 0.064 V                              ; 4.51e-10 s                  ; 4.15e-10 s                  ; No                         ; Yes                        ; 2.62 V                      ; 2.74e-08 V                  ; 2.71 V             ; -0.0317 V          ; 0.148 V                             ; 0.064 V                             ; 4.51e-10 s                 ; 4.15e-10 s                 ; No                        ; Yes                       ;
; byte_out[7]   ; 2.5 V        ; 0 s                 ; 0 s                 ; 2.62 V                       ; 2.74e-08 V                   ; 2.73 V              ; -0.0384 V           ; 0.169 V                              ; 0.089 V                              ; 2.7e-10 s                   ; 2.62e-10 s                  ; Yes                        ; Yes                        ; 2.62 V                      ; 2.74e-08 V                  ; 2.73 V             ; -0.0384 V          ; 0.169 V                             ; 0.089 V                             ; 2.7e-10 s                  ; 2.62e-10 s                 ; Yes                       ; Yes                       ;
; rx_done       ; 2.5 V        ; 0 s                 ; 0 s                 ; 2.62 V                       ; 2.74e-08 V                   ; 2.71 V              ; -0.0317 V           ; 0.148 V                              ; 0.064 V                              ; 4.51e-10 s                  ; 4.15e-10 s                  ; No                         ; Yes                        ; 2.62 V                      ; 2.74e-08 V                  ; 2.71 V             ; -0.0317 V          ; 0.148 V                             ; 0.064 V                             ; 4.51e-10 s                 ; 4.15e-10 s                 ; No                        ; Yes                       ;
; ~ALTERA_DCLK~ ; 2.5 V        ; 0 s                 ; 0 s                 ; 2.62 V                       ; 2.22e-08 V                   ; 2.74 V              ; -0.06 V             ; 0.158 V                              ; 0.08 V                               ; 2.68e-10 s                  ; 2.19e-10 s                  ; Yes                        ; Yes                        ; 2.62 V                      ; 2.22e-08 V                  ; 2.74 V             ; -0.06 V            ; 0.158 V                             ; 0.08 V                              ; 2.68e-10 s                 ; 2.19e-10 s                 ; Yes                       ; Yes                       ;
; ~ALTERA_nCEO~ ; 2.5 V        ; 0 s                 ; 0 s                 ; 2.62 V                       ; 3.54e-08 V                   ; 2.7 V               ; -0.00943 V          ; 0.276 V                              ; 0.035 V                              ; 3.19e-10 s                  ; 4.99e-10 s                  ; No                         ; Yes                        ; 2.62 V                      ; 3.54e-08 V                  ; 2.7 V              ; -0.00943 V         ; 0.276 V                             ; 0.035 V                             ; 3.19e-10 s                 ; 4.99e-10 s                 ; No                        ; Yes                       ;
+---------------+--------------+---------------------+---------------------+------------------------------+------------------------------+---------------------+---------------------+--------------------------------------+--------------------------------------+-----------------------------+-----------------------------+----------------------------+----------------------------+-----------------------------+-----------------------------+--------------------+--------------------+-------------------------------------+-------------------------------------+----------------------------+----------------------------+---------------------------+---------------------------+


+-------------------------------------------------------------------+
; Setup Transfers                                                   ;
+------------+----------+----------+----------+----------+----------+
; From Clock ; To Clock ; RR Paths ; FR Paths ; RF Paths ; FF Paths ;
+------------+----------+----------+----------+----------+----------+
; clk        ; clk      ; 1251     ; 0        ; 0        ; 0        ;
+------------+----------+----------+----------+----------+----------+
Entries labeled "false path" only account for clock-to-clock false paths and not path-based false paths. As a result, actual path counts may be lower than reported.


+-------------------------------------------------------------------+
; Hold Transfers                                                    ;
+------------+----------+----------+----------+----------+----------+
; From Clock ; To Clock ; RR Paths ; FR Paths ; RF Paths ; FF Paths ;
+------------+----------+----------+----------+----------+----------+
; clk        ; clk      ; 1251     ; 0        ; 0        ; 0        ;
+------------+----------+----------+----------+----------+----------+
Entries labeled "false path" only account for clock-to-clock false paths and not path-based false paths. As a result, actual path counts may be lower than reported.


---------------
; Report TCCS ;
---------------
No dedicated SERDES Transmitter circuitry present in device or used in design


---------------
; Report RSKM ;
---------------
No non-DPA dedicated SERDES Receiver circuitry present in device or used in design


+------------------------------------------------+
; Unconstrained Paths Summary                    ;
+---------------------------------+-------+------+
; Property                        ; Setup ; Hold ;
+---------------------------------+-------+------+
; Illegal Clocks                  ; 0     ; 0    ;
; Unconstrained Clocks            ; 0     ; 0    ;
; Unconstrained Input Ports       ; 5     ; 5    ;
; Unconstrained Input Port Paths  ; 241   ; 241  ;
; Unconstrained Output Ports      ; 9     ; 9    ;
; Unconstrained Output Port Paths ; 9     ; 9    ;
+---------------------------------+-------+------+


+-------------------------------------+
; Clock Status Summary                ;
+--------+-------+------+-------------+
; Target ; Clock ; Type ; Status      ;
+--------+-------+------+-------------+
; clk    ; clk   ; Base ; Constrained ;
+--------+-------+------+-------------+


+----------------------------------------------------------------------------------------------------+
; Unconstrained Input Ports                                                                          ;
+-------------+--------------------------------------------------------------------------------------+
; Input Port  ; Comment                                                                              ;
+-------------+--------------------------------------------------------------------------------------+
; baud_set[0] ; No input delay, min/max delays, false-path exceptions, or max skew assignments found ;
; baud_set[1] ; No input delay, min/max delays, false-path exceptions, or max skew assignments found ;
; baud_set[2] ; No input delay, min/max delays, false-path exceptions, or max skew assignments found ;
; rst_n       ; No input delay, min/max delays, false-path exceptions, or max skew assignments found ;
; uart_rx     ; No input delay, min/max delays, false-path exceptions, or max skew assignments found ;
+-------------+--------------------------------------------------------------------------------------+


+-----------------------------------------------------------------------------------------------------+
; Unconstrained Output Ports                                                                          ;
+-------------+---------------------------------------------------------------------------------------+
; Output Port ; Comment                                                                               ;
+-------------+---------------------------------------------------------------------------------------+
; byte_out[0] ; No output delay, min/max delays, false-path exceptions, or max skew assignments found ;
; byte_out[1] ; No output delay, min/max delays, false-path exceptions, or max skew assignments found ;
; byte_out[2] ; No output delay, min/max delays, false-path exceptions, or max skew assignments found ;
; byte_out[3] ; No output delay, min/max delays, false-path exceptions, or max skew assignments found ;
; byte_out[4] ; No output delay, min/max delays, false-path exceptions, or max skew assignments found ;
; byte_out[5] ; No output delay, min/max delays, false-path exceptions, or max skew assignments found ;
; byte_out[6] ; No output delay, min/max delays, false-path exceptions, or max skew assignments found ;
; byte_out[7] ; No output delay, min/max delays, false-path exceptions, or max skew assignments found ;
; rx_done     ; No output delay, min/max delays, false-path exceptions, or max skew assignments found ;
+-------------+---------------------------------------------------------------------------------------+


+----------------------------------------------------------------------------------------------------+
; Unconstrained Input Ports                                                                          ;
+-------------+--------------------------------------------------------------------------------------+
; Input Port  ; Comment                                                                              ;
+-------------+--------------------------------------------------------------------------------------+
; baud_set[0] ; No input delay, min/max delays, false-path exceptions, or max skew assignments found ;
; baud_set[1] ; No input delay, min/max delays, false-path exceptions, or max skew assignments found ;
; baud_set[2] ; No input delay, min/max delays, false-path exceptions, or max skew assignments found ;
; rst_n       ; No input delay, min/max delays, false-path exceptions, or max skew assignments found ;
; uart_rx     ; No input delay, min/max delays, false-path exceptions, or max skew assignments found ;
+-------------+--------------------------------------------------------------------------------------+


+-----------------------------------------------------------------------------------------------------+
; Unconstrained Output Ports                                                                          ;
+-------------+---------------------------------------------------------------------------------------+
; Output Port ; Comment                                                                               ;
+-------------+---------------------------------------------------------------------------------------+
; byte_out[0] ; No output delay, min/max delays, false-path exceptions, or max skew assignments found ;
; byte_out[1] ; No output delay, min/max delays, false-path exceptions, or max skew assignments found ;
; byte_out[2] ; No output delay, min/max delays, false-path exceptions, or max skew assignments found ;
; byte_out[3] ; No output delay, min/max delays, false-path exceptions, or max skew assignments found ;
; byte_out[4] ; No output delay, min/max delays, false-path exceptions, or max skew assignments found ;
; byte_out[5] ; No output delay, min/max delays, false-path exceptions, or max skew assignments found ;
; byte_out[6] ; No output delay, min/max delays, false-path exceptions, or max skew assignments found ;
; byte_out[7] ; No output delay, min/max delays, false-path exceptions, or max skew assignments found ;
; rx_done     ; No output delay, min/max delays, false-path exceptions, or max skew assignments found ;
+-------------+---------------------------------------------------------------------------------------+


+--------------------------+
; Timing Analyzer Messages ;
+--------------------------+
Info: *******************************************************************
Info: Running Quartus Prime Timing Analyzer
    Info: Version 24.1std.0 Build 1077 03/04/2025 SC Lite Edition
    Info: Processing started: Thu Oct 16 12:36:24 2025
Info: Command: quartus_sta Uart1 -c Uart1
Info: qsta_default_script.tcl version: #1
Warning (18236): Number of processors has not been specified which may cause overloading on shared machines.  Set the global assignment NUM_PARALLEL_PROCESSORS in your QSF to an appropriate value for best performance.
Info (20030): Parallel compilation is enabled and will use 16 of the 16 processors detected
Info (21077): Low junction temperature is 0 degrees C
Info (21077): High junction temperature is 85 degrees C
Critical Warning (332012): Synopsys Design Constraints File file not found: 'Uart1.sdc'. A Synopsys Design Constraints File is required by the Timing Analyzer to get proper timing constraints. Without it, the Compiler will not properly optimize the design.
Info (332142): No user constrained base clocks found in the design. Calling "derive_clocks -period 1.0"
Info (332105): Deriving Clocks
    Info (332105): create_clock -period 1.000 -name clk clk
Info (332143): No user constrained clock uncertainty found in the design. Calling "derive_clock_uncertainty"
Info (332123): Deriving Clock Uncertainty. Please refer to report_sdc in the Timing Analyzer to see clock uncertainties.
Info: Found TIMING_ANALYZER_REPORT_SCRIPT_INCLUDE_DEFAULT_ANALYSIS = ON
Info: Analyzing Slow 1200mV 85C Model
Critical Warning (332148): Timing requirements not met
    Info (11105): For recommendations on closing timing, run Report Timing Closure Recommendations in the Timing Analyzer.
Info (332146): Worst-case setup slack is -2.908
    Info (332119):     Slack       End Point TNS Clock 
    Info (332119): ========= =================== =====================
    Info (332119):    -2.908            -146.315 clk 
Info (332146): Worst-case hold slack is 0.385
    Info (332119):     Slack       End Point TNS Clock 
    Info (332119): ========= =================== =====================
    Info (332119):     0.385               0.000 clk 
Info (332140): No Recovery paths to report
Info (332140): No Removal paths to report
Info (332146): Worst-case minimum pulse width slack is -3.000
    Info (332119):     Slack       End Point TNS Clock 
    Info (332119): ========= =================== =====================
    Info (332119):    -3.000             -74.960 clk 
Info: Analyzing Slow 1200mV 0C Model
Info (334003): Started post-fitting delay annotation
Info (334004): Delay annotation completed successfully
Info (332123): Deriving Clock Uncertainty. Please refer to report_sdc in the Timing Analyzer to see clock uncertainties.
Critical Warning (332148): Timing requirements not met
    Info (11105): For recommendations on closing timing, run Report Timing Closure Recommendations in the Timing Analyzer.
Info (332146): Worst-case setup slack is -2.607
    Info (332119):     Slack       End Point TNS Clock 
    Info (332119): ========= =================== =====================
    Info (332119):    -2.607            -129.916 clk 
Info (332146): Worst-case hold slack is 0.338
    Info (332119):     Slack       End Point TNS Clock 
    Info (332119): ========= =================== =====================
    Info (332119):     0.338               0.000 clk 
Info (332140): No Recovery paths to report
Info (332140): No Removal paths to report
Info (332146): Worst-case minimum pulse width slack is -3.000
    Info (332119):     Slack       End Point TNS Clock 
    Info (332119): ========= =================== =====================
    Info (332119):    -3.000             -74.960 clk 
Info: Analyzing Fast 1200mV 0C Model
Info (332123): Deriving Clock Uncertainty. Please refer to report_sdc in the Timing Analyzer to see clock uncertainties.
Critical Warning (332148): Timing requirements not met
    Info (11105): For recommendations on closing timing, run Report Timing Closure Recommendations in the Timing Analyzer.
Info (332146): Worst-case setup slack is -0.906
    Info (332119):     Slack       End Point TNS Clock 
    Info (332119): ========= =================== =====================
    Info (332119):    -0.906             -42.158 clk 
Info (332146): Worst-case hold slack is 0.173
    Info (332119):     Slack       End Point TNS Clock 
    Info (332119): ========= =================== =====================
    Info (332119):     0.173               0.000 clk 
Info (332140): No Recovery paths to report
Info (332140): No Removal paths to report
Info (332146): Worst-case minimum pulse width slack is -3.000
    Info (332119):     Slack       End Point TNS Clock 
    Info (332119): ========= =================== =====================
    Info (332119):    -3.000             -62.623 clk 
Info (332102): Design is not fully constrained for setup requirements
Info (332102): Design is not fully constrained for hold requirements
Info: Quartus Prime Timing Analyzer was successful. 0 errors, 5 warnings
    Info: Peak virtual memory: 4959 megabytes
    Info: Processing ended: Thu Oct 16 12:36:25 2025
    Info: Elapsed time: 00:00:01
    Info: Total CPU time (on all processors): 00:00:01


